transaction_id,date,time,branch_name,district,channel,transaction_type,card_type,account_type,amount_npr,response_code,response_message,transaction_status,customer_age,customer_gender,processing_time_ms
TXN0000001,2024-01-01,00:43:34,New Baneshwor,Kathmandu,ATM,Mini Statement,Credit Card,Current,0.0,00,Approved,Success,26,Female,1322
TXN0000002,2024-01-01,01:04:46,Dhangadhi Branch,Kailali,Internet Banking,Statement Download,N/A,Savings,0.0,00,Approved,Success,30,,711
TXN0000003,2024-01-01,06:41:33,Hetauda Branch,Makwanpur,ATM,PIN Change,Debit Card,Savings,0.0,00,Approved,Success,58,Female,1633
TXN0000004,2024-01-01,07:46:42,Butwal Branch,Rupandehi,Mobile Banking,Fund Transfer,N/A,Savings,97651.24,00,Approved,Success,56,Female,816
TXN0000005,2024-01-01,08:44:14,Janakpur Branch,Dhanusha,ATM,Mini Statement,Debit Card,Savings,0.0,00,Approved,Success,37,Male,1168
TXN0000006,2024-01-01,10:25:05,Dhangadhi Branch,Kailali,ATM,Balance Inquiry,Debit Card,Savings,0.0,00,Approved,Success,46,Female,1589
TXN0000007,2024-01-01,13:44:20,Dharan Branch,Sunsari,ATM,Mini Statement,Debit Card,Savings,0.0,91,Issuer Unavailable,Timeout,36,Male,888
TXN0000008,2024-01-01,14:29:56,Butwal Branch,Rupandehi,POS,Purchase,Debit Card,Savings,4784.45,00,Approved,Success,18,Female,899
TXN0000009,2024-01-01,14:45:24,New Baneshwor,Kathmandu,Mobile Banking,Balance Inquiry,N/A,Current,0.0,00,Approved,Success,36,Female,987
TXN0000009,2024-01-01,14:45:24,New Baneshwor,Kathmandu,Mobile Banking,Balance Inquiry,N/A,Current,0.0,00,Approved,Success,36,Female,987
TXN0000010,2024-01-01,15:18:49,Biratnagar Main,Morang,POS,Purchase,Debit Card,Savings,469.36,51,Insufficient Funds,Reversed,51,Female,409
TXN0000011,2024-01-01,16:19:49,Lalitpur Branch,Lalitpur,Mobile Banking,Fund Transfer,N/A,Fixed Deposit,4015.81,00,Approved,Success,39,Male,741
TXN0000012,2024-01-01,17:14:03,Dhangadhi Branch,Kailali,Branch Counter,Cash Deposit,N/A,Savings,93842.36,00,Approved,Success,32,Male,740
TXN0000013,2024-01-01,21:07:38,Bharatpur Branch,Chitwan,ATM,PIN Change,Debit Card,Current,0.0,00,Approved,Success,32,Female,1536
TXN0000014,2024-01-02,00:05:45,Janakpur Branch,Dhanusha,Mobile Banking,Fund Transfer,N/A,Savings,86262.87,00,Approved,Success,18,Female,140
TXN0000015,2024-01-02,04:21:11,Birgunj Branch,Parsa,POS,Purchase,Debit Card,Savings,8487.14,00,Approved,Success,58,Female,556
TXN0000016,2024-01-02,07:32:21,Biratnagar Main,Morang,atm,Mini Statement,Debit Card,Savings,0.0,00,Approved,Success,18,Female,1636
TXN0000017,2024-01-02,07:42:27,Lalitpur Branch,Lalitpur,Branch Counter,Account Opening,N/A,Current,0.0,05,Do Not Honor,Timeout,63,Female,177
TXN0000018,2024-01-02,08:39:32,Butwal Branch,Rupandehi,Mobile Banking,QR Payment,N/A,Savings,2418.83,00,Approved,Success,60,Male,80
TXN0000019,2024-01-02,09:05:24,Nepalgunj Branch,Banke,ATM,Balance Inquiry,Debit Card,Savings,0.0,00,Approved,Success,64,Male,1668
TXN0000020,2024-01-02,10:17:04,Lalitpur Branch,Lalitpur,Mobile Banking,Balance Inquiry,N/A,Current,0.0,91,Issuer Unavailable,Failed,18,Male,481
TXN0000021,2024-01-02,10:48:34,Dhangadhi Branch,Kailali,ATM,Mini Statement,Credit Card,Fixed Deposit,0.0,00,Approved,Success,43,Female,1599
TXN0000022,2024-01-02,10:52:20,Kathmandu Main,Kathmandu,ATM,PIN Change,Debit Card,Savings,0.0,51,Insufficient Funds,Timeout,34,Female,80
TXN0000023,2024-01-02,11:15:54,New Baneshwor,Kathmandu,Mobile Banking,QR Payment,N/A,Current,2757.07,00,Approved,Success,35,Female,602
TXN0000024,2024-01-02,12:44:41,Lalitpur Branch,Lalitpur,ATM,Mini Statement,Prepaid Card,Savings,0.0,00,Approved,Success,30,Male,915
TXN0000025,2024-01-02,13:18:28,Bharatpur Branch,Chitwan,Mobile Banking,Bill Payment,N/A,Savings,5536.29,00,Approved,Success,18,Male,90
TXN0000026,2024-01-02,15:15:42,Butwal Branch,Rupandehi,POS,Refund,Prepaid Card,Savings,5250.77,00,Approved,Success,33,Female,656
TXN0000027,2024-01-02,18:18:05,Kathmandu Main,Kathmandu,Mobile Banking,QR Payment,N/A,Savings,4545.09,00,Approved,Success,26,Female,737
TXN0000028,2024-01-02,18:43:24,Biratnagar Main,Morang,ATM,Balance Inquiry,Debit Card,Savings,0.0,00,Approved,Success,33,Male,593
TXN0000029,2024-01-02,19:05:11,Nepalgunj Branch,Banke,Internet Banking,Fund Transfer,N/A,Savings,23507.72,00,Approved,Success,27,Male,293
TXN0000030,2024-01-02,22:23:25,Nepalgunj Branch,Banke,ATM,Balance Inquiry,Debit Card,Savings,0.0,00,Approved,Success,28,Male,825
TXN0000030,2024-01-02,22:23:25,Nepalgunj Branch,Banke,ATM,Balance Inquiry,Debit Card,Savings,0.0,00,Approved,Success,28,Male,825
TXN0000031,2024-01-03,02:48:19,Dhangadhi Branch,Kailali,ATM,Cash Withdrawal,Debit Card,Current,3000.0,00,Approved,Success,48,Female,1338
TXN0000032,2024-01-03,04:16:32,Dhangadhi Branch,Kailali,Internet Banking,Statement Download,N/A,Savings,0.0,00,Approved,Success,46,Male,447
TXN0000033,2024-01-03,11:12:43,JANAKPUR BRANCH,Dhanusha,ATM,PIN Change,Debit Card,Savings,0.0,51,Insufficient Funds,Failed,45,Male,1427
TXN0000034,2024-01-03,12:15:05,Nepalgunj Branch,Banke,POS,Purchase,Debit Card,Savings,7612.82,00,Approved,Success,18,,880
TXN0000035,2024-01-03,12:19:47,Birgunj Branch,Parsa,ATM,Balance Inquiry,Debit Card,Savings,0.0,00,Approved,Success,28,Female,1281
TXN0000036,2024-01-03,13:47:54,Nepalgunj Branch,Banke,POS,Refund,Debit Card,Savings,3163.16,00,Approved,Success,22,Male,829
TXN0000037,2024-01-03,14:27:04,Kathmandu Main,Kathmandu,Mobile Banking,Fund Transfer,N/A,Savings,15290.27,00,Approved,Success,50,Male,224
TXN0000038,2024-01-03,14:48:53,Lalitpur Branch,Lalitpur,Mobile Banking,Mobile Top-up,N/A,Savings,50.0,00,Approved,Success,22,Male,488
TXN0000039,2024-01-03,15:57:04,Butwal Branch,Rupandehi,POS,Purchase,Debit Card,Savings,1284.12,00,Approved,Success,18,Male,492
TXN0000040,2024-01-03,16:51:49,Dhangadhi Branch,Kailali,Mobile Banking,Bill Payment,N/A,Fixed Deposit,9807.2,00,Approved,Success,18,Female,713
TXN0000041,2024-01-03,16:56:38,Butwal Branch,Rupandehi,ATM,PIN Change,Debit Card,Savings,0.0,00,Approved,Success,24,Female,717
TXN0000041,2024-01-03,16:56:38,Butwal Branch,Rupandehi,ATM,PIN Change,Debit Card,Savings,0.0,00,Approved,Success,24,Female,717
TXN0000042,2024-01-03,18:09:45,Butwal Branch,Rupandehi,ATM,PIN Change,Credit Card,Savings,0.0,00,Approved,Success,52,Female,1194
TXN0000043,2024-01-03,19:21:19,Birgunj Branch,Parsa,Mobile Banking,Fund Transfer,N/A,Current,79609.93,00,Approved,Success,47,Female,836
TXN0000044,2024-01-03,20:25:38,New Baneshwor,Kathmandu,Mobile Banking,Balance Inquiry,N/A,Savings,0.0,00,Approved,Success,43,Male,743
TXN0000045,2024-01-03,20:42:32,Hetauda Branch,Makwanpur,ATM,PIN Change,Prepaid Card,Savings,0.0,00,Approved,Success,27,Male,1210
TXN0000046,2024-01-03,23:08:25,Dharan Branch,Sunsari,Branch Counter,Cash Withdrawal,N/A,Savings,3000.0,00,Approved,Success,50,Male,379
TXN0000047,2024-01-04,04:01:12,Bharatpur Branch,Chitwan,ATM,Cash Withdrawal,Debit Card,Savings,2500.0,00,Approved,Success,18,Female,551
TXN0000048,2024-01-04,05:37:34,Dharan Branch,Sunsari,Mobile Banking,QR Payment,N/A,Savings,1379.61,51,Insufficient Funds,Reversed,49,Female,450
TXN0000049,2024-01-04,08:50:02,New Baneshwor,Kathmandu,ATM,Cash Withdrawal,Prepaid Card,Savings,500.0,00,Approved,Success,48,Female,1087
TXN0000050,2024-01-04,08:58:47,Kathmandu Main,Kathmandu,ATM,Mini Statement,Debit Card,Savings,0.0,00,Approved,Success,48,Male,1246
TXN0000051,2024-01-04,09:57:14,Nepalgunj Branch,Banke,Mobile Banking,QR Payment,N/A,Savings,2740.66,00,Approved,Success,52,Male,290
TXN0000052,2024-01-04,12:46:19,Dharan Branch,Sunsari,Mobile Banking,Mobile Top-up,N/A,Savings,100.0,00,Approved,Success,29,Male,732
TXN0000053,2024-01-04,13:01:27,Janakpur Branch,Dhanusha,POS,Refund,Debit Card,Savings,8581.98,00,Approved,Success,48,Female,660
TXN0000054,2024-01-04,13:52:55,Pokhara Lakeside,Kaski,ATM,PIN Change,Debit Card,Savings,0.0,00,Approved,Success,24,Male,945
TXN0000055,2024-01-04,14:14:39,Nepalgunj Branch,Banke,ATM,Balance Inquiry,Debit Card,Savings,0.0,00,Approved,Success,65,Female,1483
TXN0000056,2024-01-04,16:46:12,Itahari Branch,Sunsari,Branch Counter,Cash Deposit,N/A,Savings,117695.81,00,Approved,Success,38,Female,639
TXN0000057,2024-01-04,17:21:21,Biratnagar Main,Morang,ATM,Mini Statement,Debit Card,Savings,0.0,00,Approved,Success,30,Female,874
TXN0000058,2024-01-04,23:43:55,Butwal Branch,Rupandehi,ATM,Mini Statement,Credit Card,Savings,0.0,00,Approved,Success,39,Female,1500
TXN0000059,2024-01-05,00:11:02,New Baneshwor,Kathmandu,ATM,PIN Change,Debit Card,Current,0.0,00,Approved,Success,32,Male,982
TXN0000060,2024-01-05,01:22:13,Pokhara Lakeside,Kaski,ATM,PIN Change,Debit Card,Current,0.0,00,Approved,Success,33,Male,1183
TXN0000061,2024-01-05,04:39:18,Lalitpur Branch,Lalitpur,ATM,Mini Statement,Debit Card,Savings,0.0,00,Approved,Success,33,Male,1576
TXN0000062,2024-01-05,05:47:59,Bhaktapur Branch,Bhaktapur,ATM,Mini Statement,Debit Card,Savings,0.0,00,Approved,Success,43,Female,878
TXN0000063,2024-01-05,07:45:18,New Baneshwor,Kathmandu,Mobile Banking,Balance Inquiry,N/A,Savings,0.0,00,Approved,Success,18,Male,402
TXN0000064,2024-01-05,08:33:43,Butwal Branch,Rupandehi,POS,Purchase,Debit Card,Savings,14503.14,00,Approved,Success,43,Female,902
TXN0000065,2024-01-05,10:30:44,Hetauda Branch,Makwanpur,Mobile Banking,QR Payment,N/A,Savings,3620.04,00,Approved,Success,20,Male,900
TXN0000066,2024-01-05,10:46:17,Kathmandu Main,Kathmandu,Mobile Banking,Mobile Top-up,N/A,Savings,50.0,00,Approved,Success,29,Female,1150
TXN0000067,2024-01-05,11:23:44,Nepalgunj Branch,Banke,Branch Counter,Account Opening,N/A,Current,0.0,00,Approved,Success,41,Male,686
TXN0000068,2024-01-05,12:33:09,Lalitpur Branch,Lalitpur,Mobile Banking,QR Payment,N/A,Current,1490.03,00,Approved,Success,53,Male,208
TXN0000069,2024-01-05,13:10:09,Itahari Branch,Sunsari,ATM,PIN Change,Prepaid Card,Current,0.0,00,Approved,Success,18,Female,1122
TXN0000070,2024-01-05,13:53:38,Kathmandu Main,Kathmandu,ATM,Balance Inquiry,Debit Card,Fixed Deposit,0.0,00,Approved,Success,51,Male,1631
TXN0000071,2024-01-05,14:13:20,Kathmandu Main,Kathmandu,POS,Refund,Debit Card,Savings,6792.29,00,Approved,Success,18,Female,379
TXN0000072,2024-01-05,15:02:21,Biratnagar Main,Morang,ATM,Balance Inquiry,Debit Card,Savings,0.0,00,Approved,Success,47,Female,80
TXN0000073,2024-01-05,15:57:27,Butwal Branch,Rupandehi,Branch Counter,Cash Deposit,N/A,Current,141524.8,00,Approved,Success,26,Female,510
TXN0000074,2024-01-05,16:28:51,Hetauda Branch,Makwanpur,ATM,PIN Change,Debit Card,Current,0.0,00,Approved,Success,30,Male,1385
TXN0000075,2024-01-05,16:36:32,Itahari Branch,Sunsari,POS,Refund,Debit Card,Savings,9481.94,00,Approved,Success,45,Male,980
TXN0000076,2024-01-05,17:21:12,Bharatpur Branch,Chitwan,POS,Purchase,Debit Card,Current,8435.8,00,Approved,Success,18,Male,1169
TXN0000077,2024-01-05,19:35:33,Biratnagar Main,Morang,Mobile Banking,Fund Transfer,N/A,Current,34402.25,00,Approved,Success,38,Female,708
TXN0000078,2024-01-05,19:58:28,Birgunj Branch,Parsa,ATM,Mini Statement,Debit Card,Savings,0.0,00,Approved,Success,25,Male,1798
TXN0000079,2024-01-06,02:42:42,Hetauda Branch,Makwanpur,ATM,Mini Statement,Debit Card,Savings,0.0,00,Approved,Success,18,Female,1601
TXN0000080,2024-01-06,04:03:44,Nepalgunj Branch,Banke,ATM,Balance Inquiry,Credit Card,Savings,0.0,00,Approved,Success,32,Female,1386
TXN0000081,2024-01-06,07:22:40,Dhangadhi Branch,Kailali,ATM,Balance Inquiry,Prepaid Card,Savings,0.0,00,Approved,Success,18,Female,1157
TXN0000082,2024-01-06,09:51:14,Dhangadhi Branch,Kailali,Mobile Banking,Balance Inquiry,N/A,Savings,0.0,00,Approved,Success,36,Male,654
TXN0000083,2024-01-06,09:51:51,Bhaktapur Branch,Bhaktapur,POS,Refund,Debit Card,Savings,7849.44,00,Approved,Success,31,Female,561
TXN0000084,2024-01-06,09:53:03,Nepalgunj Branch,Banke,ATM,Balance Inquiry,Debit Card,Savings,0.0,00,Approved,Success,48,Female,627
TXN0000085,2024-01-06,10:50:06,Bharatpur Branch,Chitwan,Internet Banking,Fund Transfer,N/A,Fixed Deposit,54445.05,00,Approved,Success,48,Female,553
TXN0000086,2024-01-06,14:06:06,Janakpur Branch,Dhanusha,POS,Refund,Debit Card,Savings,1102.65,00,Approved,Success,33,Female,548
TXN0000087,2024-01-06,16:38:33,Bharatpur Branch,Chitwan,Mobile Banking,Fund Transfer,N/A,Savings,68609.97,00,Approved,Success,34,Female,439
TXN0000088,2024-01-06,17:15:08,Itahari Branch,Sunsari,Internet Banking,Bill Payment,N/A,Current,11440.62,00,Approved,Success,32,Male,530
TXN0000089,2024-01-06,21:04:07,Kathmandu Main,Kathmandu,ATM,PIN Change,Debit Card,Current,0.0,00,Approved,Success,37,Female,1682
TXN0000090,2024-01-06,21:26:17,Janakpur Branch,Dhanusha,Mobile Banking,Mobile Top-up,N/A,Savings,1000.0,00,Approved,Success,26,Female,1042
TXN0000091,2024-01-06,21:51:45,Kathmandu Main,Kathmandu,ATM,Mini Statement,Credit Card,Savings,0.0,00,Approved,Success,55,Female,856
TXN0000092,2024-01-06,23:41:46,Birgunj Branch,Parsa,ATM,Balance Inquiry,Debit Card,Savings,0.0,00,Approved,Success,29,Female,1118
TXN0000093,2024-01-07,04:37:01,Janakpur Branch,Dhanusha,POS,Refund,Credit Card,Savings,4566.44,00,Approved,Success,29,Female,280
TXN0000094,2024-01-07,08:11:10,Kathmandu Main,Kathmandu,ATM,PIN Change,Credit Card,Savings,0.0,00,Approved,Success,35,Female,1113
TXN0000095,2024-01-07,08:29:05,Birgunj Branch,Parsa,ATM,Balance Inquiry,Prepaid Card,Savings,0.0,00,Approved,Success,39,Female,1081
TXN0000096,2024-01-07,08:29:54,Biratnagar Main,Morang,Mobile Banking,Mobile Top-up,N/A,Savings,200.0,00,Approved,Success,37,Female,599
TXN0000097,2024-01-07,09:43:51,Janakpur Branch,Dhanusha,Internet Banking,Fund Transfer,N/A,Savings,24569.59,00,Approved,Success,18,Male,774
TXN0000098,2024-01-07,09:48:51,Kathmandu Main,Kathmandu,Internet Banking,Fund Transfer,N/A,Savings,79196.24,00,Approved,Success,42,Male,685
TXN0000099,2024-01-07,12:09:06,Itahari Branch,Sunsari,Internet Banking,Statement Download,N/A,Savings,0.0,00,Approved,Success,18,,402
TXN0000100,2024-01-07,12:47:35,Bharatpur Branch,Chitwan,Branch Counter,Fund Transfer,N/A,Current,95899.57,00,Approved,Success,30,Male,513
TXN0000101,2024-01-07,13:46:53,Birgunj Branch,Parsa,Branch Counter,Cash Deposit,N/A,Savings,183308.51,00,Approved,Success,27,Male,258
TXN0000102,2024-01-07,13:53:57,Bhaktapur Branch,Bhaktapur,POS,Purchase,Debit Card,Fixed Deposit,8722.62,00,Approved,Success,35,Male,726
TXN0000103,2024-01-07,14:50:45,Janakpur Branch,Dhanusha,Mobile Banking,Balance Inquiry,N/A,Savings,0.0,00,Approved,Success,73,Male,522
TXN0000104,2024-01-07,16:19:45,Lalitpur Branch,Lalitpur,Mobile Banking,Mobile Top-up,N/A,Savings,500.0,00,Approved,Success,39,Female,922
TXN0000105,2024-01-07,17:50:45,Hetauda Branch,Makwanpur,Internet Banking,Bill Payment,N/A,Savings,10710.28,00,Approved,Success,36,Female,516
TXN0000106,2024-01-07,20:36:49,Dhangadhi Branch,Kailali,Mobile Banking,QR Payment,N/A,Savings,2126.99,00,Approved,Success,44,Male,867
TXN0000107,2024-01-08,10:22:56,Dhangadhi Branch,Kailali,POS,Purchase,Debit Card,Savings,7376.66,00,Approved,Success,21,Male,979
TXN0000108,2024-01-08,11:00:04,Bhaktapur Branch,Bhaktapur,ATM,Cash Withdrawal,Credit Card,Savings,15000.0,00,Approved,Success,30,Female,744
TXN0000109,2024-01-08,12:31:14,Birgunj Branch,Parsa,Internet Banking,Bill Payment,N/A,Fixed Deposit,3949.14,00,Approved,Success,74,Female,940
TXN0000110,2024-01-08,13:06:42,Birgunj Branch,Parsa,ATM,Balance Inquiry,Credit Card,Savings,0.0,00,Approved,Success,40,Female,1397
TXN0000111,2024-01-08,13:06:44,New Baneshwor,Kathmandu,ATM,Balance Inquiry,Debit Card,Savings,0.0,00,Approved,Success,42,Female,1283
TXN0000112,2024-01-08,13:52:28,Bhaktapur Branch,Bhaktapur,Internet Banking,Bill Payment,N/A,Savings,3609.01,00,Approved,Success,49,Female,641
TXN0000113,2024-01-08,14:52:36,Biratnagar Main,Morang,ATM,Cash Withdrawal,Credit Card,Savings,3000.0,00,Approved,Success,18,Male,1295
TXN0000114,2024-01-08,17:47:41,Dharan Branch,Sunsari,ATM,Cash Withdrawal,Debit Card,Current,10000.0,00,Approved,Success,33,Female,1328
TXN0000115,2024-01-08,18:59:13,Birgunj Branch,Parsa,ATM,Balance Inquiry,Debit Card,Savings,0.0,00,Approved,Success,37,Male,1517
TXN0000116,2024-01-08,22:57:52,Dharan Branch,Sunsari,ATM,Mini Statement,Debit Card,Savings,0.0,00,Approved,Success,34,Male,1024
TXN0000117,2024-01-09,06:20:24,BHAKTAPUR BRANCH,Bhaktapur,ATM,Balance Inquiry,Credit Card,Current,0.0,00,Approved,Success,47,Male,698
TXN0000118,2024-01-09,09:11:26,Itahari Branch,Sunsari,Mobile Banking,Balance Inquiry,N/A,Current,0.0,00,Approved,Success,27,Male,625
TXN0000119,2024-01-09,09:12:44,Bharatpur Branch,Chitwan,Branch Counter,Fund Transfer,N/A,Savings,22327.71,00,Approved,Success,36,Female,930
TXN0000120,2024-01-09,09:30:18,Bharatpur Branch,Chitwan,ATM,Cash Withdrawal,Debit Card,Savings,2000.0,00,Approved,Success,40,Male,1315
TXN0000121,2024-01-09,09:44:05,Lalitpur Branch,Lalitpur,ATM,PIN Change,Debit Card,Savings,0.0,00,Approved,Success,33,Female,1336
TXN0000122,2024-01-09,09:57:21,Butwal Branch,Rupandehi,POS,Purchase,Debit Card,Current,4753.38,51,Insufficient Funds,Timeout,40,Male,606
TXN0000123,2024-01-09,11:23:07,Biratnagar Main,Morang,POS,Refund,Debit Card,Savings,7466.61,00,Approved,Success,20,Female,655
TXN0000124,2024-01-09,11:32:50,Nepalgunj Branch,Banke,Mobile Banking,Balance Inquiry,N/A,Savings,0.0,00,Approved,Success,29,Male,289
TXN0000125,2024-01-09,11:49:06,Itahari Branch,Sunsari,Internet Banking,Balance Inquiry,N/A,Savings,0.0,00,Approved,Success,18,Male,732
TXN0000126,2024-01-09,12:58:29,Dhangadhi Branch,Kailali,ATM,Balance Inquiry,Debit Card,Savings,0.0,55,Incorrect PIN,Timeout,40,Male,1227
TXN0000127,2024-01-09,16:42:42,Janakpur Branch,Dhanusha,POS,Refund,Debit Card,Savings,4899.03,00,Approved,Success,19,Male,536
TXN0000128,2024-01-09,17:07:24,Birgunj Branch,Parsa,ATM,Cash Withdrawal,Credit Card,Fixed Deposit,2000.0,00,Approved,Success,36,Female,1073
TXN0000129,2024-01-09,17:41:53,Biratnagar Main,Morang,POS,Purchase,Debit Card,Savings,5325.67,00,Approved,Success,36,Male,593
TXN0000130,2024-01-09,18:07:20,Janakpur Branch,Dhanusha,Mobile Banking,Balance Inquiry,N/A,Savings,0.0,00,Approved,Success,48,Female,588
TXN0000131,2024-01-09,18:59:24,Hetauda Branch,Makwanpur,POS,Refund,Debit Card,Savings,9889.8,00,Approved,Success,29,Male,425
TXN0000132,2024-01-09,22:42:52,Kathmandu Main,Kathmandu,POS,Purchase,Debit Card,Savings,7557.51,00,Approved,Success,31,Male,204
TXN0000133,2024-01-10,02:48:57,Nepalgunj Branch,Banke,Mobile Banking,QR Payment,N/A,Savings,3220.93,00,Approved,Success,18,Male,210
TXN0000134,2024-01-10,07:34:45,Pokhara Lakeside,Kaski,Internet Banking,Statement Download,N/A,Savings,0.0,00,Approved,Success,42,Female,321
TXN0000135,2024-01-10,07:56:53,Dhangadhi Branch,Kailali,ATM,PIN Change,Debit Card,Savings,0.0,00,Approved,Success,37,Female,615
TXN0000136,2024-01-10,08:11:21,Lalitpur Branch,Lalitpur,ATM,PIN Change,Credit Card,Current,0.0,00,Approved,Success,32,Male,1497
TXN0000137,2024-01-10,08:21:35,Itahari Branch,Sunsari,POS,Refund,Debit Card,Savings,6751.49,00,Approved,Success,23,Female,538
TXN0000138,2024-01-10,10:45:16,Birgunj Branch,Parsa,ATM,PIN Change,Debit Card,Savings,0.0,00,Approved,Success,40,Male,1096
TXN0000139,2024-01-10,11:16:08,Dharan Branch,Sunsari,Mobile Banking,Bill Payment,N/A,Savings,5419.82,05,Do Not Honor,Reversed,32,Female,714
TXN0000140,2024-01-10,12:03:32,Lalitpur Branch,Lalitpur,Mobile Banking,Fund Transfer,N/A,Savings,41026.07,00,Approved,Success,29,Female,465
TXN0000141,2024-01-10,13:42:31,Butwal Branch,Rupandehi,ATM,Mini Statement,Debit Card,Savings,0.0,00,Approved,Success,28,Female,938
TXN0000142,2024-01-10,14:08:49,Lalitpur Branch,Lalitpur,Mobile Banking,Balance Inquiry,N/A,Savings,0.0,61,Exceeds Withdrawal Limit,Timeout,47,Male,977
TXN0000143,2024-01-10,14:14:05,Butwal Branch,Rupandehi,ATM,Cash Withdrawal,Credit Card,Savings,10000.0,00,Approved,Success,33,Female,667
TXN0000144,2024-01-10,15:07:13,Bharatpur Branch,Chitwan,ATM,Mini Statement,Debit Card,Current,0.0,00,Approved,Success,32,Female,1340
TXN0000145,2024-01-10,15:27:41,Butwal Branch,Rupandehi,POS,Refund,Debit Card,Current,574.96,00,Approved,Success,18,Female,378
TXN0000146,2024-01-10,16:40:11,Dharan Branch,Sunsari,ATM,Mini Statement,Credit Card,Savings,0.0,00,Approved,Success,32,Male,430
TXN0000147,2024-01-10,17:30:21,Butwal Branch,Rupandehi,Mobile Banking,Mobile Top-up,N/A,Savings,1000.0,00,Approved,Success,54,Female,532
TXN0000148,2024-01-10,18:22:20,Birgunj Branch,Parsa,Internet Banking,Balance Inquiry,N/A,Savings,0.0,00,Approved,Success,52,Female,869
TXN0000149,2024-01-10,18:39:43,Dhangadhi Branch,Kailali,ATM,PIN Change,Debit Card,Current,0.0,00,Approved,Success,18,Male,1359
TXN0000150,2024-01-10,19:35:13,Bharatpur Branch,Chitwan,ATM,PIN Change,Debit Card,Savings,0.0,00,Approved,Success,21,Female,861
TXN0000151,2024-01-10,21:39:09,Bhaktapur Branch,Bhaktapur,Mobile Banking,Mobile Top-up,N/A,Savings,100.0,00,Approved,Success,27,Female,672
TXN0000152,2024-01-10,22:20:20,Janakpur Branch,Dhanusha,ATM,Balance Inquiry,Debit Card,Savings,0.0,00,Approved,Success,36,Male,533
TXN0000153,2024-01-10,22:36:46,Hetauda Branch,Makwanpur,ATM,Mini Statement,Credit Card,Savings,0.0,00,Approved,Success,36,Female,1836
TXN0000154,2024-01-11,04:25:44,Biratnagar Main,Morang,mobile banking,Mobile Top-up,N/A,Current,100.0,00,Approved,Success,19,Female,419
TXN0000155,2024-01-11,08:44:31,Biratnagar Main,Morang,Mobile Banking,Bill Payment,N/A,Savings,7459.91,00,Approved,Success,49,Male,296
TXN0000156,2024-01-11,09:24:09,Bharatpur Branch,Chitwan,Mobile Banking,Fund Transfer,N/A,Savings,51398.47,00,Approved,Success,51,Male,1028
TXN0000157,2024-01-11,10:33:16,Nepalgunj Branch,Banke,ATM,PIN Change,Debit Card,Current,0.0,00,Approved,Success,42,Female,946
TXN0000158,2024-01-11,10:51:17,Kathmandu Main,Kathmandu,ATM,PIN Change,Debit Card,Savings,0.0,00,Approved,Success,32,Female,564
TXN0000159,2024-01-11,10:52:09,Hetauda Branch,Makwanpur,POS,Purchase,Debit Card,Savings,11869.67,00,Approved,Success,21,Female,429
TXN0000160,2024-01-11,11:05:14,Kathmandu Main,Kathmandu,Mobile Banking,QR Payment,N/A,Savings,3386.06,00,Approved,Success,24,Female,994
TXN0000161,2024-01-11,11:47:05,Hetauda Branch,Makwanpur,ATM,PIN Change,Credit Card,Fixed Deposit,0.0,00,Approved,Success,50,Female,1301
TXN0000162,2024-01-11,13:54:25,Itahari Branch,Sunsari,Mobile Banking,QR Payment,N/A,Savings,4199.98,00,Approved,Success,41,Female,343
TXN0000163,2024-01-11,14:25:22,Birgunj Branch,Parsa,Internet Banking,Fund Transfer,N/A,Current,49811.15,00,Approved,Success,21,Male,457
TXN0000164,2024-01-11,16:37:14,Bhaktapur Branch,Bhaktapur,POS,Purchase,Debit Card,Savings,9509.55,00,Approved,Success,18,Female,797
TXN0000165,2024-01-11,17:19:44,Dharan Branch,Sunsari,ATM,Balance Inquiry,Debit Card,Savings,0.0,00,Approved,Success,21,Female,1022
TXN0000166,2024-01-11,18:00:52,Dhangadhi Branch,Kailali,Mobile Banking,Fund Transfer,N/A,Current,78900.77,00,Approved,Success,52,Female,607
TXN0000167,2024-01-11,18:48:42,Hetauda Branch,Makwanpur,Mobile Banking,QR Payment,N/A,Savings,1809.69,00,Approved,Success,57,Female,861
TXN0000168,2024-01-11,20:04:25,Hetauda Branch,Makwanpur,ATM,Balance Inquiry,Debit Card,Savings,0.0,00,Approved,Success,43,Female,954
TXN0000169,2024-01-12,01:22:48,New Baneshwor,Kathmandu,Mobile Banking,Mobile Top-up,N/A,Current,200.0,51,Insufficient Funds,Timeout,28,Male,401
TXN0000170,2024-01-12,07:11:55,Butwal Branch,Rupandehi,Mobile Banking,Balance Inquiry,N/A,Savings,0.0,00,Approved,Success,38,Female,639
TXN0000171,2024-01-12,09:10:11,Itahari Branch,Sunsari,Branch Counter,Cash Deposit,N/A,Savings,109590.11,00,Approved,Success,35,Female,578
TXN0000172,2024-01-12,10:06:01,Pokhara Lakeside,Kaski,ATM,Cash Withdrawal,Debit Card,Current,20000.0,00,Approved,Success,47,Male,1351
TXN0000173,2024-01-12,10:08:39,Nepalgunj Branch,Banke,POS,Refund,Debit Card,Savings,5815.28,00,Approved,Success,31,Female,1014
TXN0000174,2024-01-12,10:28:24,Bharatpur Branch,Chitwan,Mobile Banking,QR Payment,N/A,Current,478.3,00,Approved,Success,62,Female,823
TXN0000175,2024-01-12,11:05:31,Birgunj Branch,Parsa,ATM,Balance Inquiry,Prepaid Card,Current,0.0,00,Approved,Success,30,Male,1774
TXN0000176,2024-01-12,11:14:13,  Dhangadhi Branch  ,Kailali,ATM,Balance Inquiry,Debit Card,Current,0.0,00,Approved,Success,22,Female,1253
TXN0000177,2024-01-12,16:09:22,Bhaktapur Branch,Bhaktapur,Mobile Banking,Mobile Top-up,N/A,Savings,50.0,00,Approved,Success,33,Male,679
TXN0000178,2024-01-12,16:37:43,Bhaktapur Branch,Bhaktapur,POS,Purchase,Debit Card,Savings,2368.79,00,Approved,Success,31,Female,445
TXN0000179,2024-01-12,18:55:00,Bhaktapur Branch,Bhaktapur,POS,Refund,Debit Card,Current,6372.66,55,Incorrect PIN,Timeout,51,Female,575
TXN0000180,2024-01-12,19:30:49,Butwal Branch,Rupandehi,Mobile Banking,Bill Payment,N/A,Current,3382.91,00,Approved,Success,48,Female,650
TXN0000181,2024-01-12,20:11:00,Butwal Branch,Rupandehi,ATM,Cash Withdrawal,Debit Card,Current,500.0,00,Approved,Success,27,Female,1408
TXN0000182,2024-01-12,21:12:08,Janakpur Branch,Dhanusha,ATM,Mini Statement,Debit Card,Savings,0.0,00,Approved,Success,44,Female,1455
TXN0000183,2024-01-13,02:27:51,Itahari Branch,Sunsari,Branch Counter,Cash Withdrawal,N/A,Savings,1000.0,51,Insufficient Funds,Failed,40,Male,785
TXN0000184,2024-01-13,04:00:19,Biratnagar Main,Morang,Mobile Banking,QR Payment,N/A,Savings,4940.14,00,Approved,Success,49,Female,987
TXN0000185,2024-01-13,08:17:42,Bharatpur Branch,Chitwan,ATM,Mini Statement,Debit Card,Savings,0.0,00,Approved,Success,41,,1034
TXN0000185,2024-01-13,08:17:42,Bharatpur Branch,Chitwan,ATM,Mini Statement,Debit Card,Savings,0.0,00,Approved,Success,41,,1034
TXN0000186,2024-01-13,08:20:10,Bhaktapur Branch,Bhaktapur,ATM,PIN Change,Debit Card,Current,0.0,00,Approved,Success,25,Female,1242
TXN0000187,2024-01-13,08:33:46,Itahari Branch,Sunsari,Branch Counter,Fund Transfer,N/A,Current,73973.58,00,Approved,Success,23,Male,716
TXN0000188,2024-01-13,10:01:34,Nepalgunj Branch,Banke,ATM,Cash Withdrawal,Debit Card,Current,500.0,00,Approved,Success,18,Female,1417
TXN0000189,2024-01-13,10:10:00,Biratnagar Main,Morang,Mobile Banking,Bill Payment,N/A,Savings,8069.04,00,Approved,Success,45,Female,333
TXN0000190,2024-01-13,10:35:15,DHARAN BRANCH,Sunsari,ATM,Balance Inquiry,Credit Card,Savings,0.0,00,Approved,Success,40,Male,1283
TXN0000191,2024-01-13,11:18:42,Butwal Branch,Rupandehi,Mobile Banking,QR Payment,N/A,Savings,2532.02,00,Approved,Success,33,Male,213
TXN0000192,2024-01-13,12:27:28,Bhaktapur Branch,Bhaktapur,ATM,PIN Change,Credit Card,Savings,0.0,00,Approved,Success,21,Male,1510
TXN0000193,2024-01-13,12:56:18,Pokhara Lakeside,Kaski,Mobile Banking,Fund Transfer,N/A,Savings,89064.93,00,Approved,Success,27,Female,707
TXN0000194,2024-01-13,15:47:03,Dharan Branch,Sunsari,Mobile Banking,Bill Payment,N/A,Fixed Deposit,382.93,00,Approved,Success,39,Male,164
TXN0000195,2024-01-13,16:23:04,New Baneshwor,Kathmandu,ATM,Cash Withdrawal,Credit Card,Savings,500.0,00,Approved,Success,32,Female,1113
TXN0000196,2024-01-13,16:37:37,New Baneshwor,Kathmandu,ATM,Mini Statement,Debit Card,Savings,0.0,14,Invalid Card,Reversed,41,Male,1277
TXN0000197,2024-01-13,16:38:46,Janakpur Branch,Dhanusha,Mobile Banking,QR Payment,N/A,Savings,4599.46,00,Approved,Success,29,Male,495
TXN0000198,2024-01-13,17:05:27,Butwal Branch,Rupandehi,ATM,PIN Change,Debit Card,Savings,0.0,00,Approved,Success,30,Female,664
TXN0000199,2024-01-13,17:38:15,Dharan Branch,Sunsari,Mobile Banking,Mobile Top-up,N/A,Savings,50.0,00,Approved,Success,23,Female,658
TXN0000200,2024-01-13,17:56:32,Bhaktapur Branch,Bhaktapur,Internet Banking,Balance Inquiry,N/A,Savings,0.0,00,Approved,Success,52,Female,450
TXN0000201,2024-01-14,05:26:49,Kathmandu Main,Kathmandu,ATM,Cash Withdrawal,Debit Card,Savings,2500.0,00,Approved,Success,31,Female,1086
TXN0000202,2024-01-14,08:34:57,New Baneshwor,Kathmandu,Branch Counter,Account Opening,N/A,Savings,0.0,00,Approved,Success,32,Female,776
TXN0000203,2024-01-14,09:29:17,Biratnagar Main,Morang,POS,Purchase,Debit Card,Current,10490.35,00,Approved,Success,30,Male,1137
TXN0000204,2024-01-14,09:33:37,Itahari Branch,Sunsari,Mobile Banking,Fund Transfer,N/A,Current,17273.28,00,Approved,Success,31,Male,519
TXN0000205,2024-01-14,12:09:00,Itahari Branch,Sunsari,ATM,Cash Withdrawal,Prepaid Card,Current,20000.0,00,Approved,Success,27,Female,1841
TXN0000206,2024-01-14,12:24:20,Biratnagar Main,Morang,POS,Purchase,Debit Card,Savings,6100.59,00,Approved,Success,44,Male,924
TXN0000207,2024-01-14,14:26:30,Kathmandu Main,Kathmandu,ATM,Mini Statement,Debit Card,Current,0.0,00,Approved,Success,29,Female,1874
TXN0000208,2024-01-14,14:37:19,Butwal Branch,Rupandehi,Mobile Banking,QR Payment,N/A,Current,1023.56,00,Approved,Success,35,Male,427
TXN0000209,2024-01-14,15:44:51,Itahari Branch,Sunsari,pos,Refund,Credit Card,Savings,5508.38,00,Approved,Success,18,Female,138
TXN0000210,2024-01-14,17:09:39,Janakpur Branch,Dhanusha,POS,Refund,Debit Card,Savings,3268.08,91,Issuer Unavailable,Timeout,37,Male,80
TXN0000211,2024-01-14,17:28:15,Dharan Branch,Sunsari,POS,Purchase,Debit Card,Savings,1636.69,00,Approved,Success,43,Male,746
TXN0000212,2024-01-14,17:32:35,Itahari Branch,Sunsari,ATM,PIN Change,Debit Card,Savings,0.0,55,Incorrect PIN,Failed,34,Male,1564
TXN0000213,2024-01-15,07:46:36,Nepalgunj Branch,Banke,Mobile Banking,Bill Payment,N/A,Current,6392.11,00,Approved,Success,18,Male,758
TXN0000214,2024-01-15,09:41:44,Pokhara Lakeside,Kaski,POS,Refund,Debit Card,Current,1300.26,00,Approved,Success,35,Male,397
TXN0000215,2024-01-15,09:57:37,Kathmandu Main,Kathmandu,Internet Banking,Fund Transfer,N/A,Savings,39570.71,91,Issuer Unavailable,Timeout,37,Male,808
TXN0000216,2024-01-15,10:21:01,Birgunj Branch,Parsa,ATM,Balance Inquiry,Debit Card,Savings,0.0,00,Approved,Success,47,Male,1657
TXN0000217,2024-01-15,14:19:30,Bhaktapur Branch,Bhaktapur,ATM,Mini Statement,Debit Card,Savings,0.0,00,Approved,Success,59,Female,1358
TXN0000218,2024-01-15,14:51:43,Dharan Branch,Sunsari,POS,Purchase,Debit Card,Savings,11612.9,00,Approved,Success,24,Female,412
TXN0000219,2024-01-15,17:32:25,Biratnagar Main,Morang,ATM,Balance Inquiry,Credit Card,Savings,0.0,00,Approved,Success,29,Female,1404
TXN0000220,2024-01-15,17:39:24,Nepalgunj Branch,Banke,ATM,PIN Change,Debit Card,Savings,0.0,00,Approved,Success,24,Male,658
TXN0000221,2024-01-15,17:43:45,Kathmandu Main,Kathmandu,Mobile Banking,Fund Transfer,N/A,Savings,55633.31,00,Approved,Success,21,Male,456
TXN0000222,2024-01-15,17:45:26,BHAKTAPUR BRANCH,Bhaktapur,ATM,Cash Withdrawal,Debit Card,Savings,2000.0,00,Approved,Success,23,Female,925
TXN0000223,2024-01-15,17:52:29,Birgunj Branch,Parsa,ATM,Mini Statement,Prepaid Card,Savings,0.0,00,Approved,Success,36,Male,1425
TXN0000224,2024-01-15,18:19:38,Birgunj Branch,Parsa,ATM,Balance Inquiry,Debit Card,Fixed Deposit,0.0,00,Approved,Success,51,Male,933
TXN0000225,2024-01-15,19:39:37,New Baneshwor,Kathmandu,ATM,PIN Change,Debit Card,Savings,0.0,00,Approved,Success,36,Female,1674
TXN0000226,2024-01-16,07:10:36,  Hetauda Branch  ,Makwanpur,POS,Purchase,Debit Card,Savings,8332.03,51,Insufficient Funds,Reversed,18,Male,830
TXN0000227,2024-01-16,08:55:57,Itahari Branch,Sunsari,ATM,Mini Statement,Debit Card,Savings,0.0,00,Approved,Success,56,Male,1276
TXN0000228,2024-01-16,10:29:52,Nepalgunj Branch,Banke,ATM,PIN Change,Debit Card,Savings,0.0,00,Approved,Success,41,Male,953
TXN0000229,2024-01-16,11:25:56,BUTWAL BRANCH,Rupandehi,Internet Banking,Bill Payment,N/A,Savings,10990.57,00,Approved,Success,43,Male,805
TXN0000230,2024-01-16,11:38:17,Lalitpur Branch,Lalitpur,branch counter,Account Opening,N/A,Savings,0.0,00,Approved,Success,24,Male,765
TXN0000231,2024-01-16,11:47:09,Nepalgunj Branch,Banke,Mobile Banking,Balance Inquiry,N/A,Savings,0.0,00,Approved,Success,29,Male,433
TXN0000232,2024-01-16,14:20:10,Dharan Branch,Sunsari,ATM,Mini Statement,Debit Card,Savings,0.0,00,Approved,Success,37,Male,823
TXN0000233,2024-01-16,14:47:39,Pokhara Lakeside,Kaski,Internet Banking,Statement Download,N/A,Savings,0.0,00,Approved,Success,49,Male,603
TXN0000234,2024-01-16,15:19:15,Dharan Branch,Sunsari,POS,Purchase,Debit Card,Savings,1608.74,00,Approved,Success,41,Female,959
TXN0000235,2024-01-16,15:36:21,Bharatpur Branch,Chitwan,POS,Refund,Debit Card,Savings,3599.55,00,Approved,Success,18,Male,807
TXN0000236,2024-01-16,16:26:27,Dhangadhi Branch,Kailali,POS,Purchase,Debit Card,Savings,13445.68,00,Approved,Success,18,Female,783
TXN0000237,2024-01-16,17:22:38,Butwal Branch,Rupandehi,POS,Refund,Debit Card,Savings,4403.89,00,Approved,Success,39,Male,584
TXN0000238,2024-01-16,17:43:05,Dhangadhi Branch,Kailali,atm,Mini Statement,Debit Card,Savings,0.0,00,Approved,Success,29,Male,1403
TXN0000239,2024-01-16,17:49:15,Janakpur Branch,Dhanusha,Mobile Banking,QR Payment,N/A,Current,4968.56,00,Approved,Success,35,Female,685
TXN0000240,2024-01-16,17:50:14,Birgunj Branch,Parsa,ATM,Cash Withdrawal,Prepaid Card,Savings,15000.0,00,Approved,Success,34,Female,1009
TXN0000241,2024-01-17,01:12:06,Bhaktapur Branch,Bhaktapur,ATM,Mini Statement,Debit Card,Current,0.0,00,Approved,Success,21,Male,1286
TXN0000242,2024-01-17,08:05:37,Janakpur Branch,Dhanusha,Mobile Banking,Balance Inquiry,N/A,Current,0.0,00,Approved,Success,25,Male,732
TXN0000243,2024-01-17,08:06:01,Janakpur Branch,Dhanusha,Mobile Banking,QR Payment,N/A,Savings,1220.23,00,Approved,Success,54,Male,637
TXN0000244,2024-01-17,08:52:07,Butwal Branch,Rupandehi,ATM,Mini Statement,Debit Card,Savings,0.0,00,Approved,Success,37,Male,1590
TXN0000245,2024-01-17,09:16:03,Janakpur Branch,Dhanusha,Mobile Banking,Mobile Top-up,N/A,Savings,200.0,00,Approved,Success,18,Female,230
TXN0000246,2024-01-17,09:28:52,Janakpur Branch,Dhanusha,ATM,PIN Change,Debit Card,Savings,0.0,00,Approved,Success,25,Male,1825
TXN0000247,2024-01-17,10:45:31,Lalitpur Branch,Lalitpur,Mobile Banking,QR Payment,N/A,Savings,3271.18,00,Approved,Success,18,Male,284
TXN0000248,2024-01-17,12:49:55,Lalitpur Branch,Lalitpur,ATM,PIN Change,Debit Card,Savings,0.0,00,Approved,Success,22,Male,1976
TXN0000249,2024-01-17,22:06:03,Pokhara Lakeside,Kaski,Branch Counter,Cash Deposit,N/A,Savings,193797.93,00,Approved,Success,39,Female,853
TXN0000250,2024-01-18,01:21:55,Bharatpur Branch,Chitwan,ATM,PIN Change,Debit Card,Savings,0.0,00,Approved,Success,36,Female,1527
TXN0000251,2024-01-18,02:29:27,Hetauda Branch,Makwanpur,Internet Banking,Fund Transfer,N/A,Savings,77652.82,00,Approved,Success,45,Female,280
TXN0000252,2024-01-18,08:15:31,Kathmandu Main,Kathmandu,ATM,Mini Statement,Debit Card,Savings,0.0,00,Approved,Success,25,Female,2089
TXN0000253,2024-01-18,08:24:30,Pokhara Lakeside,Kaski,ATM,PIN Change,Debit Card,Savings,0.0,00,Approved,Success,27,Female,488
TXN0000254,2024-01-18,09:09:59,Janakpur Branch,Dhanusha,ATM,PIN Change,Debit Card,Savings,0.0,00,Approved,Success,20,Male,659
TXN0000255,2024-01-18,09:17:43,Dharan Branch,Sunsari,ATM,Cash Withdrawal,Debit Card,Savings,20000.0,00,Approved,Success,18,Female,1688
TXN0000256,2024-01-18,10:40:16,Itahari Branch,Sunsari,ATM,Balance Inquiry,Debit Card,Savings,0.0,00,Approved,Success,40,Female,1785
TXN0000257,2024-01-18,11:19:28,Nepalgunj Branch,Banke,Internet Banking,Bill Payment,N/A,Savings,10087.06,00,Approved,Success,22,Male,292
TXN0000258,2024-01-18,12:12:15,Bhaktapur Branch,Bhaktapur,Mobile Banking,QR Payment,N/A,Savings,3080.65,91,Issuer Unavailable,Timeout,40,Male,447
TXN0000259,2024-01-18,13:03:59,Biratnagar Main,Morang,POS,Purchase,Credit Card,Savings,246.14,91,Issuer Unavailable,Timeout,53,Male,473
TXN0000260,2024-01-18,13:06:05,Kathmandu Main,Kathmandu,Mobile Banking,QR Payment,N/A,Savings,72.8,00,Approved,Success,48,Female,1092
TXN0000261,2024-01-18,14:17:28,Lalitpur Branch,Lalitpur,ATM,Cash Withdrawal,Debit Card,Savings,20000.0,00,Approved,Success,54,Female,1392
TXN0000262,2024-01-18,16:15:35,Birgunj Branch,Parsa,ATM,Cash Withdrawal,Credit Card,Savings,8000.0,00,Approved,Success,18,Female,1163
TXN0000263,2024-01-18,16:19:17,Bhaktapur Branch,Bhaktapur,ATM,Cash Withdrawal,Debit Card,Current,15000.0,96,System Malfunction,Reversed,33,Male,1262
TXN0000264,2024-01-18,16:27:18,Pokhara Lakeside,Kaski,ATM,Cash Withdrawal,Credit Card,Savings,8000.0,51,Insufficient Funds,Reversed,24,Female,631
TXN0000265,2024-01-18,17:25:12,New Baneshwor,Kathmandu,Mobile Banking,QR Payment,N/A,Savings,3684.08,00,Approved,Success,44,Female,473
TXN0000266,2024-01-18,17:38:02,Biratnagar Main,Morang,POS,Purchase,Debit Card,Current,8186.3,00,Approved,Success,40,Female,1141
TXN0000267,2024-01-18,23:56:23,Dharan Branch,Sunsari,Mobile Banking,Fund Transfer,N/A,Savings,45156.5,00,Approved,Success,28,Male,821
TXN0000268,2024-01-19,07:11:02,Biratnagar Main,Morang,POS,Purchase,Debit Card,Savings,10062.66,00,Approved,Success,42,Female,388
TXN0000269,2024-01-19,07:31:32,Dhangadhi Branch,Kailali,ATM,Cash Withdrawal,Prepaid Card,Savings,1000.0,00,Approved,Success,28,Male,1228
TXN0000270,2024-01-19,08:46:04,Itahari Branch,Sunsari,Internet Banking,Bill Payment,N/A,Savings,8310.14,00,Approved,Success,38,Female,898
TXN0000271,2024-01-19,11:10:17,Biratnagar Main,Morang,POS,Refund,Credit Card,Savings,7932.67,55,Incorrect PIN,Timeout,49,Male,527
TXN0000272,2024-01-19,11:25:23,Butwal Branch,Rupandehi,ATM,Cash Withdrawal,Debit Card,Savings,15000.0,00,Approved,Success,19,Female,653
TXN0000273,2024-01-19,11:49:47,Pokhara Lakeside,Kaski,Mobile Banking,QR Payment,N/A,Savings,2067.17,00,Approved,Success,31,Female,676
TXN0000274,2024-01-19,12:11:25,Dharan Branch,Sunsari,Mobile Banking,Fund Transfer,N/A,Savings,12220.5,00,Approved,Success,54,Male,993
TXN0000275,2024-01-19,12:25:53,New Baneshwor,Kathmandu,ATM,Balance Inquiry,Debit Card,Current,0.0,00,Approved,Success,41,Female,1448
TXN0000276,2024-01-19,12:40:40,Lalitpur Branch,Lalitpur,POS,Purchase,Prepaid Card,Savings,8525.01,00,Approved,Success,39,Female,910
TXN0000277,2024-01-19,13:13:17,Itahari Branch,Sunsari,POS,Purchase,Debit Card,Savings,10804.34,00,Approved,Success,28,Female,272
TXN0000278,2024-01-19,15:01:33,Dhangadhi Branch,Kailali,ATM,Cash Withdrawal,Debit Card,Savings,500.0,00,Approved,Success,26,Female,1183
TXN0000279,2024-01-19,15:03:23,New Baneshwor,Kathmandu,Mobile Banking,Mobile Top-up,N/A,Savings,100.0,00,Approved,Success,22,Male,669
TXN0000280,2024-01-19,15:14:29,Biratnagar Main,Morang,ATM,Balance Inquiry,Debit Card,Savings,0.0,00,Approved,Success,49,Male,900
TXN0000281,2024-01-19,15:30:19,Butwal Branch,Rupandehi,ATM,Balance Inquiry,Debit Card,Savings,0.0,00,Approved,Success,39,Male,1098
TXN0000282,2024-01-19,16:40:49,Janakpur Branch,Dhanusha,ATM,Cash Withdrawal,Debit Card,Current,3000.0,00,Approved,Success,49,Female,474
TXN0000283,2024-01-19,17:28:37,Birgunj Branch,Parsa,Mobile Banking,Mobile Top-up,N/A,Current,1000.0,00,Approved,Success,18,Female,719
TXN0000283,2024-01-19,17:28:37,Birgunj Branch,Parsa,Mobile Banking,Mobile Top-up,N/A,Current,1000.0,00,Approved,Success,18,Female,719
TXN0000284,2024-01-19,19:49:53,Lalitpur Branch,Lalitpur,Branch Counter,Account Opening,N/A,Savings,0.0,00,Approved,Success,25,Male,497
TXN0000285,2024-01-19,20:06:49,Hetauda Branch,Makwanpur,ATM,Balance Inquiry,Debit Card,Current,0.0,00,Approved,Success,37,Female,1436
TXN0000286,2024-01-19,20:59:46,Dhangadhi Branch,Kailali,POS,Purchase,Debit Card,Savings,5944.2,00,Approved,Success,26,Female,478
TXN0000287,2024-01-19,21:01:02,New Baneshwor,Kathmandu,ATM,Balance Inquiry,Debit Card,Current,0.0,00,Approved,Success,18,Female,1202
TXN0000288,2024-01-19,22:30:00,Janakpur Branch,Dhanusha,POS,Purchase,Debit Card,Savings,9173.86,00,Approved,Success,43,Male,718
TXN0000289,2024-01-20,02:51:28,Dhangadhi Branch,Kailali,Mobile Banking,Mobile Top-up,N/A,Savings,500.0,00,Approved,Success,40,Female,441
TXN0000290,2024-01-20,06:55:49,Dharan Branch,Sunsari,POS,Purchase,Debit Card,Savings,3327.48,00,Approved,Success,42,Female,972
TXN0000291,2024-01-20,08:10:18,Bharatpur Branch,Chitwan,Mobile Banking,Balance Inquiry,N/A,Current,0.0,00,Approved,Success,18,Male,608
TXN0000292,2024-01-20,08:44:24,Butwal Branch,Rupandehi,Mobile Banking,Mobile Top-up,N/A,Savings,1000.0,00,Approved,Success,30,Female,622
TXN0000293,2024-01-20,09:36:14,Dharan Branch,Sunsari,ATM,PIN Change,Debit Card,Savings,0.0,00,Approved,Success,32,Male,690
TXN0000294,2024-01-20,09:55:52,Pokhara Lakeside,Kaski,Mobile Banking,Fund Transfer,N/A,Savings,10708.66,00,Approved,Success,18,Male,285
TXN0000295,2024-01-20,10:51:07,Birgunj Branch,Parsa,ATM,Cash Withdrawal,Prepaid Card,Savings,20000.0,00,Approved,Success,18,Female,1236
TXN0000296,2024-01-20,11:36:34,Dharan Branch,Sunsari,ATM,Balance Inquiry,Debit Card,Fixed Deposit,0.0,05,Do Not Honor,Timeout,45,Male,1381
TXN0000297,2024-01-20,12:01:19,Hetauda Branch,Makwanpur,POS,Refund,Debit Card,Savings,3204.15,00,Approved,Success,49,Male,445
TXN0000298,2024-01-20,15:25:21,Biratnagar Main,Morang,Internet Banking,Bill Payment,N/A,Current,5685.55,00,Approved,Success,37,Male,427
TXN0000299,2024-01-20,20:18:48,Bhaktapur Branch,Bhaktapur,POS,Refund,Debit Card,Savings,923.39,14,Invalid Card,Reversed,23,Female,513
TXN0000300,2024-01-20,20:45:53,Dhangadhi Branch,Kailali,Branch Counter,Cash Deposit,N/A,Savings,73947.86,00,Approved,Success,40,Female,542
TXN0000301,2024-01-20,20:54:55,Pokhara Lakeside,Kaski,Mobile Banking,Balance Inquiry,N/A,Savings,0.0,00,Approved,Success,41,Male,460
TXN0000302,2024-01-21,09:20:42,Butwal Branch,Rupandehi,POS,Refund,Debit Card,Current,6510.25,00,Approved,Success,27,Male,518
TXN0000303,2024-01-21,09:53:30,Lalitpur Branch,Lalitpur,Mobile Banking,QR Payment,N/A,Fixed Deposit,2101.98,00,Approved,Success,34,Male,477
TXN0000304,2024-01-21,10:46:04,Janakpur Branch,Dhanusha,ATM,Balance Inquiry,Credit Card,Savings,0.0,05,Do Not Honor,Timeout,18,Male,1648
TXN0000305,2024-01-21,11:16:50,Nepalgunj Branch,Banke,POS,Purchase,Credit Card,Current,594.73,00,Approved,Success,36,Male,654
TXN0000306,2024-01-21,12:08:00,Hetauda Branch,Makwanpur,Internet Banking,Fund Transfer,N/A,Current,86304.47,00,Approved,Success,37,Female,633
TXN0000307,2024-01-21,12:10:53,Birgunj Branch,Parsa,Mobile Banking,Balance Inquiry,N/A,Savings,0.0,51,Insufficient Funds,Timeout,25,Female,539
TXN0000308,2024-01-21,12:27:44,Itahari Branch,Sunsari,Mobile Banking,Mobile Top-up,N/A,Savings,500.0,00,Approved,Success,,Male,408
TXN0000309,2024-01-21,13:00:41,Janakpur Branch,Dhanusha,Mobile Banking,Balance Inquiry,N/A,Savings,0.0,00,Approved,Success,66,Male,822
TXN0000310,2024-01-21,13:43:01,Kathmandu Main,Kathmandu,ATM,Mini Statement,Debit Card,Current,0.0,96,System Malfunction,Timeout,18,Female,774
TXN0000311,2024-01-21,14:02:09,Kathmandu Main,Kathmandu,POS,Purchase,Debit Card,Current,10762.27,00,Approved,Success,40,Male,204
TXN0000312,2024-01-21,16:23:46,Nepalgunj Branch,Banke,Mobile Banking,Bill Payment,N/A,Savings,2595.64,00,Approved,Success,27,Female,1147
TXN0000313,2024-01-21,17:14:54,Butwal Branch,Rupandehi,Mobile Banking,Bill Payment,N/A,Savings,4560.96,00,Approved,Success,33,Male,502
TXN0000314,2024-01-21,17:52:36,Lalitpur Branch,Lalitpur,ATM,Balance Inquiry,Debit Card,Savings,0.0,51,Insufficient Funds,Timeout,46,Male,1807
TXN0000315,2024-01-21,19:26:44,Butwal Branch,Rupandehi,POS,Refund,Debit Card,Savings,9110.77,14,Invalid Card,Timeout,36,Female,399
TXN0000316,2024-01-21,19:45:14,Janakpur Branch,Dhanusha,ATM,Cash Withdrawal,Prepaid Card,Savings,2000.0,00,Approved,Success,43,Female,1083
TXN0000317,2024-01-21,20:15:55,Hetauda Branch,Makwanpur,Internet Banking,Bill Payment,N/A,Savings,1502.69,00,Approved,Success,44,Male,430
TXN0000318,2024-01-21,21:30:22,Nepalgunj Branch,Banke,Mobile Banking,Bill Payment,N/A,Savings,5474.08,00,Approved,Success,47,Female,594
TXN0000319,2024-01-22,10:23:24,Butwal Branch,Rupandehi,Internet Banking,Fund Transfer,N/A,Savings,17591.12,00,Approved,Success,43,Male,882
TXN0000320,2024-01-22,10:36:20,Itahari Branch,Sunsari,Internet Banking,Fund Transfer,N/A,Savings,90750.15,00,Approved,Success,40,Male,301
TXN0000321,2024-01-22,10:58:50,Pokhara Lakeside,Kaski,ATM,Balance Inquiry,Debit Card,Savings,0.0,00,Approved,Success,39,Male,620
TXN0000322,2024-01-22,11:21:32,Janakpur Branch,Dhanusha,ATM,Mini Statement,Debit Card,Current,0.0,00,Approved,Success,,Male,1736
TXN0000323,2024-01-22,11:26:45,Janakpur Branch,Dhanusha,Internet Banking,Balance Inquiry,N/A,Current,0.0,00,Approved,Success,41,Male,703
TXN0000324,2024-01-22,12:06:14,Birgunj Branch,Parsa,Mobile Banking,Balance Inquiry,N/A,Savings,0.0,00,Approved,Success,31,Female,448
TXN0000325,2024-01-22,12:48:58,Dhangadhi Branch,Kailali,Internet Banking,Balance Inquiry,N/A,Savings,0.0,00,Approved,Success,46,Female,377
TXN0000326,2024-01-22,13:12:12,Dharan Branch,Sunsari,POS,Refund,Debit Card,Savings,9464.31,00,Approved,Success,50,Male,838
TXN0000327,2024-01-22,13:39:09,Pokhara Lakeside,Kaski,POS,Refund,Credit Card,Current,4683.97,00,Approved,Success,55,Female,271
TXN0000328,2024-01-22,14:30:12,Pokhara Lakeside,Kaski,ATM,PIN Change,Credit Card,Savings,0.0,00,Approved,Success,34,Female,807
TXN0000329,2024-01-22,15:30:24,Birgunj Branch,Parsa,ATM,Balance Inquiry,Debit Card,Savings,0.0,00,Approved,Success,26,Male,2173
TXN0000330,2024-01-22,15:57:03,Biratnagar Main,Morang,POS,Refund,Debit Card,Savings,8409.6,00,Approved,Success,57,Male,699
TXN0000331,2024-01-22,15:59:40,Lalitpur Branch,Lalitpur,Mobile Banking,Fund Transfer,N/A,Savings,64949.83,00,Approved,Success,24,Male,406
TXN0000332,2024-01-22,16:26:26,Dharan Branch,Sunsari,Mobile Banking,QR Payment,N/A,Savings,291.61,00,Approved,Success,39,Male,707
TXN0000333,2024-01-22,17:24:13,Itahari Branch,Sunsari,POS,Purchase,Debit Card,Savings,9396.41,00,Approved,Success,32,Female,80
TXN0000334,2024-01-22,18:03:55,Lalitpur Branch,Lalitpur,ATM,Mini Statement,Debit Card,Savings,0.0,00,Approved,Success,35,Female,939
TXN0000335,2024-01-22,22:31:42,Dharan Branch,Sunsari,Internet Banking,Bill Payment,N/A,Savings,10962.4,00,Approved,Success,19,Male,843
TXN0000336,2024-01-23,04:34:49,Nepalgunj Branch,Banke,POS,Refund,Debit Card,Savings,1238.81,00,Approved,Success,35,Female,756
TXN0000337,2024-01-23,07:19:16,Biratnagar Main,Morang,ATM,Balance Inquiry,Debit Card,Savings,0.0,00,Approved,Success,49,Female,1321
TXN0000338,2024-01-23,08:54:03,Dhangadhi Branch,Kailali,Internet Banking,Bill Payment,N/A,Savings,11421.89,00,Approved,Success,39,Male,218
TXN0000339,2024-01-23,09:07:48,Butwal Branch,Rupandehi,ATM,PIN Change,Debit Card,Savings,0.0,00,Approved,Success,18,Female,1010
TXN0000340,2024-01-23,09:37:02,Dhangadhi Branch,Kailali,ATM,Mini Statement,Debit Card,Savings,0.0,00,Approved,Success,33,Female,576
TXN0000341,2024-01-23,09:59:53,Pokhara Lakeside,Kaski,ATM,Cash Withdrawal,Debit Card,Current,10000.0,00,Approved,Success,36,Male,1087
TXN0000342,2024-01-23,10:42:58,New Baneshwor,Kathmandu,ATM,Cash Withdrawal,Debit Card,Savings,8000.0,00,Approved,Success,35,Female,1817
TXN0000342,2024-01-23,10:42:58,New Baneshwor,Kathmandu,ATM,Cash Withdrawal,Debit Card,Savings,8000.0,00,Approved,Success,35,Female,1817
TXN0000343,2024-01-23,11:04:15,Dhangadhi Branch,Kailali,Mobile Banking,Mobile Top-up,N/A,Savings,50.0,00,Approved,Success,38,Male,377
TXN0000344,2024-01-23,11:30:13,Biratnagar Main,Morang,Mobile Banking,Bill Payment,N/A,Savings,9148.47,00,Approved,Success,50,Male,441
TXN0000345,2024-01-23,13:31:19,Dhangadhi Branch,Kailali,POS,Purchase,Debit Card,Savings,697.65,51,Insufficient Funds,Reversed,22,Male,433
TXN0000346,2024-01-23,13:35:10,Kathmandu Main,Kathmandu,Mobile Banking,Fund Transfer,N/A,Current,64973.01,00,Approved,Success,52,Male,1216
TXN0000347,2024-01-23,14:03:56,Bhaktapur Branch,Bhaktapur,Branch Counter,Cash Withdrawal,N/A,Savings,10000.0,00,Approved,Success,49,Female,572
TXN0000348,2024-01-23,14:07:08,Birgunj Branch,Parsa,ATM,Mini Statement,Debit Card,Savings,0.0,00,Approved,Success,21,Male,1625
TXN0000349,2024-01-23,14:25:04,Itahari Branch,Sunsari,Internet Banking,Statement Download,N/A,Current,0.0,00,Approved,Success,34,Male,270
TXN0000350,2024-01-23,15:12:01,Biratnagar Main,Morang,ATM,PIN Change,Debit Card,Savings,0.0,00,Approved,Success,53,Female,697
TXN0000351,2024-01-23,20:34:47,Nepalgunj Branch,Banke,Mobile Banking,Balance Inquiry,N/A,Savings,0.0,00,Approved,Success,20,Male,503
TXN0000352,2024-01-23,22:41:43,Hetauda Branch,Makwanpur,Mobile Banking,Fund Transfer,N/A,Savings,14269.62,00,Approved,Success,35,Male,371
TXN0000353,2024-01-23,22:59:11,Birgunj Branch,Parsa,ATM,PIN Change,Credit Card,Savings,0.0,00,Approved,Success,31,Male,1692
TXN0000354,2024-01-24,07:40:21,Itahari Branch,Sunsari,Mobile Banking,Mobile Top-up,N/A,Current,500.0,00,Approved,Success,50,Male,572
TXN0000355,2024-01-24,08:51:33,Butwal Branch,Rupandehi,Branch Counter,Fund Transfer,N/A,Savings,21518.42,00,Approved,Success,18,Female,752
TXN0000356,2024-01-24,09:19:40,Janakpur Branch,Dhanusha,ATM,Mini Statement,Debit Card,Savings,0.0,05,Do Not Honor,Timeout,22,Female,908
TXN0000357,2024-01-24,10:51:00,Nepalgunj Branch,Banke,Internet Banking,Statement Download,N/A,Savings,0.0,51,Insufficient Funds,Timeout,22,Female,944
TXN0000358,2024-01-24,11:24:09,Hetauda Branch,Makwanpur,POS,Purchase,Debit Card,Current,3488.2,00,Approved,Success,21,Male,472
TXN0000359,2024-01-24,13:58:29,Hetauda Branch,Makwanpur,Mobile Banking,QR Payment,N/A,Savings,2539.74,00,Approved,Success,48,Male,735
TXN0000360,2024-01-24,16:32:48,Itahari Branch,Sunsari,ATM,PIN Change,Debit Card,Savings,0.0,00,Approved,Success,27,Male,1565
TXN0000361,2024-01-24,16:34:40,Nepalgunj Branch,Banke,Mobile Banking,Fund Transfer,N/A,Savings,34812.1,00,Approved,Success,18,Female,710
TXN0000362,2024-01-24,17:32:58,Butwal Branch,Rupandehi,Internet Banking,Statement Download,N/A,Savings,0.0,00,Approved,Success,47,Female,1010
TXN0000363,2024-01-24,18:38:59,Lalitpur Branch,Lalitpur,ATM,Mini Statement,Debit Card,Current,0.0,00,Approved,Success,50,Female,791
TXN0000364,2024-01-25,07:12:01,Birgunj Branch,Parsa,Mobile Banking,Balance Inquiry,N/A,Fixed Deposit,0.0,55,Incorrect PIN,Reversed,28,Male,1027
TXN0000365,2024-01-25,07:49:20,Dharan Branch,Sunsari,POS,Refund,Debit Card,Savings,7045.54,00,Approved,Success,30,Male,475
TXN0000366,2024-01-25,08:19:17,Nepalgunj Branch,Banke,ATM,Balance Inquiry,Debit Card,Fixed Deposit,0.0,00,Approved,Success,30,Male,505
TXN0000367,2024-01-25,08:55:16,Kathmandu Main,Kathmandu,ATM,Balance Inquiry,Debit Card,Savings,0.0,00,Approved,Success,40,Male,1731
TXN0000368,2024-01-25,09:00:32,New Baneshwor,Kathmandu,Branch Counter,Fund Transfer,N/A,Savings,14556.98,00,Approved,Success,30,Female,365
TXN0000369,2024-01-25,09:13:23,Bharatpur Branch,Chitwan,Mobile Banking,QR Payment,N/A,Savings,3692.31,00,Approved,Success,25,Female,114
TXN0000370,2024-01-25,10:55:37,Dharan Branch,Sunsari,Mobile Banking,Balance Inquiry,N/A,Current,0.0,00,Approved,Success,28,Female,557
TXN0000371,2024-01-25,11:24:01,Nepalgunj Branch,Banke,ATM,PIN Change,Debit Card,Savings,0.0,00,Approved,Success,35,Male,1780
TXN0000371,2024-01-25,11:24:01,Nepalgunj Branch,Banke,ATM,PIN Change,Debit Card,Savings,0.0,00,Approved,Success,35,Male,1780
TXN0000372,2024-01-25,12:40:18,Birgunj Branch,Parsa,POS,Refund,Debit Card,Savings,4024.85,00,Approved,Success,31,Female,1086
TXN0000373,2024-01-25,13:24:05,Hetauda Branch,Makwanpur,ATM,Cash Withdrawal,Debit Card,Savings,1500.0,00,Approved,Success,25,Male,1505
TXN0000374,2024-01-25,14:40:13,Bharatpur Branch,Chitwan,ATM,Mini Statement,Debit Card,Current,0.0,00,Approved,Success,38,Female,1496
TXN0000375,2024-01-25,14:49:32,Bharatpur Branch,Chitwan,POS,Purchase,Debit Card,Savings,1507.82,00,Approved,Success,26,Female,520
TXN0000376,2024-01-25,16:30:37,Birgunj Branch,Parsa,ATM,Mini Statement,Debit Card,Savings,0.0,00,Approved,Success,28,Female,1725
TXN0000377,2024-01-25,17:21:15,Butwal Branch,Rupandehi,ATM,PIN Change,Credit Card,Savings,0.0,00,Approved,Success,25,Female,1087
TXN0000378,2024-01-25,20:50:29,Kathmandu Main,Kathmandu,Mobile Banking,Fund Transfer,N/A,Savings,93015.07,00,Approved,Success,62,Female,514
TXN0000379,2024-01-25,22:21:52,Pokhara Lakeside,Kaski,Internet Banking,Fund Transfer,N/A,Savings,8239.89,00,Approved,Success,18,Female,991
TXN0000380,2024-01-25,23:02:16,Bhaktapur Branch,Bhaktapur,POS,Purchase,Debit Card,Savings,5515.87,00,Approved,Success,25,Female,280
TXN0000381,2024-01-26,03:25:45,Kathmandu Main,Kathmandu,ATM,Mini Statement,Debit Card,Savings,0.0,96,System Malfunction,Failed,41,Female,960
TXN0000382,2024-01-26,07:13:29,Nepalgunj Branch,Banke,Branch Counter,Cash Deposit,N/A,Savings,48668.12,00,Approved,Success,,Female,557
TXN0000383,2024-01-26,08:42:53,Kathmandu Main,Kathmandu,POS,Purchase,Debit Card,Savings,12725.73,00,Approved,Success,32,Male,675
TXN0000384,2024-01-26,08:58:13,Birgunj Branch,Parsa,Mobile Banking,Balance Inquiry,N/A,Savings,0.0,00,Approved,Success,51,Female,177
TXN0000385,2024-01-26,09:12:39,Lalitpur Branch,Lalitpur,Internet Banking,Statement Download,N/A,Current,0.0,00,Approved,Success,39,Female,274
TXN0000386,2024-01-26,11:17:32,Biratnagar Main,Morang,POS,Refund,Debit Card,Current,355.21,00,Approved,Success,35,Female,345
TXN0000387,2024-01-26,11:21:05,Dhangadhi Branch,Kailali,Internet Banking,Balance Inquiry,N/A,Savings,0.0,91,Issuer Unavailable,Reversed,33,Male,80
TXN0000388,2024-01-26,11:32:14,Hetauda Branch,Makwanpur,Mobile Banking,QR Payment,N/A,Savings,4981.13,00,Approved,Success,21,Male,829
TXN0000389,2024-01-26,13:53:01,Itahari Branch,Sunsari,Mobile Banking,Bill Payment,N/A,Savings,10191.81,00,Approved,Success,28,Male,944
TXN0000390,2024-01-26,14:46:57,Bhaktapur Branch,Bhaktapur,POS,Purchase,Debit Card,Savings,8013.87,00,Approved,Success,26,Female,982
TXN0000391,2024-01-26,14:49:47,Dharan Branch,Sunsari,ATM,PIN Change,Debit Card,Savings,0.0,00,Approved,Success,47,Female,1504
TXN0000392,2024-01-26,18:16:11,New Baneshwor,Kathmandu,Mobile Banking,Fund Transfer,N/A,Savings,28443.6,00,Approved,Success,38,Female,588
TXN0000393,2024-01-27,03:25:31,Itahari Branch,Sunsari,ATM,Cash Withdrawal,Debit Card,Savings,5000.0,00,Approved,Success,33,Female,663
TXN0000394,2024-01-27,05:47:20,Birgunj Branch,Parsa,ATM,Mini Statement,Debit Card,Savings,0.0,00,Approved,Success,41,Male,1044
TXN0000395,2024-01-27,10:08:40,Birgunj Branch,Parsa,ATM,PIN Change,Prepaid Card,Savings,0.0,00,Approved,Success,21,Male,1259
TXN0000396,2024-01-27,11:32:23,Dharan Branch,Sunsari,POS,Purchase,Debit Card,Savings,13548.41,61,Exceeds Withdrawal Limit,Failed,,Female,834
TXN0000397,2024-01-27,11:49:54,Dharan Branch,Sunsari,Mobile Banking,Bill Payment,N/A,Savings,7861.13,00,Approved,Success,18,Male,603
TXN0000398,2024-01-27,11:55:35,Itahari Branch,Sunsari,Mobile Banking,Balance Inquiry,N/A,Current,0.0,00,Approved,Success,40,Male,375
TXN0000399,2024-01-27,12:55:13,Dhangadhi Branch,Kailali,ATM,PIN Change,Debit Card,Savings,0.0,00,Approved,Success,31,Male,1084
TXN0000400,2024-01-27,13:14:19,Bhaktapur Branch,Bhaktapur,ATM,Balance Inquiry,Prepaid Card,Savings,0.0,00,Approved,Success,26,Male,623
TXN0000401,2024-01-27,14:38:23,Dhangadhi Branch,Kailali,Mobile Banking,Fund Transfer,N/A,Savings,67359.34,00,Approved,Success,38,Male,341
TXN0000402,2024-01-27,14:42:11,Pokhara Lakeside,Kaski,ATM,PIN Change,Credit Card,Savings,0.0,00,Approved,Success,42,Female,484
TXN0000403,2024-01-27,15:59:15,New Baneshwor,Kathmandu,Mobile Banking,Bill Payment,N/A,Savings,10098.86,00,Approved,Success,18,Female,859
TXN0000404,2024-01-27,17:23:14,Bharatpur Branch,Chitwan,Mobile Banking,QR Payment,N/A,Savings,1382.45,00,Approved,Success,32,Male,780
TXN0000405,2024-01-27,19:47:19,Bhaktapur Branch,Bhaktapur,ATM,Balance Inquiry,Debit Card,Savings,0.0,00,Approved,Success,19,Male,1133
TXN0000406,2024-01-28,00:14:15,Biratnagar Main,Morang,POS,Refund,Debit Card,Current,9379.86,00,Approved,Success,23,Female,377
TXN0000407,2024-01-28,02:13:48,Bharatpur Branch,Chitwan,Branch Counter,Account Opening,N/A,Savings,0.0,00,Approved,Success,,Female,430
TXN0000408,2024-01-28,03:44:53,Birgunj Branch,Parsa,Internet Banking,Bill Payment,N/A,Savings,8131.55,00,Approved,Success,40,Male,562
TXN0000409,2024-01-28,08:47:06,Hetauda Branch,Makwanpur,ATM,PIN Change,Credit Card,Savings,0.0,00,Approved,Success,28,Male,635
TXN0000410,2024-01-28,10:17:03,Nepalgunj Branch,Banke,ATM,Balance Inquiry,Debit Card,Current,0.0,00,Approved,Success,47,Male,1410
TXN0000411,2024-01-28,11:43:51,Dhangadhi Branch,Kailali,Internet Banking,Fund Transfer,N/A,Savings,72808.62,00,Approved,Success,30,Female,787
TXN0000412,2024-01-28,12:16:41,Butwal Branch,Rupandehi,ATM,PIN Change,Debit Card,Savings,0.0,14,Invalid Card,Timeout,29,Male,1846
TXN0000413,2024-01-28,12:50:32,Dharan Branch,Sunsari,ATM,Cash Withdrawal,Debit Card,Savings,5000.0,00,Approved,Success,58,Female,1750
TXN0000414,2024-01-28,13:50:27,Itahari Branch,Sunsari,ATM,Balance Inquiry,Debit Card,Savings,0.0,00,Approved,Success,18,Female,973
TXN0000415,2024-01-28,14:43:10,Hetauda Branch,Makwanpur,POS,Refund,Debit Card,Savings,3005.5,00,Approved,Success,39,Female,990
TXN0000416,2024-01-28,15:05:43,Pokhara Lakeside,Kaski,Mobile Banking,Bill Payment,N/A,Savings,5051.64,00,Approved,Success,44,Female,494
TXN0000417,2024-01-28,15:48:29,Dharan Branch,Sunsari,POS,Refund,Debit Card,Savings,1630.05,00,Approved,Success,29,Male,381
TXN0000418,2024-01-28,16:04:27,Butwal Branch,Rupandehi,Mobile Banking,QR Payment,N/A,Savings,2475.81,00,Approved,Success,40,Male,417
TXN0000419,2024-01-28,17:00:58,Pokhara Lakeside,Kaski,ATM,Mini Statement,Credit Card,Savings,0.0,00,Approved,Success,31,Male,411
TXN0000420,2024-01-28,17:07:16,Birgunj Branch,Parsa,ATM,Balance Inquiry,Debit Card,Current,0.0,00,Approved,Success,39,Female,857
TXN0000421,2024-01-28,18:14:24,Bharatpur Branch,Chitwan,Internet Banking,Bill Payment,N/A,Savings,9593.69,00,Approved,Success,54,Female,575
TXN0000422,2024-01-28,18:17:15,Hetauda Branch,Makwanpur,ATM,Mini Statement,Credit Card,Savings,0.0,00,Approved,Success,36,Female,1478
TXN0000423,2024-01-28,20:17:14,Bhaktapur Branch,Bhaktapur,Mobile Banking,QR Payment,N/A,Savings,2671.57,00,Approved,Success,33,Female,669
TXN0000424,2024-01-28,21:04:34,Hetauda Branch,Makwanpur,ATM,PIN Change,Credit Card,Savings,0.0,51,Insufficient Funds,Reversed,37,Male,1156
TXN0000425,2024-01-29,07:23:22,Nepalgunj Branch,Banke,Mobile Banking,Bill Payment,N/A,Savings,1094.37,00,Approved,Success,18,Male,515
TXN0000426,2024-01-29,09:13:19,Nepalgunj Branch,Banke,POS,Purchase,Prepaid Card,Savings,9639.57,00,Approved,Success,18,Female,860
TXN0000427,2024-01-29,09:38:50,Hetauda Branch,Makwanpur,ATM,PIN Change,Debit Card,Savings,0.0,00,Approved,Success,42,Female,871
TXN0000428,2024-01-29,09:53:57,Pokhara Lakeside,Kaski,ATM,PIN Change,Debit Card,Savings,0.0,00,Approved,Success,28,Female,1206
TXN0000429,2024-01-29,10:04:49,Janakpur Branch,Dhanusha,POS,Purchase,Debit Card,Current,710.78,00,Approved,Success,24,Male,402
TXN0000430,2024-01-29,11:10:14,Kathmandu Main,Kathmandu,Mobile Banking,Mobile Top-up,N/A,Savings,100.0,00,Approved,Success,51,Male,750
TXN0000431,2024-01-29,13:00:41,Nepalgunj Branch,Banke,Internet Banking,Statement Download,N/A,Savings,0.0,00,Approved,Success,18,,981
TXN0000432,2024-01-29,13:49:13,New Baneshwor,Kathmandu,POS,Refund,Credit Card,Savings,4706.99,00,Approved,Success,23,Male,868
TXN0000433,2024-01-29,13:50:04,Bharatpur Branch,Chitwan,Branch Counter,Cash Withdrawal,N/A,Savings,8000.0,00,Approved,Success,40,Female,814
TXN0000434,2024-01-29,14:02:17,Bharatpur Branch,Chitwan,Mobile Banking,Bill Payment,N/A,Savings,7512.73,00,Approved,Success,27,Male,486
TXN0000435,2024-01-29,14:25:15,Kathmandu Main,Kathmandu,ATM,PIN Change,Debit Card,Savings,0.0,00,Approved,Success,28,Male,1562
TXN0000436,2024-01-29,14:29:15,Dharan Branch,Sunsari,ATM,Balance Inquiry,Debit Card,Fixed Deposit,0.0,00,Approved,Success,30,Female,1327
TXN0000437,2024-01-29,14:37:12,New Baneshwor,Kathmandu,ATM,PIN Change,Debit Card,Savings,0.0,00,Approved,Success,18,Male,1075
TXN0000438,2024-01-29,14:46:50,Nepalgunj Branch,Banke,ATM,Mini Statement,Debit Card,Savings,0.0,00,Approved,Success,32,Male,1099
TXN0000439,2024-01-29,15:26:15,Bharatpur Branch,Chitwan,POS,Purchase,Debit Card,Savings,3548.62,00,Approved,Success,18,Female,1004
TXN0000440,2024-01-29,15:30:48,Janakpur Branch,Dhanusha,ATM,Balance Inquiry,Debit Card,Savings,0.0,00,Approved,Success,45,Female,1471
TXN0000441,2024-01-29,15:32:17,Birgunj Branch,Parsa,ATM,Balance Inquiry,Debit Card,Current,0.0,00,Approved,Success,25,Male,1797
TXN0000442,2024-01-29,16:04:11,Bharatpur Branch,Chitwan,Mobile Banking,Bill Payment,N/A,Savings,7933.77,00,Approved,Success,23,Female,659
TXN0000443,2024-01-29,16:14:53,Kathmandu Main,Kathmandu,ATM,PIN Change,Debit Card,Fixed Deposit,0.0,55,Incorrect PIN,Timeout,31,,730
TXN0000444,2024-01-29,19:58:02,New Baneshwor,Kathmandu,Mobile Banking,Bill Payment,N/A,Savings,5376.74,00,Approved,Success,18,Male,401
TXN0000445,2024-01-30,05:39:15,Kathmandu Main,Kathmandu,Internet Banking,Statement Download,N/A,Savings,0.0,00,Approved,Success,60,Female,489
TXN0000446,2024-01-30,07:46:53,Pokhara Lakeside,Kaski,POS,Refund,Debit Card,Savings,2624.46,00,Approved,Success,46,Female,730
TXN0000447,2024-01-30,09:18:46,Dhangadhi Branch,Kailali,Mobile Banking,Fund Transfer,N/A,Current,73978.25,00,Approved,Success,27,Male,768
TXN0000448,2024-01-30,10:46:31,Birgunj Branch,Parsa,POS,Refund,Debit Card,Savings,8064.59,61,Exceeds Withdrawal Limit,Timeout,47,Female,1006
TXN0000449,2024-01-30,11:35:51,Janakpur Branch,Dhanusha,Mobile Banking,Mobile Top-up,N/A,Savings,500.0,00,Approved,Success,29,Male,669
TXN0000450,2024-01-30,12:02:41,Nepalgunj Branch,Banke,ATM,Mini Statement,Debit Card,Current,0.0,00,Approved,Success,34,Male,636
TXN0000451,2024-01-30,13:02:27,Kathmandu Main,Kathmandu,ATM,Mini Statement,Debit Card,Current,0.0,00,Approved,Success,34,Female,431
TXN0000452,2024-01-30,14:03:08,Biratnagar Main,Morang,ATM,PIN Change,Debit Card,Savings,0.0,00,Approved,Success,32,Female,767
TXN0000453,2024-01-30,14:11:41,Janakpur Branch,Dhanusha,Mobile Banking,Bill Payment,N/A,Savings,8168.46,00,Approved,Success,33,Female,772
TXN0000454,2024-01-30,14:46:55,Lalitpur Branch,Lalitpur,Mobile Banking,Balance Inquiry,N/A,Savings,0.0,00,Approved,Success,38,Male,408
TXN0000454,2024-01-30,14:46:55,Lalitpur Branch,Lalitpur,Mobile Banking,Balance Inquiry,N/A,Savings,0.0,00,Approved,Success,38,Male,408
TXN0000455,2024-01-30,15:23:54,Butwal Branch,Rupandehi,ATM,Balance Inquiry,Debit Card,Current,0.0,55,Incorrect PIN,Failed,38,Male,923
TXN0000456,2024-01-30,16:46:39,Dharan Branch,Sunsari,ATM,Cash Withdrawal,Debit Card,Current,500.0,00,Approved,Success,42,Female,697
TXN0000457,2024-01-30,17:06:15,Birgunj Branch,Parsa,Branch Counter,Fund Transfer,N/A,Savings,46507.37,00,Approved,Success,33,Male,444
TXN0000458,2024-01-30,17:55:57,Nepalgunj Branch,Banke,ATM,PIN Change,Debit Card,Savings,0.0,00,Approved,Success,28,Male,1530
TXN0000459,2024-01-30,18:43:50,Lalitpur Branch,Lalitpur,Internet Banking,Balance Inquiry,N/A,Savings,0.0,00,Approved,Success,23,Female,80
TXN0000460,2024-01-30,19:41:14,Itahari Branch,Sunsari,POS,Refund,Credit Card,Savings,1478.86,00,Approved,Success,50,Male,395
TXN0000461,2024-01-31,06:24:45,Dhangadhi Branch,Kailali,POS,Refund,Debit Card,Savings,290.29,00,Approved,Success,59,Male,407
TXN0000462,2024-01-31,07:05:24,Butwal Branch,Rupandehi,Mobile Banking,Bill Payment,N/A,Fixed Deposit,10497.9,00,Approved,Success,39,Male,537
TXN0000463,2024-01-31,07:58:56,Itahari Branch,Sunsari,Mobile Banking,QR Payment,N/A,Savings,1378.64,00,Approved,Success,56,Male,301
TXN0000464,2024-01-31,09:30:51,New Baneshwor,Kathmandu,ATM,Cash Withdrawal,Credit Card,Savings,2500.0,00,Approved,Success,36,Female,1407
TXN0000465,2024-01-31,09:52:34,Lalitpur Branch,Lalitpur,ATM,Balance Inquiry,Debit Card,Savings,0.0,00,Approved,Success,19,Female,1159
TXN0000466,2024-01-31,10:36:04,Birgunj Branch,Parsa,ATM,Cash Withdrawal,Debit Card,Savings,8000.0,00,Approved,Success,30,Male,1542
TXN0000467,2024-01-31,10:39:24,Birgunj Branch,Parsa,ATM,Balance Inquiry,Debit Card,Fixed Deposit,0.0,55,Incorrect PIN,Timeout,29,Male,494
TXN0000468,2024-01-31,10:48:30,Nepalgunj Branch,Banke,ATM,Balance Inquiry,Prepaid Card,Current,0.0,00,Approved,Success,45,Male,1858
TXN0000469,2024-01-31,10:58:48,Bharatpur Branch,Chitwan,ATM,Cash Withdrawal,Debit Card,Savings,8000.0,00,Approved,Success,36,Male,1083
TXN0000470,2024-01-31,11:51:02,Pokhara Lakeside,Kaski,Internet Banking,Fund Transfer,N/A,Current,45834.07,00,Approved,Success,18,Male,1251
TXN0000471,2024-01-31,11:57:24,Janakpur Branch,Dhanusha,Internet Banking,Fund Transfer,N/A,Savings,29065.53,00,Approved,Success,46,Female,869
TXN0000472,2024-01-31,12:36:40,Itahari Branch,Sunsari,Branch Counter,Cash Withdrawal,N/A,Current,2000.0,00,Approved,Success,31,Female,769
TXN0000473,2024-01-31,12:43:51,Itahari Branch,Sunsari,ATM,Cash Withdrawal,Debit Card,Savings,15000.0,00,Approved,Success,40,Female,1097
TXN0000474,2024-01-31,13:42:19,Lalitpur Branch,Lalitpur,ATM,PIN Change,Debit Card,Savings,0.0,00,Approved,Success,36,Female,1585
TXN0000475,2024-01-31,14:04:59,Lalitpur Branch,Lalitpur,ATM,PIN Change,Debit Card,Savings,0.0,00,Approved,Success,46,Female,1716
TXN0000476,2024-01-31,14:11:24,Lalitpur Branch,Lalitpur,ATM,Cash Withdrawal,Credit Card,Savings,2000.0,00,Approved,Success,,Female,1321
TXN0000477,2024-01-31,14:34:16,Bhaktapur Branch,Bhaktapur,ATM,PIN Change,Debit Card,Savings,0.0,00,Approved,Success,54,Female,966
TXN0000478,2024-01-31,15:19:49,Dhangadhi Branch,Kailali,Mobile Banking,Fund Transfer,N/A,Current,21500.72,00,Approved,Success,61,Male,555
TXN0000479,2024-01-31,15:23:15,Dharan Branch,Sunsari,ATM,PIN Change,Debit Card,Savings,0.0,00,Approved,Success,34,Female,976
TXN0000480,2024-01-31,15:53:59,Lalitpur Branch,Lalitpur,ATM,Cash Withdrawal,Prepaid Card,Savings,1500.0,00,Approved,Success,56,Male,1045
TXN0000481,2024-01-31,16:03:47,Lalitpur Branch,Lalitpur,Branch Counter,Cash Deposit,N/A,Savings,144908.83,00,Approved,Success,20,Female,504
TXN0000482,2024-01-31,16:29:48,Hetauda Branch,Makwanpur,Mobile Banking,Bill Payment,N/A,Savings,4568.59,00,Approved,Success,34,Male,746
TXN0000483,2024-01-31,17:22:38,Kathmandu Main,Kathmandu,Mobile Banking,QR Payment,N/A,Current,3431.36,00,Approved,Success,49,,828
TXN0000484,2024-01-31,19:32:59,Itahari Branch,Sunsari,POS,Purchase,Prepaid Card,Current,5668.75,00,Approved,Success,34,Female,519
TXN0000485,2024-01-31,19:47:58,New Baneshwor,Kathmandu,ATM,Balance Inquiry,Credit Card,Savings,0.0,00,Approved,Success,,Male,869
TXN0000486,2024-01-31,19:49:47,Bhaktapur Branch,Bhaktapur,POS,Purchase,Debit Card,Savings,12819.56,00,Approved,Success,28,Female,293
TXN0000487,2024-02-01,07:57:48,Birgunj Branch,Parsa,ATM,Mini Statement,Debit Card,Savings,0.0,00,Approved,Success,39,Female,1081
TXN0000488,2024-02-01,10:04:12,Butwal Branch,Rupandehi,POS,Purchase,Debit Card,Current,13898.03,00,Approved,Success,40,Female,406
TXN0000489,2024-02-01,10:08:57,Pokhara Lakeside,Kaski,Internet Banking,Fund Transfer,N/A,Current,49961.49,00,Approved,Success,,Male,639
TXN0000490,2024-02-01,10:11:14,Biratnagar Main,Morang,ATM,Mini Statement,Debit Card,Savings,0.0,96,System Malfunction,Timeout,38,Female,1403
TXN0000491,2024-02-01,10:36:55,Nepalgunj Branch,Banke,POS,Purchase,Debit Card,Savings,5013.06,00,Approved,Success,43,Female,299
TXN0000492,2024-02-01,10:47:38,Bharatpur Branch,Chitwan,Mobile Banking,Balance Inquiry,N/A,Savings,0.0,00,Approved,Success,28,Female,998
TXN0000493,2024-02-01,11:00:24,Nepalgunj Branch,Banke,POS,Refund,Debit Card,Savings,1630.9,00,Approved,Success,41,Female,121
TXN0000494,2024-02-01,11:36:35,Hetauda Branch,Makwanpur,POS,Purchase,Debit Card,Savings,10436.15,00,Approved,Success,67,Male,425
TXN0000495,2024-02-01,11:56:01,Kathmandu Main,Kathmandu,POS,Refund,Debit Card,Savings,1637.77,00,Approved,Success,45,Female,513
TXN0000496,2024-02-01,15:05:33,Nepalgunj Branch,Banke,POS,Purchase,Debit Card,Savings,14975.3,00,Approved,Success,35,Male,570
TXN0000497,2024-02-01,16:27:11,Biratnagar Main,Morang,ATM,Mini Statement,Debit Card,Savings,0.0,00,Approved,Success,25,Female,1460
TXN0000498,2024-02-01,17:04:40,Dharan Branch,Sunsari,POS,Refund,Prepaid Card,Savings,1605.52,00,Approved,Success,,Female,699
TXN0000499,2024-02-01,17:35:41,BHAKTAPUR BRANCH,Bhaktapur,Internet Banking,Statement Download,N/A,Savings,0.0,00,Approved,Success,32,Male,90
TXN0000500,2024-02-01,18:04:38,Kathmandu Main,Kathmandu,Mobile Banking,Fund Transfer,N/A,Savings,50533.61,00,Approved,Success,51,Male,1131
TXN0000501,2024-02-01,18:20:40,Pokhara Lakeside,Kaski,ATM,Balance Inquiry,Debit Card,Savings,0.0,00,Approved,Success,25,Male,978
TXN0000502,2024-02-01,19:21:34,Biratnagar Main,Morang,Mobile Banking,QR Payment,N/A,Savings,4990.71,00,Approved,Success,18,Female,1037
TXN0000503,2024-02-01,19:48:04,Dhangadhi Branch,Kailali,ATM,Mini Statement,Prepaid Card,Savings,0.0,00,Approved,Success,39,Female,1326
TXN0000504,2024-02-01,20:05:34,Bhaktapur Branch,Bhaktapur,ATM,Balance Inquiry,Credit Card,Savings,0.0,00,Approved,Success,45,Female,1457
TXN0000505,2024-02-01,21:06:24,Kathmandu Main,Kathmandu,Branch Counter,Account Opening,N/A,Savings,0.0,00,Approved,Success,34,Female,661
TXN0000506,2024-02-01,21:58:39,Janakpur Branch,Dhanusha,atm,Mini Statement,Debit Card,Savings,0.0,00,Approved,Success,29,Male,1401
TXN0000507,2024-02-01,21:59:27,Itahari Branch,Sunsari,POS,Purchase,Debit Card,Savings,1233.11,00,Approved,Success,,Female,580
TXN0000508,2024-02-02,04:22:45,Janakpur Branch,Dhanusha,POS,Purchase,Debit Card,Savings,8501.06,00,Approved,Success,23,Male,553
TXN0000509,2024-02-02,05:18:23,New Baneshwor,Kathmandu,Internet Banking,Balance Inquiry,N/A,Savings,0.0,00,Approved,Success,55,Male,928
TXN0000510,2024-02-02,07:23:28,Janakpur Branch,Dhanusha,Mobile Banking,Bill Payment,N/A,Current,5104.03,00,Approved,Success,23,,457
TXN0000511,2024-02-02,07:33:50,Hetauda Branch,Makwanpur,ATM,Balance Inquiry,Debit Card,Savings,0.0,00,Approved,Success,31,Male,2191
TXN0000512,2024-02-02,08:05:21,Hetauda Branch,Makwanpur,POS,Purchase,Debit Card,Savings,8402.04,00,Approved,Success,52,Male,302
TXN0000513,2024-02-02,08:39:23,New Baneshwor,Kathmandu,Mobile Banking,Bill Payment,N/A,Current,639.53,00,Approved,Success,21,Female,550
TXN0000514,2024-02-02,09:41:02,Butwal Branch,Rupandehi,POS,Refund,Debit Card,Savings,4999.8,00,Approved,Success,46,Male,1050
TXN0000515,2024-02-02,10:11:09,Bhaktapur Branch,Bhaktapur,POS,Purchase,Debit Card,Savings,3337.32,00,Approved,Success,,Male,520
TXN0000516,2024-02-02,11:32:59,Nepalgunj Branch,Banke,Internet Banking,Bill Payment,N/A,Savings,3945.46,00,Approved,Success,24,Female,829
TXN0000517,2024-02-02,11:52:40,Bharatpur Branch,Chitwan,POS,Purchase,Debit Card,Current,11216.13,00,Approved,Success,30,Male,568
TXN0000518,2024-02-02,13:45:54,Nepalgunj Branch,Banke,Mobile Banking,Mobile Top-up,N/A,Savings,500.0,00,Approved,Success,44,Female,882
TXN0000519,2024-02-02,14:30:50,Hetauda Branch,Makwanpur,Mobile Banking,QR Payment,N/A,Savings,4025.88,91,Issuer Unavailable,Reversed,39,Male,726
TXN0000520,2024-02-02,14:51:57,Biratnagar Main,Morang,Mobile Banking,QR Payment,N/A,Savings,1153.02,00,Approved,Success,35,Male,605
TXN0000521,2024-02-02,15:34:40,Biratnagar Main,Morang,Branch Counter,Fund Transfer,N/A,Savings,25736.2,00,Approved,Success,35,Female,782
TXN0000522,2024-02-02,16:04:19,Bharatpur Branch,Chitwan,ATM,Mini Statement,Debit Card,Savings,0.0,00,Approved,Success,41,Male,1236
TXN0000523,2024-02-02,23:08:55,Dhangadhi Branch,Kailali,ATM,Cash Withdrawal,Credit Card,Savings,2000.0,00,Approved,Success,18,Female,1537
TXN0000524,2024-02-03,03:52:30,Kathmandu Main,Kathmandu,POS,Refund,Debit Card,Savings,7621.76,00,Approved,Success,30,Male,645
TXN0000525,2024-02-03,06:03:13,New Baneshwor,Kathmandu,ATM,PIN Change,Debit Card,Savings,0.0,00,Approved,Success,29,Female,469
TXN0000526,2024-02-03,07:59:17,Lalitpur Branch,Lalitpur,Mobile Banking,Mobile Top-up,N/A,Savings,1000.0,00,Approved,Success,45,Female,311
TXN0000527,2024-02-03,08:52:35,Dhangadhi Branch,Kailali,ATM,Cash Withdrawal,Debit Card,Savings,15000.0,00,Approved,Success,18,Female,1165
TXN0000528,2024-02-03,10:34:08,New Baneshwor,Kathmandu,POS,Purchase,Debit Card,Savings,2481.13,51,Insufficient Funds,Timeout,36,Female,133
TXN0000529,2024-02-03,11:29:58,Butwal Branch,Rupandehi,POS,Purchase,Debit Card,Current,13883.54,51,Insufficient Funds,Timeout,33,Male,362
TXN0000530,2024-02-03,11:36:37,Itahari Branch,Sunsari,ATM,Balance Inquiry,Debit Card,Current,0.0,00,Approved,Success,19,Male,673
TXN0000531,2024-02-03,11:43:01,Janakpur Branch,Dhanusha,Mobile Banking,Fund Transfer,N/A,Savings,1178.1,00,Approved,Success,21,Male,540
TXN0000532,2024-02-03,12:37:25,Bharatpur Branch,Chitwan,Internet Banking,Fund Transfer,N/A,Savings,26644.71,00,Approved,Success,39,Female,554
TXN0000533,2024-02-03,13:09:10,Kathmandu Main,Kathmandu,Internet Banking,Statement Download,N/A,Savings,0.0,00,Approved,Success,,Male,306
TXN0000534,2024-02-03,13:18:06,Dhangadhi Branch,Kailali,ATM,Mini Statement,Debit Card,Savings,0.0,05,Do Not Honor,Timeout,47,Female,1071
TXN0000535,2024-02-03,13:26:38,Hetauda Branch,Makwanpur,POS,Purchase,Debit Card,Savings,2323.04,00,Approved,Success,22,Male,1353
TXN0000536,2024-02-03,13:39:28,Hetauda Branch,Makwanpur,Mobile Banking,Bill Payment,N/A,Savings,8035.58,00,Approved,Success,28,Female,826
TXN0000537,2024-02-03,13:50:30,Butwal Branch,Rupandehi,ATM,Cash Withdrawal,Debit Card,Savings,2000.0,00,Approved,Success,44,Male,1263
TXN0000538,2024-02-03,14:19:18,Lalitpur Branch,Lalitpur,ATM,Mini Statement,Prepaid Card,Savings,0.0,00,Approved,Success,22,Female,1359
TXN0000539,2024-02-03,15:48:58,New Baneshwor,Kathmandu,Internet Banking,Statement Download,N/A,Savings,0.0,00,Approved,Success,33,Female,753
TXN0000540,2024-02-03,17:02:11,Dharan Branch,Sunsari,POS,Refund,Debit Card,Savings,9931.42,00,Approved,Success,36,Male,564
TXN0000541,2024-02-03,17:03:14,Lalitpur Branch,Lalitpur,POS,Refund,Debit Card,Current,8340.26,00,Approved,Success,32,Male,405
TXN0000542,2024-02-03,17:23:18,Dharan Branch,Sunsari,ATM,Balance Inquiry,Credit Card,Current,0.0,00,Approved,Success,44,Male,567
TXN0000543,2024-02-03,17:49:06,Bhaktapur Branch,Bhaktapur,Mobile Banking,Fund Transfer,N/A,Current,71709.5,00,Approved,Success,23,Female,959
TXN0000544,2024-02-03,18:29:53,Itahari Branch,Sunsari,Mobile Banking,Bill Payment,N/A,Savings,6597.41,00,Approved,Success,24,Male,370
TXN0000545,2024-02-03,20:52:10,Bharatpur Branch,Chitwan,Mobile Banking,Balance Inquiry,N/A,Savings,0.0,00,Approved,Success,18,Female,847
TXN0000546,2024-02-04,00:12:43,Kathmandu Main,Kathmandu,POS,Refund,Debit Card,Savings,1505.97,00,Approved,Success,18,Female,761
TXN0000547,2024-02-04,07:37:29,New Baneshwor,Kathmandu,Mobile Banking,Bill Payment,N/A,Savings,8569.6,00,Approved,Success,36,Male,672
TXN0000548,2024-02-04,09:07:01,Itahari Branch,Sunsari,Branch Counter,Fund Transfer,N/A,Savings,23069.47,00,Approved,Success,28,Male,1172
TXN0000549,2024-02-04,09:07:14,Bhaktapur Branch,Bhaktapur,POS,Refund,Prepaid Card,Savings,8171.69,00,Approved,Success,32,Female,424
TXN0000550,2024-02-04,09:19:04,Bhaktapur Branch,Bhaktapur,POS,Purchase,Debit Card,Savings,6406.38,00,Approved,Success,31,Male,632
TXN0000551,2024-02-04,09:39:39,Itahari Branch,Sunsari,ATM,Mini Statement,Debit Card,Savings,0.0,00,Approved,Success,18,Male,1012
TXN0000552,2024-02-04,10:10:42,Butwal Branch,Rupandehi,ATM,PIN Change,Debit Card,Savings,0.0,00,Approved,Success,25,,1733
TXN0000553,2024-02-04,10:12:57,Birgunj Branch,Parsa,Mobile Banking,Fund Transfer,N/A,Fixed Deposit,81510.08,00,Approved,Success,29,Female,331
TXN0000554,2024-02-04,11:26:47,New Baneshwor,Kathmandu,ATM,PIN Change,Prepaid Card,Current,0.0,00,Approved,Success,29,Female,704
TXN0000555,2024-02-04,12:28:59,Dharan Branch,Sunsari,ATM,Cash Withdrawal,Prepaid Card,Current,10000.0,00,Approved,Success,18,Male,1470
TXN0000556,2024-02-04,12:30:57,Pokhara Lakeside,Kaski,Branch Counter,Cash Deposit,N/A,Savings,41837.67,00,Approved,Success,34,Female,943
TXN0000557,2024-02-04,12:50:07,New Baneshwor,Kathmandu,Mobile Banking,QR Payment,N/A,Savings,3503.49,00,Approved,Success,43,Female,345
TXN0000558,2024-02-04,12:52:34,Pokhara Lakeside,Kaski,Internet Banking,Balance Inquiry,N/A,Savings,0.0,00,Approved,Success,29,Female,393
TXN0000559,2024-02-04,16:02:37,Bharatpur Branch,Chitwan,ATM,Mini Statement,Credit Card,Savings,0.0,00,Approved,Success,33,Male,1207
TXN0000560,2024-02-04,16:35:10,Janakpur Branch,Dhanusha,ATM,PIN Change,Debit Card,Savings,0.0,00,Approved,Success,31,Female,1054
TXN0000561,2024-02-04,17:20:36,Birgunj Branch,Parsa,ATM,Cash Withdrawal,Debit Card,Savings,500.0,00,Approved,Success,42,Male,1653
TXN0000562,2024-02-04,17:39:03,Lalitpur Branch,Lalitpur,ATM,Balance Inquiry,Debit Card,Savings,0.0,00,Approved,Success,23,Male,1079
TXN0000563,2024-02-04,17:44:38,Nepalgunj Branch,Banke,Branch Counter,Cash Deposit,N/A,Savings,155830.34,00,Approved,Success,28,Male,637
TXN0000564,2024-02-04,19:08:10,Butwal Branch,Rupandehi,Mobile Banking,Mobile Top-up,N/A,Savings,100.0,55,Incorrect PIN,Failed,,Male,111
TXN0000565,2024-02-05,07:57:27,Itahari Branch,Sunsari,ATM,Cash Withdrawal,Debit Card,Savings,5000.0,00,Approved,Success,30,Male,928
TXN0000566,2024-02-05,08:31:43,Janakpur Branch,Dhanusha,Mobile Banking,Fund Transfer,N/A,Savings,69691.29,00,Approved,Success,29,Female,928
TXN0000567,2024-02-05,08:58:48,Janakpur Branch,Dhanusha,Internet Banking,Balance Inquiry,N/A,Fixed Deposit,0.0,00,Approved,Success,31,Female,842
TXN0000568,2024-02-05,09:05:14,Biratnagar Main,Morang,Mobile Banking,QR Payment,N/A,Savings,3037.92,00,Approved,Success,27,Female,516
TXN0000569,2024-02-05,09:16:02,Birgunj Branch,Parsa,Branch Counter,Fund Transfer,N/A,Savings,40268.0,14,Invalid Card,Timeout,33,Female,651
TXN0000570,2024-02-05,09:43:51,Biratnagar Main,Morang,ATM,Cash Withdrawal,Debit Card,Savings,5000.0,00,Approved,Success,35,Female,1543
TXN0000571,2024-02-05,09:50:49,Nepalgunj Branch,Banke,ATM,Mini Statement,Debit Card,Savings,0.0,00,Approved,Success,42,Male,1568
TXN0000572,2024-02-05,10:34:21,Pokhara Lakeside,Kaski,Internet Banking,Balance Inquiry,N/A,Current,0.0,00,Approved,Success,18,Female,866
TXN0000573,2024-02-05,10:44:18,Dharan Branch,Sunsari,ATM,Balance Inquiry,Debit Card,Savings,0.0,00,Approved,Success,,Male,875
TXN0000574,2024-02-05,11:00:55,Butwal Branch,Rupandehi,POS,Refund,Debit Card,Savings,2481.31,00,Approved,Success,21,Female,498
TXN0000575,2024-02-05,12:01:50,Lalitpur Branch,Lalitpur,ATM,Mini Statement,Debit Card,Savings,0.0,00,Approved,Success,43,Male,1984
TXN0000576,2024-02-05,14:54:25,Biratnagar Main,Morang,ATM,Cash Withdrawal,Debit Card,Savings,10000.0,00,Approved,Success,23,Male,1253
TXN0000577,2024-02-05,14:54:50,JANAKPUR BRANCH,Dhanusha,Mobile Banking,Balance Inquiry,N/A,Savings,0.0,00,Approved,Success,22,Male,361
TXN0000578,2024-02-05,16:07:58,Nepalgunj Branch,Banke,Branch Counter,Fund Transfer,N/A,Savings,66087.8,00,Approved,Success,31,Female,891
TXN0000579,2024-02-05,16:56:34,Butwal Branch,Rupandehi,Mobile Banking,Mobile Top-up,N/A,Savings,100.0,00,Approved,Success,44,Male,817
TXN0000580,2024-02-05,19:27:01,Dhangadhi Branch,Kailali,Mobile Banking,QR Payment,N/A,Savings,1515.73,00,Approved,Success,39,Female,463
TXN0000581,2024-02-05,21:07:48,Lalitpur Branch,Lalitpur,ATM,Balance Inquiry,Credit Card,Current,0.0,55,Incorrect PIN,Failed,38,Female,500
TXN0000582,2024-02-06,10:17:44,Pokhara Lakeside,Kaski,Mobile Banking,QR Payment,N/A,Current,95.01,00,Approved,Success,29,Male,791
TXN0000583,2024-02-06,10:28:17,Bharatpur Branch,Chitwan,Mobile Banking,QR Payment,N/A,Savings,3828.03,00,Approved,Success,41,Female,652
TXN0000584,2024-02-06,10:38:41,Janakpur Branch,Dhanusha,ATM,PIN Change,Debit Card,Savings,0.0,00,Approved,Success,25,Male,1397
TXN0000585,2024-02-06,11:20:13,Dhangadhi Branch,Kailali,POS,Refund,Debit Card,Savings,2219.87,00,Approved,Success,44,Male,312
TXN0000586,2024-02-06,11:37:41,Itahari Branch,Sunsari,ATM,Balance Inquiry,Credit Card,Savings,0.0,00,Approved,Success,30,Male,1115
TXN0000587,2024-02-06,11:44:08,Butwal Branch,Rupandehi,POS,Purchase,Debit Card,Savings,7114.27,91,Issuer Unavailable,Timeout,42,Female,918
TXN0000588,2024-02-06,12:18:39,Pokhara Lakeside,Kaski,Mobile Banking,Balance Inquiry,N/A,Savings,0.0,00,Approved,Success,18,Female,1122
TXN0000589,2024-02-06,13:14:07,Nepalgunj Branch,Banke,ATM,PIN Change,Debit Card,Savings,0.0,00,Approved,Success,43,Female,670
TXN0000590,2024-02-06,13:47:59,Janakpur Branch,Dhanusha,Branch Counter,Account Opening,N/A,Savings,0.0,00,Approved,Success,38,Female,707
TXN0000591,2024-02-06,14:30:41,Nepalgunj Branch,Banke,ATM,PIN Change,Debit Card,Savings,0.0,00,Approved,Success,43,Male,1101
TXN0000592,2024-02-06,15:05:44,Biratnagar Main,Morang,Internet Banking,Fund Transfer,N/A,Current,64982.56,00,Approved,Success,34,Female,561
TXN0000593,2024-02-06,17:23:47,Birgunj Branch,Parsa,ATM,Mini Statement,Debit Card,Savings,0.0,00,Approved,Success,25,Female,953
TXN0000594,2024-02-06,18:34:20,Bhaktapur Branch,Bhaktapur,POS,Purchase,Debit Card,Savings,2748.23,00,Approved,Success,,Male,980
TXN0000595,2024-02-06,19:59:05,Birgunj Branch,Parsa,ATM,PIN Change,Debit Card,Current,0.0,00,Approved,Success,48,Male,1632
TXN0000596,2024-02-06,20:52:37,Nepalgunj Branch,Banke,Mobile Banking,Mobile Top-up,N/A,Savings,100.0,00,Approved,Success,28,Female,556
TXN0000597,2024-02-07,09:41:00,Birgunj Branch,Parsa,Mobile Banking,Balance Inquiry,N/A,Savings,0.0,00,Approved,Success,24,Female,750
TXN0000598,2024-02-07,10:45:41,Nepalgunj Branch,Banke,Internet Banking,Fund Transfer,N/A,Savings,12521.71,14,Invalid Card,Failed,59,Female,867
TXN0000599,2024-02-07,10:53:47,Kathmandu Main,Kathmandu,POS,Refund,Credit Card,Current,1675.3,00,Approved,Success,29,Male,575
TXN0000600,2024-02-07,10:54:31,Pokhara Lakeside,Kaski,ATM,Balance Inquiry,Debit Card,Savings,0.0,00,Approved,Success,,Female,1213
TXN0000601,2024-02-07,12:08:47,Birgunj Branch,Parsa,POS,Purchase,Debit Card,Savings,3751.18,00,Approved,Success,41,Male,373
TXN0000602,2024-02-07,12:35:25,New Baneshwor,Kathmandu,POS,Purchase,Debit Card,Current,11838.89,00,Approved,Success,46,Female,448
TXN0000603,2024-02-07,12:40:21,Bhaktapur Branch,Bhaktapur,ATM,Mini Statement,Debit Card,Savings,0.0,00,Approved,Success,32,Female,1365
TXN0000604,2024-02-07,12:42:48,Bhaktapur Branch,Bhaktapur,Mobile Banking,Balance Inquiry,N/A,Current,0.0,00,Approved,Success,18,Male,1206
TXN0000605,2024-02-07,12:54:52,Bharatpur Branch,Chitwan,Mobile Banking,Mobile Top-up,N/A,Savings,1000.0,00,Approved,Success,26,Female,382
TXN0000606,2024-02-07,12:59:11,Bhaktapur Branch,Bhaktapur,Mobile Banking,Mobile Top-up,N/A,Savings,500.0,00,Approved,Success,43,Female,614
TXN0000607,2024-02-07,14:50:12,Lalitpur Branch,Lalitpur,Branch Counter,Account Opening,N/A,Savings,0.0,00,Approved,Success,40,Male,700
TXN0000608,2024-02-07,20:16:19,Janakpur Branch,Dhanusha,ATM,Balance Inquiry,Prepaid Card,Savings,0.0,00,Approved,Success,52,Female,729
TXN0000609,2024-02-08,05:24:51,Dharan Branch,Sunsari,POS,Purchase,Prepaid Card,Current,10978.69,00,Approved,Success,35,Female,580
TXN0000610,2024-02-08,09:13:15,Hetauda Branch,Makwanpur,ATM,Balance Inquiry,Debit Card,Savings,0.0,00,Approved,Success,29,Female,888
TXN0000611,2024-02-08,09:41:41,Dharan Branch,Sunsari,ATM,Balance Inquiry,Debit Card,Savings,0.0,00,Approved,Success,53,Female,1556
TXN0000612,2024-02-08,10:18:09,Dhangadhi Branch,Kailali,ATM,Mini Statement,Debit Card,Current,0.0,00,Approved,Success,58,Male,2123
TXN0000613,2024-02-08,10:38:19,New Baneshwor,Kathmandu,POS,Purchase,Debit Card,Savings,14733.98,00,Approved,Success,47,Female,583
TXN0000614,2024-02-08,12:26:17,Bhaktapur Branch,Bhaktapur,POS,Refund,Debit Card,Savings,4156.11,00,Approved,Success,49,Female,590
TXN0000615,2024-02-08,13:22:57,Pokhara Lakeside,Kaski,POS,Refund,Debit Card,Savings,4770.69,00,Approved,Success,38,Male,561
TXN0000616,2024-02-08,13:24:39,Dhangadhi Branch,Kailali,ATM,Cash Withdrawal,Debit Card,Savings,20000.0,00,Approved,Success,25,Male,591
TXN0000617,2024-02-08,16:19:15,Butwal Branch,Rupandehi,Mobile Banking,QR Payment,N/A,Savings,2989.44,00,Approved,Success,33,Male,80
TXN0000618,2024-02-08,17:05:50,Itahari Branch,Sunsari,ATM,Balance Inquiry,Credit Card,Current,0.0,00,Approved,Success,49,Female,840
TXN0000619,2024-02-08,17:21:11,Janakpur Branch,Dhanusha,ATM,Mini Statement,Debit Card,Savings,0.0,00,Approved,Success,19,Male,530
TXN0000620,2024-02-08,17:45:38,Lalitpur Branch,Lalitpur,ATM,Cash Withdrawal,Debit Card,Savings,5000.0,00,Approved,Success,54,Female,919
TXN0000621,2024-02-08,19:38:40,Kathmandu Main,Kathmandu,Internet Banking,Statement Download,N/A,Savings,0.0,55,Incorrect PIN,Reversed,27,Female,518
TXN0000622,2024-02-08,20:03:49,Hetauda Branch,Makwanpur,ATM,Balance Inquiry,Debit Card,Savings,0.0,00,Approved,Success,26,Male,1698
TXN0000623,2024-02-09,08:40:05,Hetauda Branch,Makwanpur,POS,Refund,Prepaid Card,Savings,9406.55,00,Approved,Success,26,Male,555
TXN0000624,2024-02-09,09:42:29,Hetauda Branch,Makwanpur,Mobile Banking,Fund Transfer,N/A,Current,62205.0,00,Approved,Success,33,Male,101
TXN0000625,2024-02-09,13:46:50,Kathmandu Main,Kathmandu,ATM,Mini Statement,Debit Card,Current,0.0,00,Approved,Success,41,Female,1154
TXN0000626,2024-02-09,15:09:03,Itahari Branch,Sunsari,ATM,Cash Withdrawal,Debit Card,Savings,3000.0,00,Approved,Success,25,Male,1495
TXN0000627,2024-02-09,15:30:43,Pokhara Lakeside,Kaski,POS,Refund,Debit Card,Savings,6060.0,00,Approved,Success,28,Female,380
TXN0000628,2024-02-09,15:37:26,Dhangadhi Branch,Kailali,Mobile Banking,Balance Inquiry,N/A,Savings,0.0,00,Approved,Success,38,Female,771
TXN0000629,2024-02-09,15:37:54,Janakpur Branch,Dhanusha,Mobile Banking,Bill Payment,N/A,Savings,10177.62,00,Approved,Success,23,Male,965
TXN0000630,2024-02-09,15:48:14,Dhangadhi Branch,Kailali,POS,Refund,Debit Card,Fixed Deposit,412.6,00,Approved,Success,47,Male,415
TXN0000631,2024-02-09,16:36:24,Pokhara Lakeside,Kaski,Mobile Banking,Mobile Top-up,N/A,Savings,1000.0,00,Approved,Success,49,Male,802
TXN0000632,2024-02-09,16:49:03,Butwal Branch,Rupandehi,ATM,Cash Withdrawal,Credit Card,Savings,8000.0,00,Approved,Success,26,Male,881
TXN0000633,2024-02-09,17:46:55,Bhaktapur Branch,Bhaktapur,Branch Counter,Account Opening,N/A,Fixed Deposit,0.0,61,Exceeds Withdrawal Limit,Failed,21,Female,670
TXN0000634,2024-02-09,17:58:29,Janakpur Branch,Dhanusha,Mobile Banking,QR Payment,N/A,Savings,1925.08,00,Approved,Success,33,Male,930
TXN0000635,2024-02-09,20:20:24,Bhaktapur Branch,Bhaktapur,Mobile Banking,Mobile Top-up,N/A,Savings,100.0,00,Approved,Success,35,Female,872
TXN0000636,2024-02-10,11:06:48,New Baneshwor,Kathmandu,POS,Purchase,Debit Card,Savings,4295.36,00,Approved,Success,,Female,565
TXN0000637,2024-02-10,12:00:49,Butwal Branch,Rupandehi,ATM,Mini Statement,Debit Card,Current,0.0,00,Approved,Success,31,Male,989
TXN0000638,2024-02-10,12:21:57,Dharan Branch,Sunsari,Branch Counter,Cash Deposit,N/A,Savings,107620.32,00,Approved,Success,33,Female,952
TXN0000639,2024-02-10,15:03:23,New Baneshwor,Kathmandu,Internet Banking,Statement Download,N/A,Current,0.0,00,Approved,Success,51,Male,588
TXN0000640,2024-02-10,15:40:34,Birgunj Branch,Parsa,ATM,Cash Withdrawal,Debit Card,Savings,20000.0,00,Approved,Success,25,Male,1346
TXN0000641,2024-02-10,16:15:52,Janakpur Branch,Dhanusha,POS,Purchase,Credit Card,Current,10202.69,00,Approved,Success,41,Male,809
TXN0000642,2024-02-10,17:23:54,Nepalgunj Branch,Banke,Mobile Banking,QR Payment,N/A,Savings,105.22,00,Approved,Success,40,Male,155
TXN0000643,2024-02-10,18:00:00,Itahari Branch,Sunsari,POS,Purchase,Debit Card,Current,11254.09,00,Approved,Success,38,Female,558
TXN0000644,2024-02-10,18:27:33,Butwal Branch,Rupandehi,ATM,Mini Statement,Debit Card,Savings,0.0,00,Approved,Success,36,Female,414
TXN0000645,2024-02-10,19:08:44,Dhangadhi Branch,Kailali,ATM,PIN Change,Debit Card,Savings,0.0,00,Approved,Success,23,Male,1649
TXN0000646,2024-02-11,02:14:37,Lalitpur Branch,Lalitpur,ATM,Cash Withdrawal,Prepaid Card,Savings,10000.0,00,Approved,Success,40,Female,1360
TXN0000647,2024-02-11,07:33:14,Biratnagar Main,Morang,Mobile Banking,Mobile Top-up,N/A,Savings,500.0,00,Approved,Success,44,Male,1021
TXN0000648,2024-02-11,09:27:56,Kathmandu Main,Kathmandu,ATM,PIN Change,Debit Card,Savings,0.0,00,Approved,Success,47,Female,387
TXN0000649,2024-02-11,09:56:47,Biratnagar Main,Morang,ATM,Balance Inquiry,Debit Card,Savings,0.0,00,Approved,Success,26,Female,786
TXN0000650,2024-02-11,10:43:37,Nepalgunj Branch,Banke,ATM,PIN Change,Debit Card,Savings,0.0,00,Approved,Success,23,Male,1171
TXN0000651,2024-02-11,12:17:06,Bharatpur Branch,Chitwan,ATM,Balance Inquiry,Debit Card,Current,0.0,00,Approved,Success,37,Male,1085
TXN0000652,2024-02-11,13:30:17,Dhangadhi Branch,Kailali,Mobile Banking,QR Payment,N/A,Current,2392.37,00,Approved,Success,31,Female,1029
TXN0000653,2024-02-11,16:35:14,Bharatpur Branch,Chitwan,Branch Counter,Cash Withdrawal,N/A,Savings,5000.0,00,Approved,Success,34,Male,250
TXN0000654,2024-02-11,17:28:29,New Baneshwor,Kathmandu,POS,Refund,Credit Card,Savings,9172.71,00,Approved,Success,36,Male,565
TXN0000655,2024-02-11,17:49:05,Kathmandu Main,Kathmandu,POS,Purchase,Debit Card,Savings,4175.57,00,Approved,Success,44,Female,970
TXN0000656,2024-02-11,17:51:26,Birgunj Branch,Parsa,Mobile Banking,Fund Transfer,N/A,Savings,15877.82,00,Approved,Success,30,Female,583
TXN0000657,2024-02-11,18:38:59,Hetauda Branch,Makwanpur,Branch Counter,Account Opening,N/A,Fixed Deposit,0.0,00,Approved,Success,32,Male,194
TXN0000658,2024-02-11,19:23:11,Dharan Branch,Sunsari,POS,Purchase,Debit Card,Savings,13433.67,00,Approved,Success,27,Female,407
TXN0000659,2024-02-11,20:47:02,Janakpur Branch,Dhanusha,Mobile Banking,Balance Inquiry,N/A,Current,0.0,00,Approved,Success,24,Male,744
TXN0000660,2024-02-11,22:25:51,New Baneshwor,Kathmandu,branch counter,Account Opening,N/A,Savings,0.0,00,Approved,Success,26,Male,746
TXN0000661,2024-02-12,00:28:58,Dharan Branch,Sunsari,ATM,Cash Withdrawal,Debit Card,Savings,8000.0,00,Approved,Success,53,,1049
TXN0000662,2024-02-12,00:34:56,Butwal Branch,Rupandehi,ATM,Mini Statement,Debit Card,Savings,0.0,00,Approved,Success,39,Female,894
TXN0000663,2024-02-12,06:09:30,Janakpur Branch,Dhanusha,Internet Banking,Bill Payment,N/A,Savings,1616.31,55,Incorrect PIN,Timeout,59,Female,490
TXN0000664,2024-02-12,07:06:34,Birgunj Branch,Parsa,Internet Banking,Balance Inquiry,N/A,Savings,0.0,91,Issuer Unavailable,Timeout,40,Female,670
TXN0000665,2024-02-12,07:40:16,Pokhara Lakeside,Kaski,Mobile Banking,Mobile Top-up,N/A,Savings,100.0,00,Approved,Success,46,Male,513
TXN0000666,2024-02-12,10:19:13,Bharatpur Branch,Chitwan,ATM,Cash Withdrawal,Credit Card,Savings,2500.0,91,Issuer Unavailable,Reversed,33,Male,594
TXN0000667,2024-02-12,10:53:22,Bharatpur Branch,Chitwan,Mobile Banking,QR Payment,N/A,Savings,1991.11,00,Approved,Success,36,Female,706
TXN0000668,2024-02-12,11:43:31,Bharatpur Branch,Chitwan,Mobile Banking,QR Payment,N/A,Savings,3613.09,96,System Malfunction,Reversed,18,Female,733
TXN0000669,2024-02-12,12:32:23,Janakpur Branch,Dhanusha,POS,Refund,Debit Card,Savings,2217.68,00,Approved,Success,21,Male,894
TXN0000670,2024-02-12,15:33:03,Nepalgunj Branch,Banke,ATM,Balance Inquiry,Debit Card,Current,0.0,96,System Malfunction,Failed,18,Female,1187
TXN0000671,2024-02-12,15:42:18,Bharatpur Branch,Chitwan,ATM,Cash Withdrawal,Prepaid Card,Savings,500.0,00,Approved,Success,,Male,1572
TXN0000672,2024-02-12,16:55:45,Pokhara Lakeside,Kaski,ATM,Mini Statement,Debit Card,Savings,0.0,00,Approved,Success,41,Male,1239
TXN0000673,2024-02-12,16:59:17,Bharatpur Branch,Chitwan,ATM,Cash Withdrawal,Debit Card,Savings,20000.0,00,Approved,Success,30,Male,1384
TXN0000674,2024-02-12,17:12:12,Biratnagar Main,Morang,ATM,Mini Statement,Debit Card,Savings,0.0,00,Approved,Success,18,Female,941
TXN0000675,2024-02-12,19:23:25,New Baneshwor,Kathmandu,POS,Refund,Debit Card,Fixed Deposit,4004.79,00,Approved,Success,23,Male,419
TXN0000676,2024-02-12,20:46:53,Janakpur Branch,Dhanusha,ATM,Mini Statement,Credit Card,Current,0.0,00,Approved,Success,23,Female,465
TXN0000677,2024-02-12,22:56:15,Biratnagar Main,Morang,POS,Purchase,Debit Card,Savings,3146.23,00,Approved,Success,22,Male,639
TXN0000678,2024-02-13,09:43:26,Bhaktapur Branch,Bhaktapur,Mobile Banking,QR Payment,N/A,Savings,2272.82,00,Approved,Success,47,Female,414
TXN0000679,2024-02-13,09:46:53,Lalitpur Branch,Lalitpur,Branch Counter,Cash Withdrawal,N/A,Savings,5000.0,00,Approved,Success,35,Male,868
TXN0000680,2024-02-13,10:25:56,Bhaktapur Branch,Bhaktapur,ATM,PIN Change,Debit Card,Savings,0.0,00,Approved,Success,42,,1212
TXN0000681,2024-02-13,11:00:44,Biratnagar Main,Morang,POS,Purchase,Debit Card,Savings,2746.78,00,Approved,Success,37,Male,505
TXN0000682,2024-02-13,11:03:12,Itahari Branch,Sunsari,Mobile Banking,Mobile Top-up,N/A,Savings,1000.0,00,Approved,Success,29,Female,80
TXN0000683,2024-02-13,12:20:08,Butwal Branch,Rupandehi,ATM,Mini Statement,Debit Card,Savings,0.0,00,Approved,Success,22,Female,815
TXN0000684,2024-02-13,13:02:26,Kathmandu Main,Kathmandu,ATM,Cash Withdrawal,Debit Card,Current,5000.0,00,Approved,Success,18,Female,895
TXN0000685,2024-02-13,13:17:40,Janakpur Branch,Dhanusha,ATM,PIN Change,Debit Card,Savings,0.0,00,Approved,Success,31,Male,1401
TXN0000686,2024-02-13,13:42:55,Bharatpur Branch,Chitwan,POS,Refund,Debit Card,Savings,1683.01,00,Approved,Success,42,Female,641
TXN0000687,2024-02-13,13:47:33,Pokhara Lakeside,Kaski,ATM,PIN Change,Debit Card,Savings,0.0,00,Approved,Success,38,Male,1580
TXN0000688,2024-02-13,13:52:23,Lalitpur Branch,Lalitpur,Internet Banking,Balance Inquiry,N/A,Current,0.0,00,Approved,Success,18,Male,933
TXN0000688,2024-02-13,13:52:23,Lalitpur Branch,Lalitpur,Internet Banking,Balance Inquiry,N/A,Current,0.0,00,Approved,Success,18,Male,933
TXN0000689,2024-02-13,14:09:15,Hetauda Branch,Makwanpur,Mobile Banking,QR Payment,N/A,Savings,3419.54,00,Approved,Success,45,Female,315
TXN0000690,2024-02-13,14:12:06,Itahari Branch,Sunsari,POS,Refund,Debit Card,Savings,5669.76,00,Approved,Success,23,Female,144
TXN0000691,2024-02-13,15:28:08,Birgunj Branch,Parsa,Branch Counter,Fund Transfer,N/A,Fixed Deposit,17574.52,96,System Malfunction,Timeout,45,Female,600
TXN0000692,2024-02-13,16:05:01,Birgunj Branch,Parsa,POS,Purchase,Debit Card,Savings,6913.51,00,Approved,Success,47,Male,662
TXN0000693,2024-02-13,18:35:34,Biratnagar Main,Morang,POS,Refund,Debit Card,Savings,6486.14,00,Approved,Success,38,Male,731
TXN0000693,2024-02-13,18:35:34,Biratnagar Main,Morang,POS,Refund,Debit Card,Savings,6486.14,00,Approved,Success,38,Male,731
TXN0000694,2024-02-13,18:43:31,Birgunj Branch,Parsa,Internet Banking,Balance Inquiry,N/A,Savings,0.0,00,Approved,Success,24,Male,305
TXN0000695,2024-02-13,21:37:42,  Lalitpur Branch  ,Lalitpur,Mobile Banking,Mobile Top-up,N/A,Savings,200.0,00,Approved,Success,18,Female,470
TXN0000696,2024-02-13,22:15:33,DHANGADHI BRANCH,Kailali,ATM,Mini Statement,Debit Card,Savings,0.0,00,Approved,Success,38,Female,80
TXN0000697,2024-02-13,23:02:19,Biratnagar Main,Morang,Branch Counter,Fund Transfer,N/A,Savings,72325.78,00,Approved,Success,37,Male,508
TXN0000698,2024-02-14,03:40:41,Bhaktapur Branch,Bhaktapur,ATM,Mini Statement,Debit Card,Savings,0.0,00,Approved,Success,56,Male,1068
TXN0000699,2024-02-14,07:30:58,Hetauda Branch,Makwanpur,POS,Refund,Debit Card,Current,4355.86,00,Approved,Success,27,Male,283
TXN0000700,2024-02-14,09:04:18,Dharan Branch,Sunsari,POS,Purchase,Debit Card,Savings,9552.67,00,Approved,Success,18,Male,748
TXN0000701,2024-02-14,09:46:01,Biratnagar Main,Morang,POS,Purchase,Credit Card,Savings,5733.44,00,Approved,Success,31,Female,307
TXN0000702,2024-02-14,10:13:42,Butwal Branch,Rupandehi,Mobile Banking,Bill Payment,N/A,Savings,4239.14,00,Approved,Success,23,Female,840
TXN0000703,2024-02-14,10:42:13,Bhaktapur Branch,Bhaktapur,Mobile Banking,Mobile Top-up,N/A,Savings,200.0,00,Approved,Success,36,Female,1014
TXN0000704,2024-02-14,11:10:06,  Lalitpur Branch  ,Lalitpur,Branch Counter,Cash Deposit,N/A,Savings,176521.96,00,Approved,Success,19,Male,499
TXN0000705,2024-02-14,11:32:50,Kathmandu Main,Kathmandu,Mobile Banking,Balance Inquiry,N/A,Current,0.0,00,Approved,Success,,Female,303
TXN0000706,2024-02-14,13:03:58,New Baneshwor,Kathmandu,Mobile Banking,Bill Payment,N/A,Savings,2738.23,00,Approved,Success,26,Male,762
TXN0000707,2024-02-14,13:41:16,Itahari Branch,Sunsari,Mobile Banking,Fund Transfer,N/A,Savings,38433.66,00,Approved,Success,24,Female,814
TXN0000708,2024-02-14,14:24:55,New Baneshwor,Kathmandu,ATM,PIN Change,Debit Card,Savings,0.0,00,Approved,Success,30,Male,1712
TXN0000709,2024-02-14,16:11:05,Bhaktapur Branch,Bhaktapur,Mobile Banking,Bill Payment,N/A,Savings,8583.46,00,Approved,Success,31,Male,787
TXN0000710,2024-02-14,17:29:06,Pokhara Lakeside,Kaski,Internet Banking,Balance Inquiry,N/A,Current,0.0,00,Approved,Success,75,Male,121
TXN0000711,2024-02-14,17:58:18,ITAHARI BRANCH,Sunsari,ATM,Balance Inquiry,Debit Card,Savings,0.0,00,Approved,Success,27,Female,1415
TXN0000712,2024-02-14,18:12:49,Hetauda Branch,Makwanpur,Branch Counter,Cash Withdrawal,N/A,Savings,8000.0,00,Approved,Success,48,Female,828
TXN0000713,2024-02-14,18:27:21,Biratnagar Main,Morang,ATM,PIN Change,Credit Card,Savings,0.0,00,Approved,Success,25,Female,1286
TXN0000714,2024-02-14,18:33:06,Itahari Branch,Sunsari,Branch Counter,Cash Withdrawal,N/A,Current,8000.0,00,Approved,Success,45,Female,80
TXN0000715,2024-02-14,18:46:55,Pokhara Lakeside,Kaski,Internet Banking,Bill Payment,N/A,Savings,4402.74,00,Approved,Success,28,Female,1105
TXN0000716,2024-02-14,21:47:37,Pokhara Lakeside,Kaski,ATM,PIN Change,Prepaid Card,Savings,0.0,00,Approved,Success,29,Male,698
TXN0000717,2024-02-14,22:35:54,Hetauda Branch,Makwanpur,ATM,Mini Statement,Debit Card,Savings,0.0,00,Approved,Success,43,Female,919
TXN0000718,2024-02-14,22:50:45,Hetauda Branch,Makwanpur,ATM,Balance Inquiry,Debit Card,Current,0.0,00,Approved,Success,20,Male,672
TXN0000719,2024-02-15,03:21:02,Nepalgunj Branch,Banke,Branch Counter,Cash Withdrawal,N/A,Savings,2500.0,00,Approved,Success,57,Male,867
TXN0000720,2024-02-15,08:13:43,Itahari Branch,Sunsari,Internet Banking,Bill Payment,N/A,Savings,4546.02,51,Insufficient Funds,Timeout,26,Female,751
TXN0000721,2024-02-15,10:44:19,Hetauda Branch,Makwanpur,ATM,Balance Inquiry,Debit Card,Current,0.0,00,Approved,Success,28,Female,1089
TXN0000722,2024-02-15,11:44:14,Birgunj Branch,Parsa,POS,Purchase,Debit Card,Savings,14860.05,00,Approved,Success,33,Male,647
TXN0000723,2024-02-15,12:02:26,Birgunj Branch,Parsa,Mobile Banking,Mobile Top-up,N/A,Savings,50.0,96,System Malfunction,Failed,26,Male,80
TXN0000724,2024-02-15,12:32:57,Bharatpur Branch,Chitwan,ATM,Cash Withdrawal,Debit Card,Current,2500.0,00,Approved,Success,47,Male,918
TXN0000725,2024-02-15,14:43:30,Butwal Branch,Rupandehi,Mobile Banking,Balance Inquiry,N/A,Savings,0.0,00,Approved,Success,37,Female,606
TXN0000726,2024-02-15,15:03:24,Nepalgunj Branch,Banke,Mobile Banking,Balance Inquiry,N/A,Savings,0.0,00,Approved,Success,31,Male,382
TXN0000727,2024-02-15,15:07:49,Dharan Branch,Sunsari,Mobile Banking,QR Payment,N/A,Savings,4688.19,00,Approved,Success,46,Male,632
TXN0000728,2024-02-15,16:26:45,Itahari Branch,Sunsari,POS,Refund,Debit Card,Current,8858.5,00,Approved,Success,33,Female,1020
TXN0000729,2024-02-15,16:54:26,Bharatpur Branch,Chitwan,ATM,PIN Change,Credit Card,Current,0.0,00,Approved,Success,26,Male,637
TXN0000730,2024-02-15,17:00:06,Butwal Branch,Rupandehi,ATM,Mini Statement,Credit Card,Savings,0.0,51,Insufficient Funds,Reversed,34,Male,1156
TXN0000731,2024-02-15,17:47:49,Biratnagar Main,Morang,ATM,Mini Statement,Credit Card,Savings,0.0,00,Approved,Success,27,Male,1407
TXN0000732,2024-02-15,18:53:14,New Baneshwor,Kathmandu,ATM,PIN Change,Debit Card,Savings,0.0,00,Approved,Success,22,Female,1230
TXN0000733,2024-02-15,20:04:40,Janakpur Branch,Dhanusha,POS,Purchase,Credit Card,Current,13768.33,00,Approved,Success,18,Male,507
TXN0000734,2024-02-15,22:24:54,Butwal Branch,Rupandehi,Mobile Banking,Fund Transfer,N/A,Savings,47463.37,00,Approved,Success,34,Female,786
TXN0000735,2024-02-16,03:11:53,Bhaktapur Branch,Bhaktapur,Mobile Banking,Balance Inquiry,N/A,Savings,0.0,55,Incorrect PIN,Timeout,32,Male,853
TXN0000736,2024-02-16,07:43:08,Janakpur Branch,Dhanusha,Internet Banking,Statement Download,N/A,Current,0.0,00,Approved,Success,28,Male,710
TXN0000736,2024-02-16,07:43:08,Janakpur Branch,Dhanusha,Internet Banking,Statement Download,N/A,Current,0.0,00,Approved,Success,28,Male,710
TXN0000737,2024-02-16,09:22:48,Biratnagar Main,Morang,POS,Purchase,Debit Card,Savings,6405.61,00,Approved,Success,36,Male,1354
TXN0000738,2024-02-16,10:52:14,New Baneshwor,Kathmandu,Internet Banking,Balance Inquiry,N/A,Savings,0.0,00,Approved,Success,46,Female,1099
TXN0000739,2024-02-16,14:18:48,Bharatpur Branch,Chitwan,ATM,Balance Inquiry,Debit Card,Current,0.0,00,Approved,Success,26,Female,703
TXN0000740,2024-02-16,14:23:59,Janakpur Branch,Dhanusha,ATM,Mini Statement,Debit Card,Savings,0.0,00,Approved,Success,29,Male,779
TXN0000741,2024-02-16,15:24:07,Butwal Branch,Rupandehi,Internet Banking,Fund Transfer,N/A,Savings,75541.31,00,Approved,Success,32,Male,448
TXN0000742,2024-02-16,18:58:13,Birgunj Branch,Parsa,ATM,Mini Statement,Debit Card,Savings,0.0,00,Approved,Success,22,Male,1099
TXN0000743,2024-02-17,02:47:55,Itahari Branch,Sunsari,POS,Refund,Debit Card,Savings,5127.11,00,Approved,Success,32,Female,942
TXN0000744,2024-02-17,04:08:02,New Baneshwor,Kathmandu,Branch Counter,Fund Transfer,N/A,Savings,44432.01,00,Approved,Success,,Female,1032
TXN0000745,2024-02-17,04:35:00,Birgunj Branch,Parsa,ATM,Mini Statement,Debit Card,Current,0.0,00,Approved,Success,24,Male,1415
TXN0000745,2024-02-17,04:35:00,Birgunj Branch,Parsa,ATM,Mini Statement,Debit Card,Current,0.0,00,Approved,Success,24,Male,1415
TXN0000746,2024-02-17,07:15:28,Bharatpur Branch,Chitwan,pos,Purchase,Prepaid Card,Savings,8682.36,00,Approved,Success,45,Male,701
TXN0000747,2024-02-17,09:23:41,Janakpur Branch,Dhanusha,Internet Banking,Statement Download,N/A,Current,0.0,00,Approved,Success,27,Female,1149
TXN0000748,2024-02-17,09:31:29,Dharan Branch,Sunsari,ATM,Cash Withdrawal,Debit Card,Savings,3000.0,55,Incorrect PIN,Failed,29,Female,1011
TXN0000749,2024-02-17,09:42:19,Lalitpur Branch,Lalitpur,ATM,Mini Statement,Debit Card,Savings,0.0,00,Approved,Success,23,Female,1257
TXN0000750,2024-02-17,10:36:18,Kathmandu Main,Kathmandu,ATM,Mini Statement,Debit Card,Savings,0.0,00,Approved,Success,38,Female,1858
TXN0000751,2024-02-17,11:11:20,Itahari Branch,Sunsari,ATM,Balance Inquiry,Debit Card,Savings,0.0,51,Insufficient Funds,Timeout,28,Male,1482
TXN0000752,2024-02-17,11:15:20,Bhaktapur Branch,Bhaktapur,POS,Purchase,Debit Card,Savings,4635.74,00,Approved,Success,47,Male,980
TXN0000753,2024-02-17,12:35:04,Biratnagar Main,Morang,Internet Banking,Balance Inquiry,N/A,Savings,0.0,00,Approved,Success,37,Male,702
TXN0000754,2024-02-17,12:37:02,Nepalgunj Branch,Banke,Mobile Banking,Balance Inquiry,N/A,Current,0.0,00,Approved,Success,30,Male,754
TXN0000755,2024-02-17,12:56:40,Hetauda Branch,Makwanpur,Mobile Banking,Bill Payment,N/A,Savings,9736.79,00,Approved,Success,68,Male,805
TXN0000756,2024-02-17,17:31:17,Hetauda Branch,Makwanpur,Mobile Banking,Mobile Top-up,N/A,Savings,200.0,00,Approved,Success,38,Female,358
TXN0000757,2024-02-17,18:26:20,Biratnagar Main,Morang,Internet Banking,Balance Inquiry,N/A,Savings,0.0,00,Approved,Success,42,Male,164
TXN0000758,2024-02-17,18:42:43,Nepalgunj Branch,Banke,Mobile Banking,QR Payment,N/A,Savings,1154.18,00,Approved,Success,50,Male,317
TXN0000759,2024-02-17,20:53:52,Bhaktapur Branch,Bhaktapur,ATM,PIN Change,Prepaid Card,Savings,0.0,00,Approved,Success,41,Female,1200
TXN0000760,2024-02-17,21:28:13,New Baneshwor,Kathmandu,ATM,Balance Inquiry,Debit Card,Savings,0.0,00,Approved,Success,18,Female,1193
TXN0000761,2024-02-17,22:00:51,Butwal Branch,Rupandehi,ATM,PIN Change,Credit Card,Current,0.0,00,Approved,Success,27,Male,391
TXN0000762,2024-02-18,06:00:34,Biratnagar Main,Morang,Mobile Banking,QR Payment,N/A,Current,2903.12,00,Approved,Success,46,Female,730
TXN0000763,2024-02-18,07:13:37,Bhaktapur Branch,Bhaktapur,POS,Purchase,Debit Card,Savings,868.81,00,Approved,Success,30,Male,329
TXN0000764,2024-02-18,09:25:54,Janakpur Branch,Dhanusha,ATM,Cash Withdrawal,Prepaid Card,Savings,3000.0,51,Insufficient Funds,Failed,39,Female,1073
TXN0000765,2024-02-18,09:37:01,Janakpur Branch,Dhanusha,ATM,Mini Statement,Debit Card,Current,0.0,00,Approved,Success,38,Male,1449
TXN0000766,2024-02-18,11:29:32,Birgunj Branch,Parsa,ATM,Balance Inquiry,Debit Card,Savings,0.0,00,Approved,Success,36,Male,1125
TXN0000767,2024-02-18,11:33:55,Kathmandu Main,Kathmandu,Mobile Banking,Balance Inquiry,N/A,Savings,0.0,00,Approved,Success,,Male,274
TXN0000768,2024-02-18,12:40:53,Nepalgunj Branch,Banke,POS,Purchase,Credit Card,Current,12499.57,00,Approved,Success,21,Female,414
TXN0000769,2024-02-18,17:20:22,Bharatpur Branch,Chitwan,Branch Counter,Cash Withdrawal,N/A,Savings,1000.0,00,Approved,Success,24,Male,80
TXN0000770,2024-02-18,17:22:20,Janakpur Branch,Dhanusha,ATM,Mini Statement,Debit Card,Savings,0.0,00,Approved,Success,25,Female,773
TXN0000771,2024-02-18,18:15:52,Lalitpur Branch,Lalitpur,Mobile Banking,QR Payment,N/A,Current,4971.7,00,Approved,Success,59,Female,593
TXN0000772,2024-02-18,18:52:17,Bhaktapur Branch,Bhaktapur,Mobile Banking,Mobile Top-up,N/A,Savings,200.0,00,Approved,Success,,Male,907
TXN0000773,2024-02-19,01:38:11,New Baneshwor,Kathmandu,ATM,Cash Withdrawal,Debit Card,Savings,1500.0,00,Approved,Success,37,Male,1153
TXN0000774,2024-02-19,03:51:57,Dhangadhi Branch,Kailali,Internet Banking,Bill Payment,N/A,Savings,10023.38,00,Approved,Success,21,Male,490
TXN0000775,2024-02-19,04:10:31,Kathmandu Main,Kathmandu,Mobile Banking,Bill Payment,N/A,Savings,10009.64,91,Issuer Unavailable,Reversed,23,Male,528
TXN0000776,2024-02-19,07:25:25,Kathmandu Main,Kathmandu,Mobile Banking,Mobile Top-up,N/A,Savings,1000.0,00,Approved,Success,21,Female,664
TXN0000777,2024-02-19,10:28:54,Hetauda Branch,Makwanpur,ATM,Balance Inquiry,Debit Card,Savings,0.0,00,Approved,Success,46,Female,1871
TXN0000778,2024-02-19,11:22:33,Pokhara Lakeside,Kaski,ATM,Cash Withdrawal,Prepaid Card,Savings,20000.0,00,Approved,Success,43,Male,747
TXN0000779,2024-02-19,11:30:14,Dhangadhi Branch,Kailali,Mobile Banking,Mobile Top-up,N/A,Savings,500.0,55,Incorrect PIN,Failed,18,Male,1013
TXN0000780,2024-02-19,12:46:47,New Baneshwor,Kathmandu,Mobile Banking,Mobile Top-up,N/A,Savings,1000.0,00,Approved,Success,58,Male,500
TXN0000781,2024-02-19,14:19:05,Bhaktapur Branch,Bhaktapur,ATM,PIN Change,Credit Card,Savings,0.0,00,Approved,Success,36,Male,959
TXN0000782,2024-02-19,14:41:53,Birgunj Branch,Parsa,ATM,PIN Change,Debit Card,Savings,0.0,00,Approved,Success,36,Female,437
TXN0000783,2024-02-19,15:21:32,Nepalgunj Branch,Banke,Mobile Banking,Bill Payment,N/A,Savings,1424.62,00,Approved,Success,27,Female,934
TXN0000784,2024-02-19,15:44:56,Pokhara Lakeside,Kaski,ATM,Cash Withdrawal,Debit Card,Current,2000.0,00,Approved,Success,26,Female,1463
TXN0000785,2024-02-19,17:53:54,Lalitpur Branch,Lalitpur,ATM,Cash Withdrawal,Debit Card,Savings,5000.0,00,Approved,Success,43,Male,1482
TXN0000786,2024-02-19,18:25:25,Bhaktapur Branch,Bhaktapur,Mobile Banking,Fund Transfer,N/A,Savings,93866.85,55,Incorrect PIN,Timeout,42,Male,240
TXN0000787,2024-02-19,19:02:35,Kathmandu Main,Kathmandu,ATM,Mini Statement,Prepaid Card,Current,0.0,00,Approved,Success,23,Female,498
TXN0000788,2024-02-19,20:10:04,Bhaktapur Branch,Bhaktapur,Mobile Banking,Bill Payment,N/A,Current,6701.49,91,Issuer Unavailable,Failed,21,Male,601
TXN0000789,2024-02-19,20:37:36,Janakpur Branch,Dhanusha,Mobile Banking,Bill Payment,N/A,Savings,4738.63,00,Approved,Success,53,Female,647
TXN0000790,2024-02-20,00:09:30,Pokhara Lakeside,Kaski,POS,Purchase,Debit Card,Savings,14482.9,00,Approved,Success,36,Female,677
TXN0000791,2024-02-20,05:14:27,Kathmandu Main,Kathmandu,Internet Banking,Bill Payment,N/A,Current,3019.59,00,Approved,Success,19,Male,254
TXN0000792,2024-02-20,07:46:02,Kathmandu Main,Kathmandu,Mobile Banking,Balance Inquiry,N/A,Savings,0.0,00,Approved,Success,44,Female,557
TXN0000793,2024-02-20,08:59:33,Janakpur Branch,Dhanusha,Mobile Banking,Balance Inquiry,N/A,Current,0.0,00,Approved,Success,52,Male,1008
TXN0000794,2024-02-20,09:47:12,Birgunj Branch,Parsa,ATM,Cash Withdrawal,Debit Card,Current,500.0,00,Approved,Success,25,Male,760
TXN0000795,2024-02-20,10:15:00,Dharan Branch,Sunsari,Branch Counter,Cash Deposit,N/A,Savings,120898.25,00,Approved,Success,33,Male,323
TXN0000796,2024-02-20,11:21:37,Birgunj Branch,Parsa,POS,Purchase,Credit Card,Savings,10314.86,00,Approved,Success,38,Male,240
TXN0000797,2024-02-20,12:44:39,New Baneshwor,Kathmandu,Mobile Banking,Bill Payment,N/A,Savings,8151.9,00,Approved,Success,18,Female,627
TXN0000798,2024-02-20,12:48:32,Butwal Branch,Rupandehi,ATM,PIN Change,Credit Card,Savings,0.0,00,Approved,Success,40,Male,1385
TXN0000799,2024-02-20,12:56:17,New Baneshwor,Kathmandu,POS,Refund,Debit Card,Savings,1579.75,00,Approved,Success,,Male,537
TXN0000800,2024-02-20,14:30:05,Butwal Branch,Rupandehi,Mobile Banking,Bill Payment,N/A,Savings,8176.34,00,Approved,Success,30,Male,565
TXN0000801,2024-02-20,15:02:31,Birgunj Branch,Parsa,Internet Banking,Statement Download,N/A,Savings,0.0,00,Approved,Success,49,Male,708
TXN0000802,2024-02-20,17:32:41,Hetauda Branch,Makwanpur,POS,Refund,Debit Card,Savings,6088.22,00,Approved,Success,45,Male,584
TXN0000803,2024-02-20,17:55:39,Bhaktapur Branch,Bhaktapur,Internet Banking,Balance Inquiry,N/A,Savings,0.0,00,Approved,Success,24,Male,409
TXN0000804,2024-02-21,00:44:36,Dhangadhi Branch,Kailali,ATM,PIN Change,Debit Card,Savings,0.0,00,Approved,Success,44,Female,1048
TXN0000805,2024-02-21,01:41:42,Bhaktapur Branch,Bhaktapur,Mobile Banking,Mobile Top-up,N/A,Current,100.0,00,Approved,Success,24,Female,488
TXN0000806,2024-02-21,04:01:01,Itahari Branch,Sunsari,Mobile Banking,Fund Transfer,N/A,Savings,45496.14,00,Approved,Success,32,Female,817
TXN0000807,2024-02-21,06:24:15,Birgunj Branch,Parsa,ATM,PIN Change,Debit Card,Current,0.0,00,Approved,Success,31,Male,1272
TXN0000808,2024-02-21,08:17:35,Kathmandu Main,Kathmandu,POS,Refund,Debit Card,Savings,1085.97,00,Approved,Success,31,Male,479
TXN0000809,2024-02-21,09:45:19,Itahari Branch,Sunsari,Mobile Banking,Fund Transfer,N/A,Savings,81141.03,00,Approved,Success,54,Male,1250
TXN0000810,2024-02-21,10:37:16,Kathmandu Main,Kathmandu,Internet Banking,Statement Download,N/A,Savings,0.0,00,Approved,Success,21,Male,361
TXN0000811,2024-02-21,10:51:44,Biratnagar Main,Morang,Internet Banking,Fund Transfer,N/A,Savings,89586.51,00,Approved,Success,39,Male,446
TXN0000812,2024-02-21,11:22:55,Nepalgunj Branch,Banke,ATM,Balance Inquiry,Debit Card,Savings,0.0,00,Approved,Success,18,Male,671
TXN0000813,2024-02-21,11:24:06,Bhaktapur Branch,Bhaktapur,Mobile Banking,Bill Payment,N/A,Current,8496.89,00,Approved,Success,21,Male,672
TXN0000814,2024-02-21,11:25:44,Kathmandu Main,Kathmandu,ATM,Cash Withdrawal,Credit Card,Savings,1000.0,00,Approved,Success,53,Female,534
TXN0000815,2024-02-21,11:59:51,Birgunj Branch,Parsa,ATM,Balance Inquiry,Debit Card,Current,0.0,00,Approved,Success,29,Female,1950
TXN0000816,2024-02-21,13:39:58,Hetauda Branch,Makwanpur,ATM,Mini Statement,Debit Card,Current,0.0,00,Approved,Success,33,Female,1184
TXN0000817,2024-02-21,13:52:57,Kathmandu Main,Kathmandu,Mobile Banking,QR Payment,N/A,Savings,2083.38,00,Approved,Success,41,Male,533
TXN0000818,2024-02-21,14:08:52,Butwal Branch,Rupandehi,ATM,PIN Change,Debit Card,Current,0.0,14,Invalid Card,Timeout,18,Male,1267
TXN0000819,2024-02-21,15:53:40,Bharatpur Branch,Chitwan,ATM,Balance Inquiry,Credit Card,Savings,0.0,00,Approved,Success,37,Female,1358
TXN0000820,2024-02-21,16:38:00,Dharan Branch,Sunsari,Mobile Banking,Fund Transfer,N/A,Savings,11526.26,00,Approved,Success,48,Female,577
TXN0000821,2024-02-21,17:46:36,Itahari Branch,Sunsari,Mobile Banking,QR Payment,N/A,Current,1141.05,00,Approved,Success,54,Female,403
TXN0000822,2024-02-21,18:56:52,Nepalgunj Branch,Banke,ATM,Balance Inquiry,Debit Card,Savings,0.0,00,Approved,Success,49,Male,1050
TXN0000823,2024-02-21,19:01:03,Nepalgunj Branch,Banke,POS,Refund,Debit Card,Savings,1632.91,00,Approved,Success,32,Female,555
TXN0000824,2024-02-21,23:58:34,Kathmandu Main,Kathmandu,ATM,Mini Statement,Debit Card,Current,0.0,00,Approved,Success,26,Male,1211
TXN0000825,2024-02-22,06:52:23,New Baneshwor,Kathmandu,Mobile Banking,QR Payment,N/A,Savings,4032.02,00,Approved,Success,43,Male,656
TXN0000826,2024-02-22,07:36:36,New Baneshwor,Kathmandu,POS,Purchase,Debit Card,Savings,1689.88,00,Approved,Success,18,Female,1051
TXN0000827,2024-02-22,10:41:55,Biratnagar Main,Morang,ATM,PIN Change,Debit Card,Savings,0.0,00,Approved,Success,40,Female,1019
TXN0000828,2024-02-22,10:50:38,Dhangadhi Branch,Kailali,Mobile Banking,Fund Transfer,N/A,Savings,17368.56,00,Approved,Success,36,Male,320
TXN0000829,2024-02-22,11:26:04,Janakpur Branch,Dhanusha,POS,Purchase,Debit Card,Savings,13986.19,00,Approved,Success,56,Female,832
TXN0000830,2024-02-22,11:57:09,Janakpur Branch,Dhanusha,ATM,Cash Withdrawal,Debit Card,Current,2500.0,00,Approved,Success,44,Male,903
TXN0000831,2024-02-22,12:57:24,Bharatpur Branch,Chitwan,ATM,Cash Withdrawal,Credit Card,Savings,2500.0,00,Approved,Success,35,Male,1388
TXN0000832,2024-02-22,14:54:23,  Bharatpur Branch  ,Chitwan,Mobile Banking,Balance Inquiry,N/A,Current,0.0,00,Approved,Success,48,Male,435
TXN0000833,2024-02-22,17:24:41,Butwal Branch,Rupandehi,POS,Refund,Debit Card,Savings,2377.05,00,Approved,Success,35,Male,799
TXN0000834,2024-02-22,17:29:17,Bhaktapur Branch,Bhaktapur,Internet Banking,Bill Payment,N/A,Current,6165.01,00,Approved,Success,72,Female,80
TXN0000835,2024-02-22,18:46:31,New Baneshwor,Kathmandu,Mobile Banking,Bill Payment,N/A,Savings,2629.31,00,Approved,Success,41,Male,388
TXN0000836,2024-02-22,18:46:48,Kathmandu Main,Kathmandu,Mobile Banking,Mobile Top-up,N/A,Savings,50.0,00,Approved,Success,45,Male,524
TXN0000837,2024-02-22,20:43:06,  Dharan Branch  ,Sunsari,ATM,PIN Change,Credit Card,Savings,0.0,00,Approved,Success,32,Female,1069
TXN0000838,2024-02-23,00:36:09,  Hetauda Branch  ,Makwanpur,Mobile Banking,Balance Inquiry,N/A,Savings,0.0,00,Approved,Success,40,Male,411
TXN0000839,2024-02-23,00:54:41,Butwal Branch,Rupandehi,POS,Refund,Debit Card,Savings,4418.27,00,Approved,Success,34,,880
TXN0000840,2024-02-23,07:56:17,Biratnagar Main,Morang,Internet Banking,Fund Transfer,N/A,Savings,80743.92,00,Approved,Success,50,Male,353
TXN0000841,2024-02-23,09:40:54,Butwal Branch,Rupandehi,Internet Banking,Bill Payment,N/A,Savings,1552.32,00,Approved,Success,32,Female,937
TXN0000842,2024-02-23,10:28:02,BIRGUNJ BRANCH,Parsa,ATM,Cash Withdrawal,Debit Card,Current,2000.0,00,Approved,Success,26,Male,872
TXN0000843,2024-02-23,11:28:38,Butwal Branch,Rupandehi,ATM,PIN Change,Debit Card,Savings,0.0,00,Approved,Success,26,Female,1683
TXN0000844,2024-02-23,12:15:20,Nepalgunj Branch,Banke,Internet Banking,Statement Download,N/A,Savings,0.0,00,Approved,Success,49,Male,833
TXN0000845,2024-02-23,13:55:27,Pokhara Lakeside,Kaski,Branch Counter,Fund Transfer,N/A,Savings,75613.8,00,Approved,Success,,Female,213
TXN0000846,2024-02-23,14:05:11,Dharan Branch,Sunsari,ATM,Mini Statement,Debit Card,Current,0.0,00,Approved,Success,38,Male,1791
TXN0000847,2024-02-23,16:49:44,Birgunj Branch,Parsa,Mobile Banking,Bill Payment,N/A,Savings,3208.43,00,Approved,Success,19,Female,559
TXN0000848,2024-02-23,16:50:03,Butwal Branch,Rupandehi,Mobile Banking,QR Payment,N/A,Savings,445.0,00,Approved,Success,47,Male,571
TXN0000849,2024-02-23,17:05:46,Janakpur Branch,Dhanusha,ATM,Mini Statement,Debit Card,Savings,0.0,00,Approved,Success,24,,1455
TXN0000850,2024-02-23,17:12:48,Nepalgunj Branch,Banke,POS,Purchase,Debit Card,Savings,6662.28,00,Approved,Success,33,Male,582
TXN0000851,2024-02-23,18:27:05,Pokhara Lakeside,Kaski,ATM,Mini Statement,Debit Card,Savings,0.0,00,Approved,Success,31,Female,824
TXN0000852,2024-02-23,21:33:39,Lalitpur Branch,Lalitpur,Mobile Banking,Fund Transfer,N/A,Savings,23898.21,00,Approved,Success,26,Female,654
TXN0000853,2024-02-24,03:02:10,Itahari Branch,Sunsari,ATM,Cash Withdrawal,Debit Card,Savings,2000.0,00,Approved,Success,45,Male,1261
TXN0000854,2024-02-24,08:55:08,Kathmandu Main,Kathmandu,Internet Banking,Fund Transfer,N/A,Savings,30027.46,00,Approved,Success,42,Male,810
TXN0000855,2024-02-24,10:06:31,Pokhara Lakeside,Kaski,ATM,Balance Inquiry,Prepaid Card,Savings,0.0,00,Approved,Success,42,Male,1408
TXN0000856,2024-02-24,11:01:59,Dhangadhi Branch,Kailali,POS,Purchase,Debit Card,Savings,6384.43,00,Approved,Success,42,Male,750
TXN0000857,2024-02-24,11:06:52,Itahari Branch,Sunsari,Mobile Banking,Bill Payment,N/A,Savings,9789.85,00,Approved,Success,26,Female,552
TXN0000858,2024-02-24,11:36:07,Birgunj Branch,Parsa,ATM,Balance Inquiry,Debit Card,Savings,0.0,00,Approved,Success,51,Female,975
TXN0000859,2024-02-24,11:42:22,New Baneshwor,Kathmandu,Mobile Banking,Bill Payment,N/A,Savings,4982.55,00,Approved,Success,24,Female,359
TXN0000860,2024-02-24,13:02:25,Biratnagar Main,Morang,ATM,PIN Change,Debit Card,Current,0.0,00,Approved,Success,42,Male,1010
TXN0000861,2024-02-24,13:31:58,Nepalgunj Branch,Banke,Mobile Banking,Mobile Top-up,N/A,Savings,500.0,00,Approved,Success,27,Female,582
TXN0000862,2024-02-24,14:33:00,Biratnagar Main,Morang,ATM,Mini Statement,Debit Card,Savings,0.0,00,Approved,Success,19,Male,1010
TXN0000863,2024-02-24,15:33:09,Dhangadhi Branch,Kailali,ATM,Cash Withdrawal,Credit Card,Savings,3000.0,00,Approved,Success,46,Male,1566
TXN0000864,2024-02-24,15:53:57,Butwal Branch,Rupandehi,Internet Banking,Statement Download,N/A,Savings,0.0,00,Approved,Success,52,Female,574
TXN0000865,2024-02-24,17:01:59,Butwal Branch,Rupandehi,ATM,PIN Change,Debit Card,Current,0.0,00,Approved,Success,28,Male,642
TXN0000866,2024-02-24,18:58:23,Bhaktapur Branch,Bhaktapur,Mobile Banking,QR Payment,N/A,Current,554.25,00,Approved,Success,27,Male,593
TXN0000867,2024-02-24,19:44:59,Lalitpur Branch,Lalitpur,POS,Purchase,Debit Card,Savings,3104.93,00,Approved,Success,34,Female,668
TXN0000868,2024-02-25,01:20:22,Pokhara Lakeside,Kaski,POS,Purchase,Debit Card,Savings,3717.65,00,Approved,Success,19,Male,479
TXN0000869,2024-02-25,09:22:31,Janakpur Branch,Dhanusha,Internet Banking,Bill Payment,N/A,Savings,6191.11,00,Approved,Success,19,Male,947
TXN0000870,2024-02-25,10:00:15,New Baneshwor,Kathmandu,ATM,Balance Inquiry,Debit Card,Savings,0.0,00,Approved,Success,62,Male,1206
TXN0000871,2024-02-25,10:03:35,Bharatpur Branch,Chitwan,Mobile Banking,Balance Inquiry,N/A,Current,0.0,00,Approved,Success,18,Male,358
TXN0000872,2024-02-25,10:39:14,Bhaktapur Branch,Bhaktapur,Internet Banking,Balance Inquiry,N/A,Savings,0.0,00,Approved,Success,40,Female,855
TXN0000873,2024-02-25,11:34:30,Dharan Branch,Sunsari,ATM,PIN Change,Debit Card,Savings,0.0,00,Approved,Success,23,Female,1685
TXN0000874,2024-02-25,14:58:33,Itahari Branch,Sunsari,POS,Purchase,Credit Card,Savings,13871.39,00,Approved,Success,43,Male,575
TXN0000875,2024-02-25,15:04:40,Bhaktapur Branch,Bhaktapur,Branch Counter,Cash Withdrawal,N/A,Savings,1500.0,00,Approved,Success,25,Female,805
TXN0000876,2024-02-25,15:08:40,Bharatpur Branch,Chitwan,ATM,Balance Inquiry,Debit Card,Savings,0.0,00,Approved,Success,40,Male,1164
TXN0000877,2024-02-25,17:19:03,Bharatpur Branch,Chitwan,Mobile Banking,Balance Inquiry,N/A,Savings,0.0,61,Exceeds Withdrawal Limit,Failed,42,Female,753
TXN0000878,2024-02-25,17:35:06,Lalitpur Branch,Lalitpur,Branch Counter,Fund Transfer,N/A,Savings,74076.59,00,Approved,Success,41,Male,693
TXN0000879,2024-02-25,17:54:35,Pokhara Lakeside,Kaski,ATM,Balance Inquiry,Debit Card,Savings,0.0,00,Approved,Success,35,Female,2106
TXN0000880,2024-02-25,18:57:36,Lalitpur Branch,Lalitpur,POS,Refund,Debit Card,Savings,8778.44,00,Approved,Success,30,Male,664
TXN0000881,2024-02-25,19:17:39,New Baneshwor,Kathmandu,ATM,Mini Statement,Debit Card,Savings,0.0,00,Approved,Success,39,Female,803
TXN0000882,2024-02-25,21:39:01,Bhaktapur Branch,Bhaktapur,POS,Purchase,Credit Card,Savings,5220.61,00,Approved,Success,38,Male,560
TXN0000883,2024-02-25,23:50:46,Itahari Branch,Sunsari,ATM,Cash Withdrawal,Debit Card,Savings,10000.0,91,Issuer Unavailable,Failed,42,Male,1193
TXN0000884,2024-02-26,00:26:37,Itahari Branch,Sunsari,ATM,Balance Inquiry,Debit Card,Savings,0.0,00,Approved,Success,35,Female,752
TXN0000885,2024-02-26,03:25:34,Itahari Branch,Sunsari,ATM,Cash Withdrawal,Debit Card,Savings,3000.0,14,Invalid Card,Failed,18,Female,1955
TXN0000886,2024-02-26,05:42:47,Kathmandu Main,Kathmandu,Mobile Banking,Fund Transfer,N/A,Current,75699.82,00,Approved,Success,40,Female,478
TXN0000887,2024-02-26,08:11:50,Birgunj Branch,Parsa,ATM,PIN Change,Credit Card,Savings,0.0,00,Approved,Success,29,Female,771
TXN0000888,2024-02-26,11:41:14,Butwal Branch,Rupandehi,Internet Banking,Bill Payment,N/A,Savings,5285.98,00,Approved,Success,38,Female,300
TXN0000889,2024-02-26,12:26:40,Biratnagar Main,Morang,POS,Purchase,Debit Card,Savings,13484.34,00,Approved,Success,18,Female,778
TXN0000890,2024-02-26,13:39:19,Bhaktapur Branch,Bhaktapur,Mobile Banking,Fund Transfer,N/A,Savings,64473.57,00,Approved,Success,18,Female,561
TXN0000891,2024-02-26,18:04:45,New Baneshwor,Kathmandu,Mobile Banking,Mobile Top-up,N/A,Current,200.0,00,Approved,Success,31,Female,502
TXN0000892,2024-02-26,19:09:08,New Baneshwor,Kathmandu,ATM,Balance Inquiry,Credit Card,Savings,0.0,00,Approved,Success,18,Male,1287
TXN0000893,2024-02-26,19:10:40,Lalitpur Branch,Lalitpur,ATM,Balance Inquiry,Credit Card,Savings,0.0,61,Exceeds Withdrawal Limit,Failed,42,Female,950
TXN0000894,2024-02-26,19:36:54,Bhaktapur Branch,Bhaktapur,Mobile Banking,Mobile Top-up,N/A,Savings,500.0,00,Approved,Success,54,Male,749
TXN0000895,2024-02-26,22:11:16,Bhaktapur Branch,Bhaktapur,Mobile Banking,Mobile Top-up,N/A,Savings,100.0,00,Approved,Success,31,Female,839
TXN0000896,2024-02-27,03:47:10,Nepalgunj Branch,Banke,POS,Refund,Debit Card,Savings,3789.86,00,Approved,Success,43,Male,491
TXN0000897,2024-02-27,06:44:09,Janakpur Branch,Dhanusha,ATM,Balance Inquiry,Debit Card,Savings,0.0,00,Approved,Success,32,Female,1818
TXN0000898,2024-02-27,09:33:55,Itahari Branch,Sunsari,Mobile Banking,QR Payment,N/A,Savings,2260.93,00,Approved,Success,33,Female,987
TXN0000899,2024-02-27,10:25:34,Bharatpur Branch,Chitwan,Branch Counter,Cash Withdrawal,N/A,Savings,5000.0,14,Invalid Card,Failed,22,Female,574
TXN0000900,2024-02-27,13:40:52,Pokhara Lakeside,Kaski,POS,Purchase,Debit Card,Fixed Deposit,4434.1,00,Approved,Success,36,Female,661
TXN0000901,2024-02-27,14:49:36,Pokhara Lakeside,Kaski,Branch Counter,Cash Deposit,N/A,Savings,99082.72,00,Approved,Success,34,,556
TXN0000902,2024-02-27,15:19:13,Nepalgunj Branch,Banke,POS,Refund,Debit Card,Current,2893.31,00,Approved,Success,36,Female,1097
TXN0000903,2024-02-27,16:04:45,Dharan Branch,Sunsari,Internet Banking,Bill Payment,N/A,Current,8653.3,00,Approved,Success,22,Male,606
TXN0000904,2024-02-27,16:19:00,Biratnagar Main,Morang,Internet Banking,Statement Download,N/A,Savings,0.0,00,Approved,Success,38,Female,263
TXN0000905,2024-02-27,18:10:27,Butwal Branch,Rupandehi,ATM,Balance Inquiry,Debit Card,Savings,0.0,00,Approved,Success,27,Male,2060
TXN0000906,2024-02-27,18:15:39,Lalitpur Branch,Lalitpur,Mobile Banking,Mobile Top-up,N/A,Savings,500.0,00,Approved,Success,45,Male,836
TXN0000907,2024-02-27,19:00:00,Dhangadhi Branch,Kailali,ATM,Mini Statement,Debit Card,Savings,0.0,14,Invalid Card,Reversed,34,Female,764
TXN0000908,2024-02-27,21:48:04,Biratnagar Main,Morang,ATM,Cash Withdrawal,Debit Card,Savings,1500.0,51,Insufficient Funds,Timeout,45,Male,673
TXN0000909,2024-02-27,22:50:23,Pokhara Lakeside,Kaski,ATM,Mini Statement,Credit Card,Current,0.0,00,Approved,Success,40,Female,993
TXN0000910,2024-02-28,03:55:53,Dharan Branch,Sunsari,Branch Counter,Fund Transfer,N/A,Savings,88916.2,00,Approved,Success,31,Male,701
TXN0000911,2024-02-28,08:47:43,Kathmandu Main,Kathmandu,Branch Counter,Fund Transfer,N/A,Savings,82669.41,00,Approved,Success,40,Female,762
TXN0000912,2024-02-28,10:06:36,Nepalgunj Branch,Banke,POS,Purchase,Debit Card,Current,2486.13,91,Issuer Unavailable,Timeout,56,Female,1055
TXN0000913,2024-02-28,10:37:43,Dharan Branch,Sunsari,ATM,Mini Statement,Debit Card,Savings,0.0,00,Approved,Success,18,Male,541
TXN0000914,2024-02-28,10:41:12,Bharatpur Branch,Chitwan,ATM,Mini Statement,Debit Card,Current,0.0,00,Approved,Success,39,Male,789
TXN0000915,2024-02-28,11:43:53,Biratnagar Main,Morang,ATM,Mini Statement,Debit Card,Savings,0.0,51,Insufficient Funds,Failed,52,Male,2236
TXN0000916,2024-02-28,11:48:42,Itahari Branch,Sunsari,ATM,Cash Withdrawal,Debit Card,Savings,2000.0,00,Approved,Success,53,Female,525
TXN0000917,2024-02-28,12:25:09,Butwal Branch,Rupandehi,POS,Purchase,Debit Card,Savings,13209.55,00,Approved,Success,20,Male,574
TXN0000918,2024-02-28,12:44:56,Nepalgunj Branch,Banke,ATM,Cash Withdrawal,Debit Card,Savings,500.0,00,Approved,Success,29,Male,703
TXN0000919,2024-02-28,13:52:18,Hetauda Branch,Makwanpur,ATM,Cash Withdrawal,Debit Card,Savings,10000.0,51,Insufficient Funds,Timeout,23,Male,1247
TXN0000920,2024-02-28,14:05:26,Itahari Branch,Sunsari,ATM,PIN Change,Debit Card,Savings,0.0,00,Approved,Success,50,Male,1646
TXN0000921,2024-02-28,14:08:42,Nepalgunj Branch,Banke,ATM,Balance Inquiry,Prepaid Card,Savings,0.0,00,Approved,Success,34,Female,905
TXN0000922,2024-02-28,14:32:03,Lalitpur Branch,Lalitpur,ATM,Balance Inquiry,Debit Card,Savings,0.0,00,Approved,Success,28,Male,1247
TXN0000923,2024-02-28,15:14:18,Nepalgunj Branch,Banke,Mobile Banking,Bill Payment,N/A,Savings,8837.4,51,Insufficient Funds,Timeout,37,Male,675
TXN0000924,2024-02-28,15:39:08,Lalitpur Branch,Lalitpur,Internet Banking,Balance Inquiry,N/A,Current,0.0,00,Approved,Success,29,Male,475
TXN0000925,2024-02-28,16:03:25,Nepalgunj Branch,Banke,Branch Counter,Cash Deposit,N/A,Savings,24779.2,51,Insufficient Funds,Failed,19,Male,304
TXN0000926,2024-02-28,16:22:36,Bharatpur Branch,Chitwan,Internet Banking,Bill Payment,N/A,Savings,10639.36,51,Insufficient Funds,Timeout,45,Male,527
TXN0000927,2024-02-28,17:55:11,Nepalgunj Branch,Banke,Mobile Banking,Fund Transfer,N/A,Savings,27455.74,00,Approved,Success,48,Female,855
TXN0000928,2024-02-28,19:02:32,Butwal Branch,Rupandehi,ATM,Cash Withdrawal,Debit Card,Current,20000.0,00,Approved,Success,36,Female,1551
TXN0000929,2024-02-28,19:15:18,New Baneshwor,Kathmandu,POS,Purchase,Credit Card,Savings,7809.0,00,Approved,Success,37,Male,831
TXN0000930,2024-02-29,09:23:33,Hetauda Branch,Makwanpur,Mobile Banking,Fund Transfer,N/A,Savings,90614.61,00,Approved,Success,53,Male,977
TXN0000931,2024-02-29,09:54:59,New Baneshwor,Kathmandu,ATM,Mini Statement,Debit Card,Current,0.0,00,Approved,Success,61,Female,1138
TXN0000932,2024-02-29,11:00:54,Butwal Branch,Rupandehi,ATM,PIN Change,Credit Card,Savings,0.0,00,Approved,Success,43,Male,1986
TXN0000933,2024-02-29,11:12:34,Kathmandu Main,Kathmandu,ATM,PIN Change,Debit Card,Savings,0.0,00,Approved,Success,32,Male,1420
TXN0000934,2024-02-29,11:14:19,Bhaktapur Branch,Bhaktapur,Mobile Banking,Mobile Top-up,N/A,Current,500.0,00,Approved,Success,23,Male,171
TXN0000935,2024-02-29,12:40:48,Dharan Branch,Sunsari,Mobile Banking,Mobile Top-up,N/A,Savings,200.0,00,Approved,Success,18,Male,633
TXN0000936,2024-02-29,13:11:43,New Baneshwor,Kathmandu,Mobile Banking,Balance Inquiry,N/A,Savings,0.0,00,Approved,Success,20,Female,637
TXN0000937,2024-02-29,13:31:18,Dharan Branch,Sunsari,ATM,Balance Inquiry,Debit Card,Savings,0.0,00,Approved,Success,22,Male,1414
TXN0000938,2024-02-29,14:38:14,Itahari Branch,Sunsari,Mobile Banking,Mobile Top-up,N/A,Current,500.0,00,Approved,Success,26,Female,837
TXN0000939,2024-02-29,15:31:40,Hetauda Branch,Makwanpur,POS,Purchase,Debit Card,Savings,10706.45,00,Approved,Success,24,Female,80
TXN0000940,2024-02-29,15:57:44,Dhangadhi Branch,Kailali,ATM,Balance Inquiry,Debit Card,Savings,0.0,00,Approved,Success,22,Male,1660
TXN0000941,2024-02-29,16:28:20,Birgunj Branch,Parsa,Internet Banking,Bill Payment,N/A,Savings,5627.39,00,Approved,Success,21,Female,630
TXN0000942,2024-02-29,17:25:38,Biratnagar Main,Morang,Mobile Banking,Fund Transfer,N/A,Current,62246.23,51,Insufficient Funds,Reversed,34,Male,1158
TXN0000943,2024-02-29,18:07:05,Biratnagar Main,Morang,Mobile Banking,QR Payment,N/A,Savings,2989.9,00,Approved,Success,19,Female,162
TXN0000944,2024-02-29,18:27:51,Nepalgunj Branch,Banke,Mobile Banking,QR Payment,N/A,Savings,4716.23,00,Approved,Success,23,Female,129
TXN0000945,2024-02-29,19:29:40,ITAHARI BRANCH,Sunsari,Mobile Banking,Balance Inquiry,N/A,Savings,0.0,00,Approved,Success,29,Female,533
TXN0000946,2024-03-01,07:46:49,Hetauda Branch,Makwanpur,ATM,Mini Statement,Credit Card,Savings,0.0,00,Approved,Success,18,Female,466
TXN0000947,2024-03-01,08:06:50,Itahari Branch,Sunsari,POS,Refund,Debit Card,Savings,7535.79,00,Approved,Success,19,Female,836
TXN0000948,2024-03-01,09:57:45,Bhaktapur Branch,Bhaktapur,ATM,Balance Inquiry,Debit Card,Savings,0.0,00,Approved,Success,22,Male,1554
TXN0000949,2024-03-01,12:45:22,Kathmandu Main,Kathmandu,POS,Purchase,Debit Card,Current,13635.57,51,Insufficient Funds,Reversed,18,Male,751
TXN0000950,2024-03-01,14:15:43,Nepalgunj Branch,Banke,Mobile Banking,Bill Payment,N/A,Savings,3448.22,00,Approved,Success,38,Female,152
TXN0000951,2024-03-01,15:23:58,New Baneshwor,Kathmandu,Mobile Banking,Mobile Top-up,N/A,Savings,200.0,00,Approved,Success,31,Male,951
TXN0000952,2024-03-01,17:04:32,Bhaktapur Branch,Bhaktapur,ATM,Balance Inquiry,Credit Card,Savings,0.0,00,Approved,Success,32,Male,1582
TXN0000953,2024-03-01,23:19:18,New Baneshwor,Kathmandu,Mobile Banking,Mobile Top-up,N/A,Savings,1000.0,00,Approved,Success,29,Female,582
TXN0000954,2024-03-02,00:01:27,Dhangadhi Branch,Kailali,ATM,Balance Inquiry,Debit Card,Savings,0.0,00,Approved,Success,38,Male,328
TXN0000955,2024-03-02,06:49:56,Itahari Branch,Sunsari,ATM,Balance Inquiry,Debit Card,Savings,0.0,00,Approved,Success,39,Female,1304
TXN0000956,2024-03-02,07:00:53,Butwal Branch,Rupandehi,Mobile Banking,QR Payment,N/A,Current,4184.8,00,Approved,Success,31,Male,692
TXN0000957,2024-03-02,08:00:48,Butwal Branch,Rupandehi,ATM,Mini Statement,Prepaid Card,Savings,0.0,00,Approved,Success,50,Female,574
TXN0000958,2024-03-02,09:57:42,Dhangadhi Branch,Kailali,POS,Purchase,Debit Card,Savings,2249.37,00,Approved,Success,23,Male,742
TXN0000959,2024-03-02,09:59:04,Janakpur Branch,Dhanusha,ATM,Balance Inquiry,Prepaid Card,Savings,0.0,00,Approved,Success,46,Female,848
TXN0000960,2024-03-02,10:38:53,New Baneshwor,Kathmandu,Mobile Banking,Bill Payment,N/A,Savings,10373.5,00,Approved,Success,18,,401
TXN0000961,2024-03-02,10:58:12,Bhaktapur Branch,Bhaktapur,ATM,PIN Change,Debit Card,Current,0.0,00,Approved,Success,31,Female,682
TXN0000962,2024-03-02,11:15:45,Itahari Branch,Sunsari,Mobile Banking,Mobile Top-up,N/A,Current,100.0,00,Approved,Success,45,Male,592
TXN0000963,2024-03-02,12:46:29,Kathmandu Main,Kathmandu,POS,Purchase,Debit Card,Savings,13408.99,00,Approved,Success,60,Male,744
TXN0000964,2024-03-02,12:53:22,Dharan Branch,Sunsari,ATM,PIN Change,Debit Card,Savings,0.0,00,Approved,Success,30,Female,1299
TXN0000965,2024-03-02,13:10:48,Biratnagar Main,Morang,Mobile Banking,Balance Inquiry,N/A,Savings,0.0,51,Insufficient Funds,Failed,,Male,787
TXN0000966,2024-03-02,13:42:51,New Baneshwor,Kathmandu,ATM,Cash Withdrawal,Debit Card,Savings,1000.0,55,Incorrect PIN,Reversed,37,Female,1217
TXN0000967,2024-03-02,15:46:41,Dhangadhi Branch,Kailali,Internet Banking,Statement Download,N/A,Current,0.0,00,Approved,Success,22,Male,516
TXN0000968,2024-03-02,18:59:30,Janakpur Branch,Dhanusha,ATM,Mini Statement,Debit Card,Current,0.0,00,Approved,Success,,Male,2061
TXN0000969,2024-03-02,22:52:07,New Baneshwor,Kathmandu,Mobile Banking,Mobile Top-up,N/A,Savings,200.0,00,Approved,Success,18,Female,398
TXN0000970,2024-03-03,07:36:55,Lalitpur Branch,Lalitpur,POS,Refund,Debit Card,Savings,9273.16,00,Approved,Success,18,Male,649
TXN0000971,2024-03-03,08:27:53,Biratnagar Main,Morang,Mobile Banking,Balance Inquiry,N/A,Savings,0.0,00,Approved,Success,32,Female,924
TXN0000972,2024-03-03,08:55:35,New Baneshwor,Kathmandu,ATM,PIN Change,Credit Card,Savings,0.0,00,Approved,Success,45,Female,1833
TXN0000973,2024-03-03,09:11:20,Lalitpur Branch,Lalitpur,Mobile Banking,Bill Payment,N/A,Savings,7847.32,00,Approved,Success,25,Male,164
TXN0000974,2024-03-03,09:45:20,Dharan Branch,Sunsari,Mobile Banking,QR Payment,N/A,Savings,3119.84,00,Approved,Success,18,Male,659
TXN0000975,2024-03-03,10:13:59,Itahari Branch,Sunsari,ATM,Cash Withdrawal,Debit Card,Savings,3000.0,00,Approved,Success,33,Male,990
TXN0000976,2024-03-03,10:44:13,Nepalgunj Branch,Banke,ATM,Mini Statement,Credit Card,Current,0.0,00,Approved,Success,58,Female,1088
TXN0000977,2024-03-03,12:55:14,Kathmandu Main,Kathmandu,ATM,Balance Inquiry,Debit Card,Savings,0.0,00,Approved,Success,18,Male,917
TXN0000978,2024-03-03,14:00:38,Bhaktapur Branch,Bhaktapur,Internet Banking,Bill Payment,N/A,Savings,757.76,00,Approved,Success,36,Female,600
TXN0000979,2024-03-03,15:03:37,Janakpur Branch,Dhanusha,ATM,Mini Statement,Debit Card,Savings,0.0,00,Approved,Success,34,Male,938
TXN0000980,2024-03-03,16:41:59,Kathmandu Main,Kathmandu,Mobile Banking,Balance Inquiry,N/A,Savings,0.0,00,Approved,Success,33,Female,664
TXN0000981,2024-03-03,18:21:12,Bhaktapur Branch,Bhaktapur,Internet Banking,Fund Transfer,N/A,Savings,53243.3,00,Approved,Success,18,Male,80
TXN0000982,2024-03-04,04:26:54,New Baneshwor,Kathmandu,POS,Purchase,Debit Card,Savings,3050.05,00,Approved,Success,26,Male,724
TXN0000983,2024-03-04,09:35:17,BIRGUNJ BRANCH,Parsa,POS,Refund,Debit Card,Current,2332.16,55,Incorrect PIN,Timeout,53,Female,303
TXN0000984,2024-03-04,09:41:31,Butwal Branch,Rupandehi,POS,Refund,Debit Card,Savings,2864.76,00,Approved,Success,26,Male,360
TXN0000985,2024-03-04,09:42:23,Dhangadhi Branch,Kailali,ATM,PIN Change,Debit Card,Savings,0.0,00,Approved,Success,33,Female,815
TXN0000986,2024-03-04,10:11:09,Hetauda Branch,Makwanpur,mobile banking,Balance Inquiry,N/A,Savings,0.0,00,Approved,Success,41,Male,283
TXN0000987,2024-03-04,12:49:47,Birgunj Branch,Parsa,Internet Banking,Balance Inquiry,N/A,Savings,0.0,00,Approved,Success,42,Male,647
TXN0000988,2024-03-04,13:35:36,Pokhara Lakeside,Kaski,Mobile Banking,Mobile Top-up,N/A,Savings,500.0,51,Insufficient Funds,Failed,40,Male,246
TXN0000989,2024-03-04,13:41:59,Kathmandu Main,Kathmandu,Mobile Banking,Fund Transfer,N/A,Current,18634.71,00,Approved,Success,37,Male,424
TXN0000990,2024-03-04,14:12:08,Birgunj Branch,Parsa,ATM,Balance Inquiry,Debit Card,Current,0.0,00,Approved,Success,41,Female,1644
TXN0000991,2024-03-04,15:13:20,Bharatpur Branch,Chitwan,Mobile Banking,Balance Inquiry,N/A,Savings,0.0,00,Approved,Success,45,Male,384
TXN0000992,2024-03-04,16:54:15,Hetauda Branch,Makwanpur,POS,Refund,Debit Card,Current,6638.44,00,Approved,Success,30,Female,392
TXN0000993,2024-03-04,17:10:08,Bharatpur Branch,Chitwan,ATM,Cash Withdrawal,Debit Card,Current,3000.0,00,Approved,Success,18,Female,1246
TXN0000994,2024-03-04,19:14:41,Lalitpur Branch,Lalitpur,POS,Refund,Debit Card,Savings,3777.59,00,Approved,Success,18,Female,661
TXN0000995,2024-03-05,07:38:06,Birgunj Branch,Parsa,ATM,Balance Inquiry,Debit Card,Savings,0.0,00,Approved,Success,28,Female,1427
TXN0000996,2024-03-05,07:59:25,Bharatpur Branch,Chitwan,ATM,Mini Statement,Debit Card,Savings,0.0,00,Approved,Success,27,Male,811
TXN0000997,2024-03-05,09:23:47,Itahari Branch,Sunsari,ATM,Cash Withdrawal,Debit Card,Savings,500.0,00,Approved,Success,35,Male,789
TXN0000998,2024-03-05,09:58:32,Dharan Branch,Sunsari,Mobile Banking,Bill Payment,N/A,Savings,10504.2,00,Approved,Success,41,Female,766
TXN0000999,2024-03-05,10:55:30,New Baneshwor,Kathmandu,Mobile Banking,Mobile Top-up,N/A,Current,1000.0,00,Approved,Success,24,Male,630
TXN0001000,2024-03-05,10:56:40,Bhaktapur Branch,Bhaktapur,Mobile Banking,QR Payment,N/A,Current,4652.68,00,Approved,Success,22,Female,648
TXN0001001,2024-03-05,11:54:28,Dharan Branch,Sunsari,ATM,Balance Inquiry,Debit Card,Current,0.0,00,Approved,Success,36,Female,1169
TXN0001002,2024-03-05,11:59:49,Hetauda Branch,Makwanpur,ATM,Balance Inquiry,Debit Card,Savings,0.0,14,Invalid Card,Failed,32,Male,829
TXN0001003,2024-03-05,12:25:59,New Baneshwor,Kathmandu,ATM,PIN Change,Debit Card,Savings,0.0,00,Approved,Success,29,Female,1835
TXN0001004,2024-03-05,12:36:14,Hetauda Branch,Makwanpur,Internet Banking,Fund Transfer,N/A,Savings,39534.49,00,Approved,Success,34,Male,691
TXN0001005,2024-03-05,12:37:39,Janakpur Branch,Dhanusha,ATM,PIN Change,Prepaid Card,Savings,0.0,00,Approved,Success,36,Male,1519
TXN0001006,2024-03-05,12:44:01,Hetauda Branch,Makwanpur,Internet Banking,Statement Download,N/A,Savings,0.0,00,Approved,Success,18,Male,428
TXN0001007,2024-03-05,13:52:01,BUTWAL BRANCH,Rupandehi,ATM,Cash Withdrawal,Debit Card,Savings,2500.0,00,Approved,Success,52,Male,1451
TXN0001008,2024-03-05,15:09:38,Kathmandu Main,Kathmandu,POS,Purchase,Debit Card,Savings,6962.98,00,Approved,Success,56,Female,432
TXN0001009,2024-03-05,17:02:37,Bhaktapur Branch,Bhaktapur,Mobile Banking,Bill Payment,N/A,Savings,553.25,00,Approved,Success,20,Female,806
TXN0001010,2024-03-06,08:59:13,Biratnagar Main,Morang,Mobile Banking,Mobile Top-up,N/A,Savings,500.0,00,Approved,Success,25,Male,862
TXN0001011,2024-03-06,09:04:39,Lalitpur Branch,Lalitpur,Internet Banking,Fund Transfer,N/A,Savings,89548.02,00,Approved,Success,29,Female,1087
TXN0001012,2024-03-06,09:39:23,New Baneshwor,Kathmandu,POS,Purchase,Debit Card,Savings,666.67,00,Approved,Success,50,Male,792
TXN0001013,2024-03-06,11:10:04,Lalitpur Branch,Lalitpur,POS,Purchase,Debit Card,Savings,14711.08,00,Approved,Success,22,Female,476
TXN0001014,2024-03-06,11:49:31,New Baneshwor,Kathmandu,Mobile Banking,QR Payment,N/A,Savings,2145.86,00,Approved,Success,30,Male,719
TXN0001015,2024-03-06,12:38:21,Hetauda Branch,Makwanpur,ATM,PIN Change,Debit Card,Savings,0.0,00,Approved,Success,,Male,743
TXN0001016,2024-03-06,12:55:28,Janakpur Branch,Dhanusha,ATM,Mini Statement,Debit Card,Savings,0.0,00,Approved,Success,45,Female,1279
TXN0001017,2024-03-06,14:30:01,Butwal Branch,Rupandehi,Mobile Banking,Bill Payment,N/A,Current,1729.08,00,Approved,Success,26,Male,547
TXN0001018,2024-03-06,14:32:30,Janakpur Branch,Dhanusha,ATM,PIN Change,Prepaid Card,Savings,0.0,91,Issuer Unavailable,Timeout,28,Male,1504
TXN0001019,2024-03-06,14:47:25,Butwal Branch,Rupandehi,POS,Refund,Debit Card,Current,4877.35,00,Approved,Success,19,Male,533
TXN0001020,2024-03-06,16:24:27,Hetauda Branch,Makwanpur,ATM,Balance Inquiry,Debit Card,Savings,0.0,00,Approved,Success,36,Female,764
TXN0001021,2024-03-06,16:58:48,Itahari Branch,Sunsari,POS,Refund,Debit Card,Savings,5693.68,00,Approved,Success,44,Male,887
TXN0001022,2024-03-06,17:52:46,Dhangadhi Branch,Kailali,ATM,Mini Statement,Debit Card,Savings,0.0,00,Approved,Success,22,Male,1772
TXN0001023,2024-03-06,18:01:32,Pokhara Lakeside,Kaski,ATM,PIN Change,Debit Card,Savings,0.0,00,Approved,Success,42,Female,1366
TXN0001024,2024-03-06,18:02:51,Birgunj Branch,Parsa,Internet Banking,Statement Download,N/A,Savings,0.0,00,Approved,Success,42,Male,743
TXN0001025,2024-03-06,18:47:46,Biratnagar Main,Morang,ATM,Cash Withdrawal,Debit Card,Savings,2500.0,00,Approved,Success,39,Male,1445
TXN0001026,2024-03-06,19:25:36,New Baneshwor,Kathmandu,ATM,Mini Statement,Debit Card,Savings,0.0,00,Approved,Success,24,Male,1031
TXN0001027,2024-03-06,21:16:31,Butwal Branch,Rupandehi,ATM,Balance Inquiry,Debit Card,Savings,0.0,00,Approved,Success,55,Female,1587
TXN0001028,2024-03-07,00:36:48,Janakpur Branch,Dhanusha,Internet Banking,Statement Download,N/A,Savings,0.0,00,Approved,Success,24,Female,1050
TXN0001029,2024-03-07,09:18:04,New Baneshwor,Kathmandu,POS,Refund,Debit Card,Savings,8440.26,61,Exceeds Withdrawal Limit,Timeout,36,,525
TXN0001030,2024-03-07,09:27:05,Itahari Branch,Sunsari,ATM,Balance Inquiry,Debit Card,Current,0.0,00,Approved,Success,27,Male,1073
TXN0001031,2024-03-07,10:01:43,Dhangadhi Branch,Kailali,ATM,Balance Inquiry,Debit Card,Current,0.0,00,Approved,Success,29,Male,1312
TXN0001032,2024-03-07,10:24:55,Bharatpur Branch,Chitwan,Mobile Banking,QR Payment,N/A,Savings,1246.6,00,Approved,Success,28,Male,642
TXN0001033,2024-03-07,11:08:15,Pokhara Lakeside,Kaski,ATM,Cash Withdrawal,Debit Card,Savings,2500.0,00,Approved,Success,31,Female,1758
TXN0001034,2024-03-07,12:06:52,Dharan Branch,Sunsari,POS,Refund,Debit Card,Savings,3479.93,00,Approved,Success,30,Female,906
TXN0001035,2024-03-07,14:01:44,Bharatpur Branch,Chitwan,Mobile Banking,Bill Payment,N/A,Current,3231.35,00,Approved,Success,52,Female,694
TXN0001036,2024-03-07,16:40:53,Bharatpur Branch,Chitwan,ATM,Mini Statement,Debit Card,Savings,0.0,00,Approved,Success,45,Female,1433
TXN0001037,2024-03-07,17:09:49,Bharatpur Branch,Chitwan,Mobile Banking,Balance Inquiry,N/A,Savings,0.0,00,Approved,Success,47,Male,580
TXN0001038,2024-03-07,18:26:25,Butwal Branch,Rupandehi,ATM,PIN Change,Debit Card,Savings,0.0,00,Approved,Success,60,Female,1581
TXN0001039,2024-03-07,20:28:29,Kathmandu Main,Kathmandu,POS,Refund,Debit Card,Savings,4019.14,00,Approved,Success,39,Male,591
TXN0001040,2024-03-08,00:36:00,Lalitpur Branch,Lalitpur,Mobile Banking,Fund Transfer,N/A,Savings,55254.94,00,Approved,Success,39,Female,222
TXN0001041,2024-03-08,02:57:28,Kathmandu Main,Kathmandu,atm,PIN Change,Credit Card,Current,0.0,00,Approved,Success,37,Male,1140
TXN0001042,2024-03-08,06:13:32,Nepalgunj Branch,Banke,Mobile Banking,Balance Inquiry,N/A,Savings,0.0,00,Approved,Success,46,Male,721
TXN0001043,2024-03-08,09:28:09,Hetauda Branch,Makwanpur,ATM,Cash Withdrawal,Debit Card,Savings,1000.0,00,Approved,Success,37,Female,837
TXN0001044,2024-03-08,12:42:01,Itahari Branch,Sunsari,Mobile Banking,Fund Transfer,N/A,Current,91201.69,51,Insufficient Funds,Reversed,31,Female,521
TXN0001045,2024-03-08,13:25:06,Pokhara Lakeside,Kaski,ATM,Cash Withdrawal,Credit Card,Savings,5000.0,96,System Malfunction,Timeout,44,Male,746
TXN0001046,2024-03-08,13:57:45,Itahari Branch,Sunsari,Internet Banking,Bill Payment,N/A,Fixed Deposit,9940.83,00,Approved,Success,19,Female,198
TXN0001047,2024-03-08,14:12:57,Nepalgunj Branch,Banke,POS,Refund,Debit Card,Savings,6135.38,00,Approved,Success,27,Female,891
TXN0001048,2024-03-08,14:48:02,Butwal Branch,Rupandehi,ATM,Mini Statement,Debit Card,Savings,0.0,00,Approved,Success,30,Male,587
TXN0001049,2024-03-08,14:59:04,Butwal Branch,Rupandehi,Mobile Banking,Mobile Top-up,N/A,Savings,100.0,00,Approved,Success,18,Male,299
TXN0001050,2024-03-08,15:05:44,Dhangadhi Branch,Kailali,POS,Purchase,Debit Card,Savings,9088.13,00,Approved,Success,18,Male,254
TXN0001051,2024-03-08,16:39:41,Dhangadhi Branch,Kailali,ATM,Mini Statement,Debit Card,Savings,0.0,00,Approved,Success,44,Female,1138
TXN0001052,2024-03-08,17:04:12,Biratnagar Main,Morang,POS,Purchase,Debit Card,Savings,8760.93,00,Approved,Success,18,Female,499
TXN0001053,2024-03-09,03:35:50,Janakpur Branch,Dhanusha,ATM,PIN Change,Debit Card,Savings,0.0,00,Approved,Success,47,Female,892
TXN0001054,2024-03-09,07:12:11,Hetauda Branch,Makwanpur,Internet Banking,Balance Inquiry,N/A,Savings,0.0,00,Approved,Success,18,Male,715
TXN0001055,2024-03-09,09:10:34,Bharatpur Branch,Chitwan,ATM,Cash Withdrawal,Debit Card,Savings,2000.0,00,Approved,Success,60,Male,1064
TXN0001056,2024-03-09,09:57:28,Dharan Branch,Sunsari,ATM,Cash Withdrawal,Credit Card,Current,10000.0,00,Approved,Success,29,Female,794
TXN0001057,2024-03-09,11:21:58,Nepalgunj Branch,Banke,Internet Banking,Bill Payment,N/A,Savings,5646.15,00,Approved,Success,22,Female,527
TXN0001058,2024-03-09,11:59:41,Kathmandu Main,Kathmandu,Internet Banking,Statement Download,N/A,Current,0.0,00,Approved,Success,44,Female,669
TXN0001059,2024-03-09,14:10:25,Dhangadhi Branch,Kailali,Mobile Banking,Bill Payment,N/A,Savings,1803.36,00,Approved,Success,43,Female,686
TXN0001060,2024-03-09,15:45:12,Birgunj Branch,Parsa,Mobile Banking,QR Payment,N/A,Savings,2252.7,00,Approved,Success,33,,387
TXN0001061,2024-03-09,17:17:19,Bharatpur Branch,Chitwan,Mobile Banking,Mobile Top-up,N/A,Savings,100.0,00,Approved,Success,42,Male,1187
TXN0001062,2024-03-09,17:35:58,Biratnagar Main,Morang,Mobile Banking,QR Payment,N/A,Savings,4029.2,00,Approved,Success,32,Male,874
TXN0001063,2024-03-09,17:41:05,Janakpur Branch,Dhanusha,ATM,Balance Inquiry,Debit Card,Savings,0.0,00,Approved,Success,57,Male,1327
TXN0001064,2024-03-09,19:48:27,Birgunj Branch,Parsa,ATM,PIN Change,Debit Card,Current,0.0,00,Approved,Success,31,Female,1352
TXN0001065,2024-03-09,22:37:08,Birgunj Branch,Parsa,Internet Banking,Statement Download,N/A,Current,0.0,55,Incorrect PIN,Reversed,30,Female,435
TXN0001066,2024-03-10,00:05:31,Bharatpur Branch,Chitwan,ATM,PIN Change,Prepaid Card,Savings,0.0,00,Approved,Success,25,Female,1763
TXN0001067,2024-03-10,08:08:43,Lalitpur Branch,Lalitpur,Mobile Banking,Fund Transfer,N/A,Savings,5051.36,00,Approved,Success,47,Male,435
TXN0001068,2024-03-10,08:46:43,Pokhara Lakeside,Kaski,ATM,Balance Inquiry,Debit Card,Savings,0.0,00,Approved,Success,30,Male,1569
TXN0001069,2024-03-10,09:28:45,Nepalgunj Branch,Banke,ATM,Balance Inquiry,Debit Card,Savings,0.0,00,Approved,Success,36,Female,1384
TXN0001070,2024-03-10,09:35:58,Pokhara Lakeside,Kaski,ATM,PIN Change,Debit Card,Savings,0.0,00,Approved,Success,39,Female,965
TXN0001071,2024-03-10,10:05:28,Lalitpur Branch,Lalitpur,Internet Banking,Statement Download,N/A,Savings,0.0,00,Approved,Success,27,Female,470
TXN0001072,2024-03-10,12:36:38,Bhaktapur Branch,Bhaktapur,mobile banking,Fund Transfer,N/A,Savings,78690.84,14,Invalid Card,Failed,25,Male,340
TXN0001073,2024-03-10,12:58:53,Biratnagar Main,Morang,ATM,Mini Statement,Debit Card,Savings,0.0,00,Approved,Success,31,Male,289
TXN0001074,2024-03-10,13:47:18,ITAHARI BRANCH,Sunsari,ATM,Cash Withdrawal,Credit Card,Savings,10000.0,00,Approved,Success,32,Female,1561
TXN0001075,2024-03-10,14:03:20,Bharatpur Branch,Chitwan,ATM,Cash Withdrawal,Debit Card,Savings,8000.0,00,Approved,Success,40,Female,1017
TXN0001076,2024-03-10,14:09:46,Butwal Branch,Rupandehi,ATM,Balance Inquiry,Debit Card,Savings,0.0,00,Approved,Success,26,Female,1229
TXN0001077,2024-03-10,14:14:36,Lalitpur Branch,Lalitpur,Internet Banking,Bill Payment,N/A,Current,705.35,00,Approved,Success,23,Female,1167
TXN0001078,2024-03-10,16:19:59,Biratnagar Main,Morang,POS,Purchase,Credit Card,Savings,8741.39,00,Approved,Success,36,Female,630
TXN0001079,2024-03-10,19:54:28,New Baneshwor,Kathmandu,Mobile Banking,Fund Transfer,N/A,Savings,73153.05,00,Approved,Success,35,Male,783
TXN0001080,2024-03-10,21:01:46,Birgunj Branch,Parsa,ATM,PIN Change,Debit Card,Savings,0.0,00,Approved,Success,31,Male,950
TXN0001081,2024-03-10,22:03:36,Hetauda Branch,Makwanpur,ATM,Cash Withdrawal,Credit Card,Savings,10000.0,00,Approved,Success,34,Female,1002
TXN0001082,2024-03-10,23:59:04,Butwal Branch,Rupandehi,Mobile Banking,Balance Inquiry,N/A,Current,0.0,00,Approved,Success,34,Female,729
TXN0001083,2024-03-11,07:04:18,Kathmandu Main,Kathmandu,Mobile Banking,Bill Payment,N/A,Savings,10639.42,00,Approved,Success,36,Male,617
TXN0001084,2024-03-11,08:03:16,Dhangadhi Branch,Kailali,ATM,Cash Withdrawal,Debit Card,Savings,8000.0,00,Approved,Success,47,Female,650
TXN0001085,2024-03-11,08:05:37,Hetauda Branch,Makwanpur,Branch Counter,Account Opening,N/A,Savings,0.0,00,Approved,Success,27,Male,642
TXN0001086,2024-03-11,10:40:47,Birgunj Branch,Parsa,Branch Counter,Cash Deposit,N/A,Current,148983.37,00,Approved,Success,41,Female,665
TXN0001087,2024-03-11,11:01:18,Pokhara Lakeside,Kaski,Mobile Banking,Mobile Top-up,N/A,Savings,500.0,14,Invalid Card,Timeout,25,Female,821
TXN0001088,2024-03-11,11:33:49,Bharatpur Branch,Chitwan,Mobile Banking,Mobile Top-up,N/A,Savings,100.0,00,Approved,Success,33,Male,418
TXN0001089,2024-03-11,12:23:04,Bharatpur Branch,Chitwan,ATM,Cash Withdrawal,Debit Card,Savings,8000.0,55,Incorrect PIN,Timeout,23,Male,471
TXN0001090,2024-03-11,12:50:42,Pokhara Lakeside,Kaski,ATM,Balance Inquiry,Debit Card,Savings,0.0,00,Approved,Success,46,Female,1191
TXN0001091,2024-03-11,13:53:43,Dhangadhi Branch,Kailali,ATM,Mini Statement,Credit Card,Current,0.0,00,Approved,Success,,Male,1594
TXN0001092,2024-03-11,14:01:48,Kathmandu Main,Kathmandu,Mobile Banking,Mobile Top-up,N/A,Savings,200.0,00,Approved,Success,25,Female,697
TXN0001093,2024-03-11,14:04:27,Pokhara Lakeside,Kaski,Internet Banking,Balance Inquiry,N/A,Savings,0.0,00,Approved,Success,39,Female,504
TXN0001094,2024-03-11,17:18:39,Birgunj Branch,Parsa,Internet Banking,Statement Download,N/A,Savings,0.0,00,Approved,Success,28,Female,943
TXN0001095,2024-03-11,18:03:16,Nepalgunj Branch,Banke,POS,Refund,Debit Card,Savings,3527.95,00,Approved,Success,20,Female,325
TXN0001096,2024-03-11,18:39:08,New Baneshwor,Kathmandu,ATM,Mini Statement,Credit Card,Savings,0.0,00,Approved,Success,33,Female,712
TXN0001097,2024-03-11,18:53:23,Janakpur Branch,Dhanusha,Internet Banking,Bill Payment,N/A,Savings,5179.48,00,Approved,Success,43,Male,394
TXN0001098,2024-03-11,22:39:42,Birgunj Branch,Parsa,ATM,Balance Inquiry,Prepaid Card,Savings,0.0,00,Approved,Success,62,Female,1047
TXN0001099,2024-03-11,23:14:51,Dhangadhi Branch,Kailali,Internet Banking,Balance Inquiry,N/A,Savings,0.0,00,Approved,Success,45,Female,833
TXN0001100,2024-03-12,02:49:27,Bharatpur Branch,Chitwan,ATM,PIN Change,Debit Card,Current,0.0,00,Approved,Success,55,Female,891
TXN0001101,2024-03-12,04:48:27,Pokhara Lakeside,Kaski,ATM,Mini Statement,Debit Card,Current,0.0,00,Approved,Success,54,Female,1109
TXN0001102,2024-03-12,08:16:06,Pokhara Lakeside,Kaski,Branch Counter,Fund Transfer,N/A,Current,20395.18,14,Invalid Card,Timeout,33,Male,353
TXN0001103,2024-03-12,09:01:23,Janakpur Branch,Dhanusha,Mobile Banking,QR Payment,N/A,Savings,4358.93,91,Issuer Unavailable,Timeout,40,Male,674
TXN0001104,2024-03-12,09:09:29,Lalitpur Branch,Lalitpur,Internet Banking,Balance Inquiry,N/A,Savings,0.0,00,Approved,Success,27,Female,260
TXN0001105,2024-03-12,09:36:06,Hetauda Branch,Makwanpur,Mobile Banking,Fund Transfer,N/A,Savings,75872.08,00,Approved,Success,41,Female,711
TXN0001106,2024-03-12,09:36:34,Kathmandu Main,Kathmandu,Mobile Banking,Bill Payment,N/A,Savings,2021.86,00,Approved,Success,38,Male,831
TXN0001107,2024-03-12,09:47:22,Hetauda Branch,Makwanpur,ATM,Balance Inquiry,Debit Card,Current,0.0,00,Approved,Success,35,Female,1833
TXN0001108,2024-03-12,09:50:03,Biratnagar Main,Morang,Internet Banking,Balance Inquiry,N/A,Current,0.0,00,Approved,Success,40,Male,484
TXN0001109,2024-03-12,10:28:46,Bharatpur Branch,Chitwan,ATM,Balance Inquiry,Debit Card,Savings,0.0,00,Approved,Success,51,Female,483
TXN0001110,2024-03-12,10:34:11,New Baneshwor,Kathmandu,ATM,PIN Change,Debit Card,Fixed Deposit,0.0,00,Approved,Success,35,Female,584
TXN0001111,2024-03-12,10:45:20,Bharatpur Branch,Chitwan,ATM,PIN Change,Debit Card,Fixed Deposit,0.0,00,Approved,Success,32,Female,1597
TXN0001112,2024-03-12,10:48:53,Hetauda Branch,Makwanpur,Branch Counter,Cash Deposit,N/A,Current,34059.07,00,Approved,Success,21,Female,831
TXN0001113,2024-03-12,11:31:27,Biratnagar Main,Morang,Mobile Banking,QR Payment,N/A,Savings,2070.55,00,Approved,Success,22,Male,263
TXN0001114,2024-03-12,12:06:31,Kathmandu Main,Kathmandu,POS,Purchase,Debit Card,Current,2183.34,00,Approved,Success,45,Male,1072
TXN0001115,2024-03-12,12:57:36,New Baneshwor,Kathmandu,Internet Banking,Fund Transfer,N/A,Savings,9189.91,00,Approved,Success,35,Male,494
TXN0001116,2024-03-12,12:58:45,Lalitpur Branch,Lalitpur,POS,Purchase,Debit Card,Savings,12396.5,00,Approved,Success,27,Male,200
TXN0001117,2024-03-12,13:27:10,Kathmandu Main,Kathmandu,Branch Counter,Fund Transfer,N/A,Current,10273.08,00,Approved,Success,39,Male,444
TXN0001118,2024-03-12,13:38:31,Birgunj Branch,Parsa,ATM,Cash Withdrawal,Prepaid Card,Savings,1000.0,96,System Malfunction,Reversed,32,Female,1918
TXN0001119,2024-03-12,14:28:36,Pokhara Lakeside,Kaski,POS,Refund,Debit Card,Savings,2445.59,00,Approved,Success,37,Female,553
TXN0001120,2024-03-12,14:40:45,Bharatpur Branch,Chitwan,ATM,Balance Inquiry,Debit Card,Savings,0.0,00,Approved,Success,31,Male,1645
TXN0001121,2024-03-12,14:48:45,Janakpur Branch,Dhanusha,Mobile Banking,Balance Inquiry,N/A,Savings,0.0,00,Approved,Success,45,Female,542
TXN0001122,2024-03-12,15:26:29,Pokhara Lakeside,Kaski,ATM,Cash Withdrawal,Debit Card,Savings,2500.0,00,Approved,Success,37,,1067
TXN0001123,2024-03-12,17:33:29,Pokhara Lakeside,Kaski,Branch Counter,Cash Deposit,N/A,Savings,119109.1,00,Approved,Success,20,Female,1070
TXN0001124,2024-03-12,18:03:49,Hetauda Branch,Makwanpur,Mobile Banking,Mobile Top-up,N/A,Savings,200.0,00,Approved,Success,29,Female,454
TXN0001125,2024-03-12,22:03:33,Pokhara Lakeside,Kaski,ATM,Cash Withdrawal,Debit Card,Savings,500.0,00,Approved,Success,36,Female,1834
TXN0001126,2024-03-13,04:45:51,Bhaktapur Branch,Bhaktapur,Internet Banking,Statement Download,N/A,Savings,0.0,00,Approved,Success,31,Male,617
TXN0001127,2024-03-13,11:34:20,Nepalgunj Branch,Banke,ATM,PIN Change,Credit Card,Current,0.0,00,Approved,Success,18,Female,1337
TXN0001128,2024-03-13,11:53:50,Birgunj Branch,Parsa,Mobile Banking,Mobile Top-up,N/A,Savings,200.0,00,Approved,Success,35,Female,726
TXN0001129,2024-03-13,12:11:29,Bharatpur Branch,Chitwan,POS,Refund,Debit Card,Savings,7809.44,55,Incorrect PIN,Timeout,23,Female,528
TXN0001130,2024-03-13,13:00:41,Hetauda Branch,Makwanpur,Mobile Banking,Mobile Top-up,N/A,Savings,200.0,00,Approved,Success,50,Female,428
TXN0001131,2024-03-13,13:01:23,Dhangadhi Branch,Kailali,Internet Banking,Bill Payment,N/A,Savings,1546.66,00,Approved,Success,36,Female,355
TXN0001132,2024-03-13,14:02:38,Dhangadhi Branch,Kailali,Mobile Banking,Fund Transfer,N/A,Current,12740.4,00,Approved,Success,48,Male,623
TXN0001133,2024-03-13,16:52:02,Nepalgunj Branch,Banke,POS,Purchase,Debit Card,Current,10667.55,00,Approved,Success,26,Female,511
TXN0001134,2024-03-13,17:06:29,Janakpur Branch,Dhanusha,POS,Purchase,Debit Card,Savings,3715.97,00,Approved,Success,51,Female,631
TXN0001135,2024-03-13,17:52:55,Dharan Branch,Sunsari,Internet Banking,Fund Transfer,N/A,Current,86531.2,00,Approved,Success,29,Male,487
TXN0001136,2024-03-13,17:57:15,Birgunj Branch,Parsa,Mobile Banking,Bill Payment,N/A,Savings,5805.82,00,Approved,Success,33,Female,1126
TXN0001137,2024-03-13,20:40:25,Hetauda Branch,Makwanpur,POS,Purchase,Prepaid Card,Savings,1813.9,00,Approved,Success,46,Female,623
TXN0001138,2024-03-13,20:41:30,New Baneshwor,Kathmandu,ATM,Balance Inquiry,Debit Card,Current,0.0,00,Approved,Success,18,Female,658
TXN0001139,2024-03-14,02:22:05,Janakpur Branch,Dhanusha,Internet Banking,Statement Download,N/A,Savings,0.0,55,Incorrect PIN,Failed,20,Male,80
TXN0001140,2024-03-14,08:57:36,Butwal Branch,Rupandehi,POS,Refund,Credit Card,Savings,7526.29,00,Approved,Success,26,Female,901
TXN0001141,2024-03-14,10:29:42,ITAHARI BRANCH,Sunsari,ATM,Cash Withdrawal,Debit Card,Savings,15000.0,00,Approved,Success,36,Female,1452
TXN0001142,2024-03-14,10:43:37,Pokhara Lakeside,Kaski,Internet Banking,Fund Transfer,N/A,Current,75934.92,00,Approved,Success,43,Male,356
TXN0001143,2024-03-14,11:16:58,Bharatpur Branch,Chitwan,POS,Purchase,Debit Card,Savings,2915.64,00,Approved,Success,28,Male,895
TXN0001144,2024-03-14,11:50:22,Janakpur Branch,Dhanusha,Mobile Banking,QR Payment,N/A,Savings,3559.54,00,Approved,Success,25,Male,845
TXN0001145,2024-03-14,12:47:59,Dharan Branch,Sunsari,Mobile Banking,Bill Payment,N/A,Current,3769.49,00,Approved,Success,41,Male,1041
TXN0001146,2024-03-14,15:24:21,Kathmandu Main,Kathmandu,Mobile Banking,Balance Inquiry,N/A,Savings,0.0,00,Approved,Success,37,Female,160
TXN0001147,2024-03-14,17:52:23,Lalitpur Branch,Lalitpur,ATM,Cash Withdrawal,Prepaid Card,Savings,20000.0,00,Approved,Success,26,Male,545
TXN0001148,2024-03-14,19:17:59,Bharatpur Branch,Chitwan,POS,Purchase,Debit Card,Current,1398.8,91,Issuer Unavailable,Failed,34,Female,623
TXN0001149,2024-03-15,00:09:54,Bharatpur Branch,Chitwan,Internet Banking,Fund Transfer,N/A,Savings,28687.89,00,Approved,Success,22,Female,277
TXN0001150,2024-03-15,00:48:16,Butwal Branch,Rupandehi,ATM,Cash Withdrawal,Debit Card,Savings,8000.0,00,Approved,Success,45,Male,1975
TXN0001151,2024-03-15,04:16:03,New Baneshwor,Kathmandu,Mobile Banking,QR Payment,N/A,Savings,879.95,55,Incorrect PIN,Reversed,30,Male,755
TXN0001152,2024-03-15,07:47:58,Lalitpur Branch,Lalitpur,Mobile Banking,Balance Inquiry,N/A,Savings,0.0,00,Approved,Success,23,Male,80
TXN0001153,2024-03-15,08:49:45,Nepalgunj Branch,Banke,ATM,PIN Change,Debit Card,Savings,0.0,00,Approved,Success,34,Male,1592
TXN0001154,2024-03-15,09:42:47,Nepalgunj Branch,Banke,POS,Refund,Debit Card,Savings,3341.0,00,Approved,Success,29,Male,363
TXN0001155,2024-03-15,10:33:23,Biratnagar Main,Morang,Mobile Banking,Mobile Top-up,N/A,Savings,500.0,00,Approved,Success,41,Male,1036
TXN0001156,2024-03-15,10:41:42,Lalitpur Branch,Lalitpur,POS,Purchase,Prepaid Card,Savings,8060.12,00,Approved,Success,60,Female,406
TXN0001157,2024-03-15,15:09:56,Janakpur Branch,Dhanusha,POS,Purchase,Prepaid Card,Current,8208.49,00,Approved,Success,29,Female,637
TXN0001158,2024-03-15,15:38:09,Biratnagar Main,Morang,Mobile Banking,QR Payment,N/A,Savings,3108.81,00,Approved,Success,28,Female,428
TXN0001159,2024-03-15,15:55:31,Itahari Branch,Sunsari,ATM,Balance Inquiry,Prepaid Card,Savings,0.0,00,Approved,Success,41,Female,1077
TXN0001160,2024-03-15,17:17:59,  New Baneshwor  ,Kathmandu,ATM,Mini Statement,Prepaid Card,Savings,0.0,00,Approved,Success,34,Male,1656
TXN0001161,2024-03-15,19:52:45,Itahari Branch,Sunsari,ATM,Balance Inquiry,Debit Card,Current,0.0,00,Approved,Success,28,Female,948
TXN0001162,2024-03-15,20:59:28,Birgunj Branch,Parsa,ATM,Balance Inquiry,Credit Card,Savings,0.0,00,Approved,Success,29,Female,861
TXN0001163,2024-03-16,00:22:58,Dharan Branch,Sunsari,Mobile Banking,Balance Inquiry,N/A,Savings,0.0,00,Approved,Success,45,Male,605
TXN0001164,2024-03-16,03:50:51,Nepalgunj Branch,Banke,ATM,PIN Change,Debit Card,Savings,0.0,00,Approved,Success,27,Female,1524
TXN0001165,2024-03-16,04:40:37,Biratnagar Main,Morang,Internet Banking,Balance Inquiry,N/A,Fixed Deposit,0.0,00,Approved,Success,47,Female,624
TXN0001166,2024-03-16,05:45:14,Birgunj Branch,Parsa,Mobile Banking,Fund Transfer,N/A,Savings,46613.81,00,Approved,Success,47,Male,672
TXN0001167,2024-03-16,05:53:24,Bhaktapur Branch,Bhaktapur,Mobile Banking,Balance Inquiry,N/A,Savings,0.0,00,Approved,Success,33,Female,623
TXN0001168,2024-03-16,09:15:03,New Baneshwor,Kathmandu,Mobile Banking,Balance Inquiry,N/A,Savings,0.0,00,Approved,Success,50,Female,213
TXN0001169,2024-03-16,11:03:12,Itahari Branch,Sunsari,ATM,Cash Withdrawal,Debit Card,Savings,20000.0,00,Approved,Success,35,Male,992
TXN0001170,2024-03-16,11:41:54,Hetauda Branch,Makwanpur,Mobile Banking,Mobile Top-up,N/A,Savings,200.0,00,Approved,Success,18,Female,722
TXN0001171,2024-03-16,11:56:07,Nepalgunj Branch,Banke,Mobile Banking,Bill Payment,N/A,Savings,2956.33,00,Approved,Success,61,Female,820
TXN0001172,2024-03-16,13:04:31,Janakpur Branch,Dhanusha,POS,Purchase,Debit Card,Savings,4631.99,91,Issuer Unavailable,Failed,54,Male,524
TXN0001173,2024-03-16,13:51:27,Bharatpur Branch,Chitwan,POS,Refund,Debit Card,Savings,3845.13,00,Approved,Success,55,Male,807
TXN0001174,2024-03-16,13:58:27,Bharatpur Branch,Chitwan,ATM,PIN Change,Prepaid Card,Savings,0.0,00,Approved,Success,22,Female,1314
TXN0001175,2024-03-16,15:57:07,Biratnagar Main,Morang,Mobile Banking,Fund Transfer,N/A,Savings,19523.66,00,Approved,Success,50,Male,80
TXN0001176,2024-03-16,16:36:12,Birgunj Branch,Parsa,Internet Banking,Statement Download,N/A,Savings,0.0,00,Approved,Success,32,Male,468
TXN0001177,2024-03-16,16:46:35,Kathmandu Main,Kathmandu,ATM,Mini Statement,Debit Card,Savings,0.0,00,Approved,Success,19,Male,258
TXN0001178,2024-03-16,20:59:09,Lalitpur Branch,Lalitpur,Internet Banking,Balance Inquiry,N/A,Savings,0.0,00,Approved,Success,23,Male,365
TXN0001179,2024-03-16,21:17:42,Nepalgunj Branch,Banke,Mobile Banking,Fund Transfer,N/A,Savings,11608.78,00,Approved,Success,35,Female,579
TXN0001179,2024-03-16,21:17:42,Nepalgunj Branch,Banke,Mobile Banking,Fund Transfer,N/A,Savings,11608.78,00,Approved,Success,35,Female,579
TXN0001180,2024-03-17,05:35:42,Bhaktapur Branch,Bhaktapur,Internet Banking,Fund Transfer,N/A,Savings,41959.1,00,Approved,Success,35,Female,355
TXN0001181,2024-03-17,08:36:58,DHARAN BRANCH,Sunsari,ATM,Balance Inquiry,Debit Card,Current,0.0,00,Approved,Success,18,Male,757
TXN0001182,2024-03-17,09:36:03,New Baneshwor,Kathmandu,ATM,Cash Withdrawal,Debit Card,Savings,2000.0,00,Approved,Success,,Female,892
TXN0001183,2024-03-17,10:13:43,New Baneshwor,Kathmandu,POS,Refund,Debit Card,Savings,8027.99,00,Approved,Success,36,Female,941
TXN0001184,2024-03-17,10:54:47,Itahari Branch,Sunsari,Mobile Banking,Bill Payment,N/A,Savings,8516.15,00,Approved,Success,41,Male,1280
TXN0001185,2024-03-17,12:03:40,Nepalgunj Branch,Banke,ATM,Balance Inquiry,Credit Card,Savings,0.0,00,Approved,Success,30,Female,1422
TXN0001186,2024-03-17,14:38:54,Bhaktapur Branch,Bhaktapur,Internet Banking,Statement Download,N/A,Savings,0.0,00,Approved,Success,23,Female,831
TXN0001187,2024-03-17,14:47:34,Lalitpur Branch,Lalitpur,POS,Purchase,Debit Card,Current,9662.56,91,Issuer Unavailable,Reversed,46,Male,131
TXN0001188,2024-03-17,15:29:21,New Baneshwor,Kathmandu,ATM,Balance Inquiry,Debit Card,Savings,0.0,00,Approved,Success,36,Male,1206
TXN0001189,2024-03-17,15:39:05,New Baneshwor,Kathmandu,ATM,Cash Withdrawal,Debit Card,Savings,20000.0,00,Approved,Success,38,Male,1492
TXN0001190,2024-03-17,16:16:12,Hetauda Branch,Makwanpur,Branch Counter,Account Opening,N/A,Savings,0.0,00,Approved,Success,28,Male,754
TXN0001191,2024-03-17,16:50:46,Dhangadhi Branch,Kailali,Internet Banking,Fund Transfer,N/A,Savings,29010.79,00,Approved,Success,33,Male,584
TXN0001192,2024-03-17,17:40:09,Butwal Branch,Rupandehi,POS,Purchase,Debit Card,Savings,1230.07,51,Insufficient Funds,Failed,35,Male,545
TXN0001193,2024-03-17,18:02:22,Lalitpur Branch,Lalitpur,ATM,Balance Inquiry,Debit Card,Savings,0.0,00,Approved,Success,38,Female,693
TXN0001194,2024-03-17,18:25:05,Dhangadhi Branch,Kailali,ATM,Balance Inquiry,Debit Card,Current,0.0,00,Approved,Success,36,,1574
TXN0001195,2024-03-18,07:21:03,Hetauda Branch,Makwanpur,POS,Refund,Debit Card,Savings,7288.39,91,Issuer Unavailable,Reversed,44,Male,452
TXN0001196,2024-03-18,08:07:20,Dhangadhi Branch,Kailali,ATM,PIN Change,Credit Card,Current,0.0,00,Approved,Success,18,Female,1230
TXN0001197,2024-03-18,08:35:28,Nepalgunj Branch,Banke,POS,Purchase,Debit Card,Savings,14769.45,00,Approved,Success,49,Female,674
TXN0001198,2024-03-18,08:39:19,  Pokhara Lakeside  ,Kaski,POS,Purchase,Credit Card,Savings,5055.08,00,Approved,Success,55,Male,444
TXN0001199,2024-03-18,09:08:05,Butwal Branch,Rupandehi,Mobile Banking,Balance Inquiry,N/A,Savings,0.0,00,Approved,Success,29,Female,788
TXN0001200,2024-03-18,10:00:29,Butwal Branch,Rupandehi,POS,Refund,Prepaid Card,Savings,216.31,00,Approved,Success,63,Female,428
TXN0001201,2024-03-18,10:07:41,  Bharatpur Branch  ,Chitwan,Mobile Banking,Bill Payment,N/A,Savings,380.89,00,Approved,Success,34,Male,583
TXN0001202,2024-03-18,11:33:04,Nepalgunj Branch,Banke,Mobile Banking,Balance Inquiry,N/A,Savings,0.0,00,Approved,Success,18,Male,529
TXN0001203,2024-03-18,11:38:01,Birgunj Branch,Parsa,ATM,Cash Withdrawal,Debit Card,Savings,20000.0,00,Approved,Success,48,Female,941
TXN0001204,2024-03-18,12:09:52,Bharatpur Branch,Chitwan,Mobile Banking,Bill Payment,N/A,Savings,1128.38,00,Approved,Success,53,Male,540
TXN0001205,2024-03-18,12:50:29,Janakpur Branch,Dhanusha,ATM,PIN Change,Credit Card,Savings,0.0,00,Approved,Success,18,Female,1101
TXN0001206,2024-03-18,13:32:59,Kathmandu Main,Kathmandu,Branch Counter,Account Opening,N/A,Savings,0.0,00,Approved,Success,49,Male,488
TXN0001207,2024-03-18,15:33:57,New Baneshwor,Kathmandu,Internet Banking,Statement Download,N/A,Savings,0.0,00,Approved,Success,57,Male,283
TXN0001208,2024-03-18,16:55:34,Itahari Branch,Sunsari,ATM,Cash Withdrawal,Credit Card,Savings,2500.0,00,Approved,Success,33,Female,1593
TXN0001209,2024-03-18,17:15:06,Biratnagar Main,Morang,ATM,Mini Statement,Debit Card,Savings,0.0,00,Approved,Success,39,Male,1026
TXN0001210,2024-03-18,18:47:46,Pokhara Lakeside,Kaski,POS,Purchase,Debit Card,Savings,1856.63,00,Approved,Success,46,Female,612
TXN0001211,2024-03-18,18:50:09,Lalitpur Branch,Lalitpur,Mobile Banking,Balance Inquiry,N/A,Current,0.0,00,Approved,Success,39,Female,820
TXN0001212,2024-03-18,18:51:51,Hetauda Branch,Makwanpur,Internet Banking,Bill Payment,N/A,Savings,762.92,91,Issuer Unavailable,Timeout,42,Female,409
TXN0001213,2024-03-18,18:56:28,Dharan Branch,Sunsari,ATM,Mini Statement,Debit Card,Savings,0.0,00,Approved,Success,34,Male,1074
TXN0001214,2024-03-18,19:17:51,Kathmandu Main,Kathmandu,Mobile Banking,Fund Transfer,N/A,Fixed Deposit,52811.14,00,Approved,Success,38,Male,282
TXN0001215,2024-03-19,04:59:25,Itahari Branch,Sunsari,ATM,Mini Statement,Prepaid Card,Savings,0.0,00,Approved,Success,29,Female,1185
TXN0001216,2024-03-19,06:45:20,Bhaktapur Branch,Bhaktapur,Internet Banking,Fund Transfer,N/A,Current,61753.06,00,Approved,Success,19,Female,619
TXN0001217,2024-03-19,07:29:30,ITAHARI BRANCH,Sunsari,Mobile Banking,QR Payment,N/A,Savings,2923.57,00,Approved,Success,36,Female,792
TXN0001218,2024-03-19,07:55:25,New Baneshwor,Kathmandu,ATM,PIN Change,Debit Card,Savings,0.0,00,Approved,Success,33,Male,684
TXN0001219,2024-03-19,10:54:34,Lalitpur Branch,Lalitpur,Mobile Banking,Bill Payment,N/A,Current,1269.05,00,Approved,Success,44,Male,784
TXN0001220,2024-03-19,11:33:18,Hetauda Branch,Makwanpur,ATM,PIN Change,Debit Card,Savings,0.0,00,Approved,Success,37,Male,826
TXN0001221,2024-03-19,11:34:29,Bhaktapur Branch,Bhaktapur,ATM,Cash Withdrawal,Credit Card,Savings,8000.0,00,Approved,Success,30,Male,1367
TXN0001222,2024-03-19,12:07:44,Hetauda Branch,Makwanpur,ATM,Mini Statement,Debit Card,Savings,0.0,00,Approved,Success,26,Female,1796
TXN0001223,2024-03-19,12:19:09,Butwal Branch,Rupandehi,POS,Refund,Debit Card,Savings,1826.1,91,Issuer Unavailable,Reversed,43,Male,438
TXN0001224,2024-03-19,12:41:13,Bharatpur Branch,Chitwan,Internet Banking,Fund Transfer,N/A,Savings,67907.67,00,Approved,Success,21,Male,994
TXN0001225,2024-03-19,13:37:35,New Baneshwor,Kathmandu,Mobile Banking,Mobile Top-up,N/A,Savings,50.0,00,Approved,Success,51,Male,833
TXN0001226,2024-03-19,16:50:28,Kathmandu Main,Kathmandu,ATM,Balance Inquiry,Debit Card,Savings,0.0,00,Approved,Success,36,Female,1632
TXN0001227,2024-03-19,17:12:04,Janakpur Branch,Dhanusha,Internet Banking,Fund Transfer,N/A,Savings,91711.38,00,Approved,Success,19,Male,702
TXN0001228,2024-03-19,17:57:49,NEPALGUNJ BRANCH,Banke,Mobile Banking,Balance Inquiry,N/A,Savings,0.0,00,Approved,Success,51,Female,676
TXN0001229,2024-03-19,19:14:06,Dhangadhi Branch,Kailali,Mobile Banking,Bill Payment,N/A,Savings,10608.49,00,Approved,Success,41,Male,772
TXN0001230,2024-03-19,19:38:39,Dhangadhi Branch,Kailali,ATM,Mini Statement,Debit Card,Savings,0.0,00,Approved,Success,18,Female,1079
TXN0001231,2024-03-19,20:33:37,Hetauda Branch,Makwanpur,Mobile Banking,Bill Payment,N/A,Savings,8580.85,00,Approved,Success,50,Male,809
TXN0001232,2024-03-20,02:24:22,Kathmandu Main,Kathmandu,Mobile Banking,Mobile Top-up,N/A,Savings,200.0,00,Approved,Success,45,Female,407
TXN0001233,2024-03-20,04:46:00,Dharan Branch,Sunsari,Mobile Banking,Balance Inquiry,N/A,Current,0.0,91,Issuer Unavailable,Reversed,37,Male,769
TXN0001234,2024-03-20,06:38:39,Dharan Branch,Sunsari,ATM,PIN Change,Prepaid Card,Savings,0.0,00,Approved,Success,19,Female,1266
TXN0001235,2024-03-20,09:03:17,Biratnagar Main,Morang,Mobile Banking,Balance Inquiry,N/A,Savings,0.0,00,Approved,Success,34,Male,163
TXN0001236,2024-03-20,09:49:26,Bhaktapur Branch,Bhaktapur,Branch Counter,Cash Withdrawal,N/A,Savings,10000.0,00,Approved,Success,,Female,704
TXN0001237,2024-03-20,13:30:48,Nepalgunj Branch,Banke,Branch Counter,Account Opening,N/A,Savings,0.0,00,Approved,Success,33,,601
TXN0001238,2024-03-20,15:50:11,Kathmandu Main,Kathmandu,POS,Refund,Debit Card,Savings,6111.77,00,Approved,Success,53,Male,428
TXN0001239,2024-03-20,16:04:03,Biratnagar Main,Morang,atm,Mini Statement,Debit Card,Fixed Deposit,0.0,00,Approved,Success,30,Male,994
TXN0001240,2024-03-20,17:02:50,Bharatpur Branch,Chitwan,Internet Banking,Balance Inquiry,N/A,Savings,0.0,00,Approved,Success,39,,863
TXN0001241,2024-03-20,17:19:00,Hetauda Branch,Makwanpur,ATM,Cash Withdrawal,Debit Card,Savings,500.0,00,Approved,Success,45,Male,730
TXN0001242,2024-03-20,21:23:24,Kathmandu Main,Kathmandu,Internet Banking,Fund Transfer,N/A,Current,73171.68,00,Approved,Success,24,Female,746
TXN0001243,2024-03-21,09:02:29,Butwal Branch,Rupandehi,Internet Banking,Balance Inquiry,N/A,Savings,0.0,00,Approved,Success,46,Female,736
TXN0001244,2024-03-21,09:18:02,  Birgunj Branch  ,Parsa,ATM,Balance Inquiry,Debit Card,Savings,0.0,00,Approved,Success,39,Male,1461
TXN0001245,2024-03-21,09:32:20,Itahari Branch,Sunsari,ATM,Mini Statement,Debit Card,Current,0.0,96,System Malfunction,Failed,45,Male,650
TXN0001246,2024-03-21,09:41:03,Pokhara Lakeside,Kaski,Branch Counter,Account Opening,N/A,Savings,0.0,00,Approved,Success,,Female,523
TXN0001247,2024-03-21,10:07:27,Birgunj Branch,Parsa,Mobile Banking,QR Payment,N/A,Current,909.72,00,Approved,Success,18,Female,660
TXN0001248,2024-03-21,10:12:21,Nepalgunj Branch,Banke,ATM,Mini Statement,Credit Card,Current,0.0,00,Approved,Success,33,Male,978
TXN0001249,2024-03-21,10:16:17,Hetauda Branch,Makwanpur,Mobile Banking,Bill Payment,N/A,Savings,344.13,14,Invalid Card,Failed,36,Female,739
TXN0001250,2024-03-21,10:29:22,Lalitpur Branch,Lalitpur,Internet Banking,Fund Transfer,N/A,Savings,96458.79,00,Approved,Success,25,Male,998
TXN0001251,2024-03-21,12:02:52,Janakpur Branch,Dhanusha,ATM,Balance Inquiry,Debit Card,Current,0.0,00,Approved,Success,34,Female,1497
TXN0001252,2024-03-21,12:45:42,Lalitpur Branch,Lalitpur,Mobile Banking,Mobile Top-up,N/A,Savings,200.0,00,Approved,Success,32,Female,272
TXN0001253,2024-03-21,13:14:52,Janakpur Branch,Dhanusha,Internet Banking,Balance Inquiry,N/A,Current,0.0,00,Approved,Success,33,Male,322
TXN0001254,2024-03-21,13:41:15,Lalitpur Branch,Lalitpur,POS,Refund,Debit Card,Savings,1930.97,00,Approved,Success,48,Male,786
TXN0001255,2024-03-21,15:05:50,Biratnagar Main,Morang,Mobile Banking,QR Payment,N/A,Current,3023.27,00,Approved,Success,27,Male,1176
TXN0001256,2024-03-21,15:19:30,Itahari Branch,Sunsari,ATM,Mini Statement,Debit Card,Current,0.0,00,Approved,Success,38,Female,1242
TXN0001257,2024-03-21,16:32:37,Janakpur Branch,Dhanusha,ATM,Mini Statement,Debit Card,Savings,0.0,00,Approved,Success,37,Female,1095
TXN0001258,2024-03-21,16:53:28,Janakpur Branch,Dhanusha,ATM,PIN Change,Debit Card,Savings,0.0,00,Approved,Success,46,Male,1859
TXN0001259,2024-03-21,17:17:47,Birgunj Branch,Parsa,POS,Purchase,Debit Card,Savings,7789.3,51,Insufficient Funds,Reversed,19,Female,138
TXN0001260,2024-03-21,19:00:55,Dharan Branch,Sunsari,POS,Purchase,Debit Card,Savings,12892.89,00,Approved,Success,18,Female,854
TXN0001261,2024-03-22,09:04:17,Itahari Branch,Sunsari,ATM,Mini Statement,Prepaid Card,Fixed Deposit,0.0,00,Approved,Success,39,Female,1761
TXN0001262,2024-03-22,09:19:10,Bharatpur Branch,Chitwan,ATM,Cash Withdrawal,Debit Card,Current,8000.0,00,Approved,Success,43,Male,1532
TXN0001263,2024-03-22,10:52:54,Pokhara Lakeside,Kaski,ATM,Mini Statement,Credit Card,Current,0.0,00,Approved,Success,44,Male,462
TXN0001264,2024-03-22,12:52:25,Dhangadhi Branch,Kailali,Mobile Banking,Balance Inquiry,N/A,Savings,0.0,00,Approved,Success,27,Male,642
TXN0001265,2024-03-22,12:54:50,Itahari Branch,Sunsari,ATM,Balance Inquiry,Debit Card,Savings,0.0,00,Approved,Success,38,Female,1403
TXN0001266,2024-03-22,13:05:51,New Baneshwor,Kathmandu,ATM,Mini Statement,Debit Card,Savings,0.0,00,Approved,Success,54,Male,900
TXN0001267,2024-03-22,13:35:48,Lalitpur Branch,Lalitpur,ATM,Balance Inquiry,Credit Card,Savings,0.0,00,Approved,Success,24,Male,1754
TXN0001268,2024-03-22,15:39:51,New Baneshwor,Kathmandu,ATM,Cash Withdrawal,Debit Card,Savings,3000.0,00,Approved,Success,26,Male,1111
TXN0001269,2024-03-22,16:56:48,Dhangadhi Branch,Kailali,ATM,Balance Inquiry,Credit Card,Savings,0.0,00,Approved,Success,20,Female,1716
TXN0001270,2024-03-22,20:27:47,Biratnagar Main,Morang,ATM,Cash Withdrawal,Debit Card,Savings,5000.0,00,Approved,Success,37,Female,916
TXN0001271,2024-03-23,03:24:47,Janakpur Branch,Dhanusha,Mobile Banking,Fund Transfer,N/A,Savings,81882.55,00,Approved,Success,30,Male,413
TXN0001272,2024-03-23,06:45:35,Hetauda Branch,Makwanpur,POS,Refund,Debit Card,Savings,7768.95,00,Approved,Success,18,Female,437
TXN0001272,2024-03-23,06:45:35,Hetauda Branch,Makwanpur,POS,Refund,Debit Card,Savings,7768.95,00,Approved,Success,18,Female,437
TXN0001273,2024-03-23,08:31:11,Hetauda Branch,Makwanpur,ATM,PIN Change,Debit Card,Savings,0.0,00,Approved,Success,18,Female,1404
TXN0001274,2024-03-23,08:37:23,New Baneshwor,Kathmandu,ATM,PIN Change,Debit Card,Savings,0.0,00,Approved,Success,45,Male,970
TXN0001275,2024-03-23,09:02:59,Nepalgunj Branch,Banke,POS,Refund,Debit Card,Savings,961.08,51,Insufficient Funds,Failed,31,Female,714
TXN0001276,2024-03-23,09:49:52,Biratnagar Main,Morang,Mobile Banking,Mobile Top-up,N/A,Savings,50.0,00,Approved,Success,23,Female,344
TXN0001277,2024-03-23,11:48:19,New Baneshwor,Kathmandu,ATM,Mini Statement,Debit Card,Savings,0.0,00,Approved,Success,36,Female,1193
TXN0001278,2024-03-23,12:15:36,  Pokhara Lakeside  ,Kaski,ATM,Cash Withdrawal,Debit Card,Savings,2500.0,00,Approved,Success,44,Female,1362
TXN0001279,2024-03-23,12:46:24,Biratnagar Main,Morang,POS,Purchase,Debit Card,Savings,8063.95,00,Approved,Success,34,Female,516
TXN0001280,2024-03-23,14:10:40,Bharatpur Branch,Chitwan,ATM,Cash Withdrawal,Debit Card,Savings,5000.0,91,Issuer Unavailable,Failed,34,Male,723
TXN0001281,2024-03-23,16:14:37,New Baneshwor,Kathmandu,Mobile Banking,QR Payment,N/A,Savings,2203.09,00,Approved,Success,30,Female,584
TXN0001282,2024-03-23,16:59:31,Birgunj Branch,Parsa,POS,Purchase,Debit Card,Savings,14298.2,00,Approved,Success,57,Male,485
TXN0001283,2024-03-23,22:18:29,Dhangadhi Branch,Kailali,ATM,Cash Withdrawal,Debit Card,Savings,2000.0,00,Approved,Success,37,Female,736
TXN0001284,2024-03-24,06:02:58,Bharatpur Branch,Chitwan,POS,Purchase,Debit Card,Savings,2791.0,00,Approved,Success,42,Female,648
TXN0001285,2024-03-24,06:43:55,Janakpur Branch,Dhanusha,POS,Refund,Debit Card,Savings,1512.5,00,Approved,Success,43,Female,421
TXN0001286,2024-03-24,07:45:39,Dharan Branch,Sunsari,ATM,Balance Inquiry,Debit Card,Savings,0.0,00,Approved,Success,30,Male,1922
TXN0001287,2024-03-24,10:18:15,Bhaktapur Branch,Bhaktapur,ATM,Mini Statement,Credit Card,Savings,0.0,00,Approved,Success,26,Female,952
TXN0001288,2024-03-24,10:32:52,Pokhara Lakeside,Kaski,Internet Banking,Statement Download,N/A,Savings,0.0,00,Approved,Success,44,Male,597
TXN0001289,2024-03-24,11:07:06,Lalitpur Branch,Lalitpur,POS,Refund,Debit Card,Savings,9399.04,00,Approved,Success,32,Female,393
TXN0001290,2024-03-24,12:08:36,Itahari Branch,Sunsari,Internet Banking,Fund Transfer,N/A,Savings,79764.95,00,Approved,Success,38,Female,439
TXN0001291,2024-03-24,13:20:44,Bharatpur Branch,Chitwan,ATM,Balance Inquiry,Debit Card,Current,0.0,00,Approved,Success,40,Male,1271
TXN0001291,2024-03-24,13:20:44,Bharatpur Branch,Chitwan,ATM,Balance Inquiry,Debit Card,Current,0.0,00,Approved,Success,40,Male,1271
TXN0001292,2024-03-24,13:36:05,Nepalgunj Branch,Banke,Mobile Banking,Balance Inquiry,N/A,Savings,0.0,00,Approved,Success,41,Female,1206
TXN0001293,2024-03-24,14:30:09,Bharatpur Branch,Chitwan,Mobile Banking,Mobile Top-up,N/A,Current,100.0,00,Approved,Success,23,Male,1167
TXN0001294,2024-03-24,15:05:19,Kathmandu Main,Kathmandu,Branch Counter,Cash Deposit,N/A,Savings,128760.88,00,Approved,Success,60,Female,335
TXN0001295,2024-03-24,15:26:04,Bhaktapur Branch,Bhaktapur,POS,Purchase,Debit Card,Savings,486.06,00,Approved,Success,40,Male,660
TXN0001296,2024-03-24,15:34:52,Pokhara Lakeside,Kaski,ATM,PIN Change,Debit Card,Savings,0.0,51,Insufficient Funds,Timeout,19,Male,1257
TXN0001297,2024-03-24,15:56:13,Janakpur Branch,Dhanusha,Mobile Banking,Mobile Top-up,N/A,Savings,100.0,00,Approved,Success,18,Female,419
TXN0001298,2024-03-24,18:17:56,New Baneshwor,Kathmandu,ATM,Cash Withdrawal,Debit Card,Savings,20000.0,00,Approved,Success,39,Female,1521
TXN0001299,2024-03-24,19:44:02,New Baneshwor,Kathmandu,ATM,PIN Change,Debit Card,Savings,0.0,00,Approved,Success,48,Male,1227
TXN0001300,2024-03-25,00:12:17,Janakpur Branch,Dhanusha,ATM,Balance Inquiry,Debit Card,Savings,0.0,00,Approved,Success,30,Female,1520
TXN0001301,2024-03-25,00:21:04,Itahari Branch,Sunsari,ATM,Balance Inquiry,Debit Card,Current,0.0,00,Approved,Success,44,Male,1215
TXN0001302,2024-03-25,02:23:49,  Bharatpur Branch  ,Chitwan,ATM,Balance Inquiry,Debit Card,Current,0.0,51,Insufficient Funds,Timeout,35,Male,1998
TXN0001303,2024-03-25,06:19:54,Dharan Branch,Sunsari,ATM,Mini Statement,Debit Card,Savings,0.0,00,Approved,Success,37,Male,1704
TXN0001304,2024-03-25,06:32:03,Bhaktapur Branch,Bhaktapur,Mobile Banking,QR Payment,N/A,Savings,954.07,00,Approved,Success,43,Male,728
TXN0001305,2024-03-25,06:48:49,Janakpur Branch,Dhanusha,ATM,Mini Statement,Debit Card,Savings,0.0,00,Approved,Success,26,Female,1157
TXN0001306,2024-03-25,07:32:29,Birgunj Branch,Parsa,POS,Refund,Debit Card,Savings,9350.7,00,Approved,Success,43,Female,438
TXN0001307,2024-03-25,07:55:03,Itahari Branch,Sunsari,POS,Purchase,Prepaid Card,Savings,9560.68,00,Approved,Success,39,Female,735
TXN0001308,2024-03-25,08:04:01,Bharatpur Branch,Chitwan,Mobile Banking,QR Payment,N/A,Savings,900.82,00,Approved,Success,32,Female,130
TXN0001309,2024-03-25,08:15:34,Dharan Branch,Sunsari,Mobile Banking,Bill Payment,N/A,Savings,6861.29,00,Approved,Success,33,Male,440
TXN0001310,2024-03-25,08:40:22,Bhaktapur Branch,Bhaktapur,Internet Banking,Bill Payment,N/A,Savings,1898.62,00,Approved,Success,25,Female,351
TXN0001311,2024-03-25,10:15:51,Hetauda Branch,Makwanpur,POS,Purchase,Debit Card,Savings,6894.5,00,Approved,Success,36,Female,450
TXN0001312,2024-03-25,10:27:41,Hetauda Branch,Makwanpur,ATM,Mini Statement,Debit Card,Savings,0.0,00,Approved,Success,41,Male,1004
TXN0001313,2024-03-25,11:06:02,Butwal Branch,Rupandehi,POS,Purchase,Debit Card,Savings,2967.31,00,Approved,Success,35,Female,955
TXN0001314,2024-03-25,11:36:20,Biratnagar Main,Morang,ATM,Balance Inquiry,Debit Card,Savings,0.0,91,Issuer Unavailable,Reversed,29,Male,1378
TXN0001315,2024-03-25,12:18:09,Kathmandu Main,Kathmandu,Mobile Banking,Mobile Top-up,N/A,Savings,1000.0,00,Approved,Success,39,Male,1069
TXN0001316,2024-03-25,12:25:23,Lalitpur Branch,Lalitpur,Mobile Banking,Bill Payment,N/A,Fixed Deposit,8731.93,00,Approved,Success,45,Male,663
TXN0001317,2024-03-25,12:52:56,Biratnagar Main,Morang,POS,Refund,Prepaid Card,Savings,8525.55,51,Insufficient Funds,Reversed,18,Female,654
TXN0001318,2024-03-25,14:01:10,Kathmandu Main,Kathmandu,Mobile Banking,Mobile Top-up,N/A,Savings,100.0,00,Approved,Success,28,Female,299
TXN0001319,2024-03-25,14:13:03,Dhangadhi Branch,Kailali,Branch Counter,Cash Withdrawal,N/A,Savings,3000.0,00,Approved,Success,35,Female,139
TXN0001320,2024-03-25,14:16:17,Kathmandu Main,Kathmandu,ATM,PIN Change,Debit Card,Savings,0.0,00,Approved,Success,38,Male,818
TXN0001321,2024-03-25,14:36:28,Bharatpur Branch,Chitwan,ATM,Balance Inquiry,Debit Card,Current,0.0,00,Approved,Success,35,Male,80
TXN0001322,2024-03-25,16:42:46,Pokhara Lakeside,Kaski,ATM,Balance Inquiry,Debit Card,Savings,0.0,00,Approved,Success,29,Male,1555
TXN0001323,2024-03-26,06:06:28,Hetauda Branch,Makwanpur,internet banking,Balance Inquiry,N/A,Fixed Deposit,0.0,00,Approved,Success,22,Female,439
TXN0001324,2024-03-26,07:06:16,Dhangadhi Branch,Kailali,Mobile Banking,Fund Transfer,N/A,Fixed Deposit,67908.45,00,Approved,Success,35,Female,80
TXN0001325,2024-03-26,07:40:06,Birgunj Branch,Parsa,Mobile Banking,Fund Transfer,N/A,Savings,86075.95,00,Approved,Success,31,Male,780
TXN0001326,2024-03-26,07:56:36,Butwal Branch,Rupandehi,ATM,Balance Inquiry,Debit Card,Savings,0.0,00,Approved,Success,39,Female,1018
TXN0001327,2024-03-26,10:26:18,Bharatpur Branch,Chitwan,POS,Purchase,Debit Card,Savings,1238.51,00,Approved,Success,40,Female,763
TXN0001328,2024-03-26,11:29:02,Bhaktapur Branch,Bhaktapur,Mobile Banking,QR Payment,N/A,Savings,99.07,91,Issuer Unavailable,Failed,53,Male,80
TXN0001329,2024-03-26,11:58:34,Bharatpur Branch,Chitwan,ATM,Mini Statement,Debit Card,Savings,0.0,00,Approved,Success,32,Female,1248
TXN0001330,2024-03-26,13:50:11,Kathmandu Main,Kathmandu,Mobile Banking,Fund Transfer,N/A,Savings,6083.86,00,Approved,Success,26,,678
TXN0001331,2024-03-26,13:50:41,Janakpur Branch,Dhanusha,Mobile Banking,Balance Inquiry,N/A,Savings,0.0,00,Approved,Success,44,Male,634
TXN0001332,2024-03-26,14:01:35,Lalitpur Branch,Lalitpur,Internet Banking,Balance Inquiry,N/A,Current,0.0,00,Approved,Success,18,Male,426
TXN0001333,2024-03-26,14:11:27,Pokhara Lakeside,Kaski,ATM,Cash Withdrawal,Debit Card,Current,15000.0,00,Approved,Success,35,Male,869
TXN0001334,2024-03-26,15:10:32,Birgunj Branch,Parsa,Mobile Banking,Bill Payment,N/A,Current,9903.67,00,Approved,Success,19,Male,942
TXN0001335,2024-03-26,15:11:35,Dhangadhi Branch,Kailali,POS,Purchase,Debit Card,Savings,1783.11,00,Approved,Success,44,Male,819
TXN0001336,2024-03-26,16:00:03,Itahari Branch,Sunsari,ATM,PIN Change,Debit Card,Savings,0.0,00,Approved,Success,35,Male,1187
TXN0001337,2024-03-26,18:23:31,Dhangadhi Branch,Kailali,Mobile Banking,Bill Payment,N/A,Savings,10453.64,00,Approved,Success,20,Male,307
TXN0001338,2024-03-26,18:41:03,Biratnagar Main,Morang,ATM,Mini Statement,Debit Card,Savings,0.0,00,Approved,Success,41,Male,999
TXN0001339,2024-03-26,19:08:36,New Baneshwor,Kathmandu,Branch Counter,Account Opening,N/A,Current,0.0,00,Approved,Success,24,Male,273
TXN0001340,2024-03-26,20:49:56,Bharatpur Branch,Chitwan,POS,Refund,Debit Card,Current,4898.23,00,Approved,Success,52,Male,358
TXN0001341,2024-03-26,22:52:42,Nepalgunj Branch,Banke,POS,Purchase,Debit Card,Savings,13657.03,00,Approved,Success,30,Male,816
TXN0001342,2024-03-27,08:33:03,Bhaktapur Branch,Bhaktapur,ATM,Balance Inquiry,Debit Card,Savings,0.0,00,Approved,Success,30,Female,2330
TXN0001343,2024-03-27,08:36:01,Nepalgunj Branch,Banke,ATM,Balance Inquiry,Debit Card,Savings,0.0,00,Approved,Success,33,Male,1305
TXN0001344,2024-03-27,08:52:37,Nepalgunj Branch,Banke,Mobile Banking,QR Payment,N/A,Savings,3406.14,00,Approved,Success,24,Female,921
TXN0001345,2024-03-27,08:56:24,Hetauda Branch,Makwanpur,Mobile Banking,QR Payment,N/A,Savings,1119.71,00,Approved,Success,54,Male,356
TXN0001346,2024-03-27,10:29:22,Dhangadhi Branch,Kailali,Mobile Banking,QR Payment,N/A,Fixed Deposit,3844.01,00,Approved,Success,20,Male,511
TXN0001347,2024-03-27,10:49:00,Kathmandu Main,Kathmandu,POS,Purchase,Debit Card,Savings,3196.76,00,Approved,Success,24,Female,137
TXN0001348,2024-03-27,11:19:17,Janakpur Branch,Dhanusha,ATM,Mini Statement,Debit Card,Savings,0.0,00,Approved,Success,41,Male,1235
TXN0001349,2024-03-27,12:18:03,Kathmandu Main,Kathmandu,Internet Banking,Balance Inquiry,N/A,Savings,0.0,00,Approved,Success,18,Male,556
TXN0001350,2024-03-27,12:20:42,Birgunj Branch,Parsa,ATM,PIN Change,Debit Card,Savings,0.0,00,Approved,Success,28,Female,461
TXN0001351,2024-03-27,12:28:16,Biratnagar Main,Morang,ATM,Balance Inquiry,Debit Card,Savings,0.0,00,Approved,Success,37,Female,589
TXN0001352,2024-03-27,12:58:46,Kathmandu Main,Kathmandu,ATM,Cash Withdrawal,Debit Card,Savings,2000.0,00,Approved,Success,,Female,1562
TXN0001353,2024-03-27,13:41:23,Biratnagar Main,Morang,Branch Counter,Cash Deposit,N/A,Savings,104877.28,00,Approved,Success,28,Male,251
TXN0001354,2024-03-27,13:45:44,Butwal Branch,Rupandehi,ATM,Cash Withdrawal,Credit Card,Savings,3000.0,00,Approved,Success,33,Female,1999
TXN0001355,2024-03-27,14:34:37,Janakpur Branch,Dhanusha,Mobile Banking,Fund Transfer,N/A,Savings,41342.34,00,Approved,Success,26,Female,521
TXN0001356,2024-03-27,21:52:02,Birgunj Branch,Parsa,Mobile Banking,Mobile Top-up,N/A,Savings,1000.0,00,Approved,Success,44,Female,319
TXN0001357,2024-03-28,08:18:59,Butwal Branch,Rupandehi,Internet Banking,Statement Download,N/A,Savings,0.0,00,Approved,Success,32,Male,464
TXN0001358,2024-03-28,08:22:11,Pokhara Lakeside,Kaski,Internet Banking,Fund Transfer,N/A,Savings,53698.06,00,Approved,Success,53,Female,798
TXN0001359,2024-03-28,09:40:23,Butwal Branch,Rupandehi,ATM,PIN Change,Debit Card,Current,0.0,00,Approved,Success,32,Male,1551
TXN0001360,2024-03-28,10:54:49,Janakpur Branch,Dhanusha,ATM,Balance Inquiry,Debit Card,Savings,0.0,00,Approved,Success,38,Male,1169
TXN0001361,2024-03-28,12:31:48,New Baneshwor,Kathmandu,ATM,Balance Inquiry,Debit Card,Savings,0.0,00,Approved,Success,41,Male,1768
TXN0001362,2024-03-28,13:28:59,Pokhara Lakeside,Kaski,ATM,Mini Statement,Debit Card,Savings,0.0,00,Approved,Success,43,Female,927
TXN0001363,2024-03-28,13:35:15,Janakpur Branch,Dhanusha,ATM,Cash Withdrawal,Debit Card,Current,15000.0,00,Approved,Success,26,,1293
TXN0001364,2024-03-28,13:56:50,Pokhara Lakeside,Kaski,ATM,Cash Withdrawal,Debit Card,Savings,20000.0,00,Approved,Success,28,Male,1741
TXN0001365,2024-03-28,15:00:10,Birgunj Branch,Parsa,Branch Counter,Account Opening,N/A,Savings,0.0,05,Do Not Honor,Timeout,33,Male,739
TXN0001366,2024-03-28,15:29:29,Nepalgunj Branch,Banke,POS,Purchase,Debit Card,Savings,4139.24,00,Approved,Success,22,Male,726
TXN0001367,2024-03-28,16:25:02,Pokhara Lakeside,Kaski,POS,Refund,Debit Card,Savings,504.09,00,Approved,Success,38,Female,681
TXN0001368,2024-03-28,17:32:00,New Baneshwor,Kathmandu,POS,Purchase,Debit Card,Savings,11051.06,00,Approved,Success,21,Female,506
TXN0001369,2024-03-28,17:56:44,Bhaktapur Branch,Bhaktapur,mobile banking,QR Payment,N/A,Savings,879.06,00,Approved,Success,43,Male,546
TXN0001370,2024-03-28,18:58:24,Janakpur Branch,Dhanusha,ATM,Balance Inquiry,Debit Card,Savings,0.0,00,Approved,Success,29,Male,460
TXN0001371,2024-03-28,22:28:21,Bhaktapur Branch,Bhaktapur,ATM,Cash Withdrawal,Debit Card,Current,1500.0,00,Approved,Success,28,Female,1011
TXN0001372,2024-03-28,22:42:30,Hetauda Branch,Makwanpur,ATM,Cash Withdrawal,Debit Card,Savings,20000.0,51,Insufficient Funds,Timeout,39,Female,1384
TXN0001373,2024-03-29,06:25:43,Dhangadhi Branch,Kailali,Mobile Banking,Fund Transfer,N/A,Current,83317.8,00,Approved,Success,72,Female,414
TXN0001374,2024-03-29,07:23:54,Itahari Branch,Sunsari,ATM,Cash Withdrawal,Debit Card,Savings,15000.0,00,Approved,Success,41,Female,1571
TXN0001375,2024-03-29,07:26:22,Hetauda Branch,Makwanpur,POS,Refund,Debit Card,Savings,3788.55,00,Approved,Success,18,Female,341
TXN0001376,2024-03-29,07:31:37,Bhaktapur Branch,Bhaktapur,ATM,Balance Inquiry,Debit Card,Savings,0.0,00,Approved,Success,59,Female,1202
TXN0001377,2024-03-29,09:15:38,Dhangadhi Branch,Kailali,Mobile Banking,Fund Transfer,N/A,Savings,72342.24,00,Approved,Success,23,,622
TXN0001378,2024-03-29,09:44:07,Lalitpur Branch,Lalitpur,POS,Refund,Debit Card,Current,6940.43,00,Approved,Success,29,Male,439
TXN0001379,2024-03-29,10:06:23,Janakpur Branch,Dhanusha,ATM,Cash Withdrawal,Debit Card,Savings,8000.0,00,Approved,Success,32,Female,1254
TXN0001380,2024-03-29,10:45:59,Dharan Branch,Sunsari,Mobile Banking,Fund Transfer,N/A,Savings,28271.67,00,Approved,Success,47,Male,1009
TXN0001381,2024-03-29,11:45:07,Nepalgunj Branch,Banke,ATM,Cash Withdrawal,Debit Card,Current,2000.0,00,Approved,Success,50,Male,760
TXN0001382,2024-03-29,12:10:07,Lalitpur Branch,Lalitpur,POS,Purchase,Debit Card,Savings,13035.0,00,Approved,Success,39,Female,611
TXN0001383,2024-03-29,12:28:27,New Baneshwor,Kathmandu,ATM,Mini Statement,Prepaid Card,Savings,0.0,00,Approved,Success,26,Female,1858
TXN0001384,2024-03-29,12:44:11,Lalitpur Branch,Lalitpur,ATM,Cash Withdrawal,Debit Card,Current,2500.0,00,Approved,Success,19,Male,1418
TXN0001385,2024-03-29,12:58:53,Lalitpur Branch,Lalitpur,Mobile Banking,Bill Payment,N/A,Savings,3548.44,00,Approved,Success,40,Female,661
TXN0001386,2024-03-29,14:00:41,Lalitpur Branch,Lalitpur,ATM,Balance Inquiry,Prepaid Card,Savings,0.0,00,Approved,Success,33,Female,1128
TXN0001387,2024-03-29,14:39:05,Itahari Branch,Sunsari,Mobile Banking,Fund Transfer,N/A,Savings,83715.7,00,Approved,Success,18,Male,281
TXN0001388,2024-03-29,14:56:41,Kathmandu Main,Kathmandu,Internet Banking,Balance Inquiry,N/A,Savings,0.0,00,Approved,Success,52,Female,282
TXN0001389,2024-03-29,15:22:52,Bharatpur Branch,Chitwan,POS,Refund,Debit Card,Savings,8779.53,00,Approved,Success,18,Female,473
TXN0001390,2024-03-29,16:05:33,Nepalgunj Branch,Banke,Mobile Banking,Bill Payment,N/A,Savings,6686.55,00,Approved,Success,27,Male,253
TXN0001391,2024-03-29,18:05:42,Butwal Branch,Rupandehi,Branch Counter,Cash Withdrawal,N/A,Current,10000.0,51,Insufficient Funds,Timeout,44,Female,543
TXN0001392,2024-03-29,20:27:44,Dhangadhi Branch,Kailali,ATM,PIN Change,Debit Card,Savings,0.0,00,Approved,Success,45,Male,990
TXN0001393,2024-03-29,23:44:51,  Pokhara Lakeside  ,Kaski,Internet Banking,Statement Download,N/A,Savings,0.0,00,Approved,Success,26,Female,655
TXN0001394,2024-03-30,10:17:50,Butwal Branch,Rupandehi,POS,Purchase,Debit Card,Savings,3515.66,00,Approved,Success,23,Male,639
TXN0001395,2024-03-30,11:41:33,Biratnagar Main,Morang,Branch Counter,Cash Deposit,N/A,Savings,140245.43,00,Approved,Success,37,Male,687
TXN0001396,2024-03-30,11:59:14,Kathmandu Main,Kathmandu,Mobile Banking,Mobile Top-up,N/A,Savings,100.0,00,Approved,Success,27,Female,730
TXN0001397,2024-03-30,12:56:23,Butwal Branch,Rupandehi,Branch Counter,Fund Transfer,N/A,Savings,30023.15,00,Approved,Success,28,Female,317
TXN0001398,2024-03-30,13:37:52,Butwal Branch,Rupandehi,ATM,Mini Statement,Prepaid Card,Savings,0.0,00,Approved,Success,54,Female,997
TXN0001399,2024-03-30,13:53:25,Birgunj Branch,Parsa,POS,Refund,Debit Card,Savings,4404.31,51,Insufficient Funds,Reversed,40,Female,475
TXN0001400,2024-03-30,14:43:02,Kathmandu Main,Kathmandu,Mobile Banking,Mobile Top-up,N/A,Savings,1000.0,00,Approved,Success,50,Male,670
TXN0001401,2024-03-30,14:45:19,New Baneshwor,Kathmandu,Mobile Banking,Fund Transfer,N/A,Current,83321.76,00,Approved,Success,40,Female,493
TXN0001402,2024-03-30,16:29:25,Dharan Branch,Sunsari,ATM,PIN Change,Debit Card,Savings,0.0,00,Approved,Success,30,Female,1196
TXN0001403,2024-03-30,19:39:07,Dhangadhi Branch,Kailali,Mobile Banking,Balance Inquiry,N/A,Savings,0.0,00,Approved,Success,44,Female,731
TXN0001404,2024-03-30,22:56:53,Pokhara Lakeside,Kaski,ATM,Balance Inquiry,Debit Card,Savings,0.0,00,Approved,Success,31,Female,1808
TXN0001405,2024-03-30,23:28:51,Pokhara Lakeside,Kaski,Mobile Banking,Mobile Top-up,N/A,Savings,1000.0,00,Approved,Success,21,Male,413
TXN0001406,2024-03-31,00:34:02,Lalitpur Branch,Lalitpur,Branch Counter,Cash Withdrawal,N/A,Savings,3000.0,00,Approved,Success,41,Male,334
TXN0001407,2024-03-31,03:41:59,Dhangadhi Branch,Kailali,POS,Purchase,Debit Card,Savings,2864.02,00,Approved,Success,27,Female,699
TXN0001408,2024-03-31,08:44:06,Pokhara Lakeside,Kaski,Internet Banking,Fund Transfer,N/A,Savings,33552.45,51,Insufficient Funds,Timeout,49,Female,256
TXN0001409,2024-03-31,10:31:52,Hetauda Branch,Makwanpur,POS,Purchase,Debit Card,Savings,6173.83,00,Approved,Success,25,Female,595
TXN0001410,2024-03-31,15:35:56,Dharan Branch,Sunsari,ATM,Cash Withdrawal,Debit Card,Savings,1000.0,00,Approved,Success,28,Male,1656
TXN0001411,2024-03-31,16:17:27,Nepalgunj Branch,Banke,Mobile Banking,Bill Payment,N/A,Savings,1756.08,00,Approved,Success,46,Male,896
TXN0001412,2024-03-31,17:49:35,  Itahari Branch  ,Sunsari,Mobile Banking,Bill Payment,N/A,Savings,8339.75,00,Approved,Success,28,Male,911
TXN0001413,2024-03-31,18:03:54,Lalitpur Branch,Lalitpur,Mobile Banking,QR Payment,N/A,Savings,2675.29,00,Approved,Success,41,Female,422
TXN0001414,2024-04-01,05:14:22,Kathmandu Main,Kathmandu,ATM,PIN Change,Prepaid Card,Savings,0.0,00,Approved,Success,43,Male,1889
TXN0001415,2024-04-01,06:23:38,Dhangadhi Branch,Kailali,POS,Refund,Debit Card,Savings,9951.78,00,Approved,Success,42,Male,481
TXN0001416,2024-04-01,09:15:55,Dhangadhi Branch,Kailali,POS,Refund,Debit Card,Savings,9476.47,00,Approved,Success,46,Male,442
TXN0001417,2024-04-01,09:20:11,Biratnagar Main,Morang,ATM,Cash Withdrawal,Debit Card,Savings,5000.0,00,Approved,Success,44,Male,1550
TXN0001418,2024-04-01,10:02:54,New Baneshwor,Kathmandu,Mobile Banking,Mobile Top-up,N/A,Savings,1000.0,00,Approved,Success,52,Male,334
TXN0001419,2024-04-01,10:11:11,Kathmandu Main,Kathmandu,Internet Banking,Statement Download,N/A,Savings,0.0,00,Approved,Success,37,Male,1207
TXN0001420,2024-04-01,10:17:01,Pokhara Lakeside,Kaski,ATM,PIN Change,Debit Card,Current,0.0,00,Approved,Success,48,Female,1004
TXN0001421,2024-04-01,10:39:35,Nepalgunj Branch,Banke,POS,Purchase,Debit Card,Savings,5444.98,00,Approved,Success,23,Male,510
TXN0001422,2024-04-01,12:26:34,Butwal Branch,Rupandehi,Branch Counter,Cash Withdrawal,N/A,Savings,1500.0,51,Insufficient Funds,Failed,44,Male,688
TXN0001423,2024-04-01,12:46:26,Pokhara Lakeside,Kaski,Branch Counter,Account Opening,N/A,Savings,0.0,00,Approved,Success,44,Male,630
TXN0001424,2024-04-01,13:00:11,Dharan Branch,Sunsari,Internet Banking,Statement Download,N/A,Savings,0.0,00,Approved,Success,40,Male,877
TXN0001425,2024-04-01,14:26:20,Pokhara Lakeside,Kaski,Mobile Banking,QR Payment,N/A,Savings,4339.28,00,Approved,Success,39,Female,164
TXN0001426,2024-04-01,14:43:55,Pokhara Lakeside,Kaski,Internet Banking,Fund Transfer,N/A,Savings,65856.45,00,Approved,Success,22,Male,494
TXN0001427,2024-04-01,15:29:44,Bharatpur Branch,Chitwan,POS,Refund,Debit Card,Savings,4182.64,00,Approved,Success,42,Female,408
TXN0001428,2024-04-01,16:11:00,Lalitpur Branch,Lalitpur,POS,Refund,Prepaid Card,Savings,5439.7,00,Approved,Success,28,Female,364
TXN0001429,2024-04-01,17:46:38,Janakpur Branch,Dhanusha,Internet Banking,Fund Transfer,N/A,Savings,19575.48,00,Approved,Success,41,Female,672
TXN0001430,2024-04-01,18:02:06,Biratnagar Main,Morang,POS,Refund,Credit Card,Savings,6108.63,00,Approved,Success,22,Female,616
TXN0001431,2024-04-01,18:33:37,Janakpur Branch,Dhanusha,Mobile Banking,Mobile Top-up,N/A,Savings,50.0,00,Approved,Success,28,Female,900
TXN0001432,2024-04-01,19:34:35,Dhangadhi Branch,Kailali,ATM,Cash Withdrawal,Debit Card,Savings,1500.0,00,Approved,Success,34,Female,1086
TXN0001433,2024-04-02,02:12:02,Dharan Branch,Sunsari,Mobile Banking,Balance Inquiry,N/A,Savings,0.0,00,Approved,Success,18,Male,212
TXN0001434,2024-04-02,05:49:12,Birgunj Branch,Parsa,Mobile Banking,Bill Payment,N/A,Savings,6734.1,00,Approved,Success,49,Male,362
TXN0001435,2024-04-02,06:33:37,Biratnagar Main,Morang,Mobile Banking,Fund Transfer,N/A,Savings,37357.97,00,Approved,Success,34,Male,456
TXN0001436,2024-04-02,08:28:10,Birgunj Branch,Parsa,ATM,Balance Inquiry,Credit Card,Savings,0.0,00,Approved,Success,41,Female,1716
TXN0001437,2024-04-02,08:29:45,Kathmandu Main,Kathmandu,Internet Banking,Fund Transfer,N/A,Current,82208.71,00,Approved,Success,39,Female,762
TXN0001438,2024-04-02,10:31:50,New Baneshwor,Kathmandu,ATM,Mini Statement,Credit Card,Savings,0.0,00,Approved,Success,32,Male,513
TXN0001439,2024-04-02,11:32:51,Dharan Branch,Sunsari,POS,Refund,Credit Card,Savings,3377.81,00,Approved,Success,47,Female,766
TXN0001440,2024-04-02,11:55:35,Kathmandu Main,Kathmandu,POS,Purchase,Debit Card,Current,10172.92,00,Approved,Success,50,Female,1028
TXN0001441,2024-04-02,11:57:04,New Baneshwor,Kathmandu,POS,Refund,Debit Card,Savings,4017.01,00,Approved,Success,32,Male,692
TXN0001442,2024-04-02,12:05:22,Hetauda Branch,Makwanpur,POS,Refund,Debit Card,Current,444.78,91,Issuer Unavailable,Reversed,40,Male,827
TXN0001443,2024-04-02,12:30:55,Dhangadhi Branch,Kailali,POS,Refund,Debit Card,Savings,8797.24,00,Approved,Success,47,Male,80
TXN0001444,2024-04-02,12:51:14,Nepalgunj Branch,Banke,Internet Banking,Statement Download,N/A,Savings,0.0,00,Approved,Success,28,,80
TXN0001445,2024-04-02,13:15:13,Kathmandu Main,Kathmandu,Branch Counter,Account Opening,N/A,Savings,0.0,00,Approved,Success,46,Male,1102
TXN0001446,2024-04-02,13:47:59,Dharan Branch,Sunsari,POS,Purchase,Debit Card,Savings,10672.01,00,Approved,Success,34,Male,714
TXN0001447,2024-04-02,13:49:15,New Baneshwor,Kathmandu,ATM,Mini Statement,Credit Card,Savings,0.0,00,Approved,Success,38,Female,1391
TXN0001448,2024-04-02,14:31:27,Hetauda Branch,Makwanpur,ATM,Balance Inquiry,Debit Card,Savings,0.0,00,Approved,Success,36,Female,441
TXN0001449,2024-04-02,14:55:33,Nepalgunj Branch,Banke,Branch Counter,Fund Transfer,N/A,Savings,45374.11,00,Approved,Success,35,Male,434
TXN0001450,2024-04-02,15:12:04,Nepalgunj Branch,Banke,POS,Purchase,Debit Card,Current,2788.06,00,Approved,Success,25,Female,1083
TXN0001451,2024-04-02,16:53:04,Nepalgunj Branch,Banke,POS,Purchase,Debit Card,Savings,4919.69,00,Approved,Success,34,Male,718
TXN0001452,2024-04-02,18:48:06,Itahari Branch,Sunsari,POS,Refund,Prepaid Card,Savings,3208.71,00,Approved,Success,34,Female,336
TXN0001453,2024-04-02,19:30:35,Nepalgunj Branch,Banke,Internet Banking,Bill Payment,N/A,Current,4846.29,00,Approved,Success,51,Male,566
TXN0001454,2024-04-02,20:32:57,Dhangadhi Branch,Kailali,Internet Banking,Statement Download,N/A,Savings,0.0,00,Approved,Success,49,Male,796
TXN0001455,2024-04-02,21:04:18,Itahari Branch,Sunsari,POS,Purchase,Debit Card,Savings,4006.46,61,Exceeds Withdrawal Limit,Failed,18,Male,289
TXN0001456,2024-04-03,01:01:21,Lalitpur Branch,Lalitpur,POS,Purchase,Debit Card,Savings,3169.44,00,Approved,Success,20,Female,542
TXN0001457,2024-04-03,02:39:10,New Baneshwor,Kathmandu,POS,Purchase,Debit Card,Savings,11469.08,00,Approved,Success,45,Male,326
TXN0001458,2024-04-03,04:30:59,Nepalgunj Branch,Banke,ATM,Balance Inquiry,Debit Card,Savings,0.0,61,Exceeds Withdrawal Limit,Failed,44,Male,1069
TXN0001459,2024-04-03,07:46:35,Pokhara Lakeside,Kaski,ATM,Mini Statement,Debit Card,Savings,0.0,00,Approved,Success,57,Female,1196
TXN0001460,2024-04-03,08:02:27,Itahari Branch,Sunsari,POS,Refund,Debit Card,Savings,5187.76,00,Approved,Success,44,Female,670
TXN0001461,2024-04-03,08:38:04,Birgunj Branch,Parsa,Internet Banking,Statement Download,N/A,Savings,0.0,00,Approved,Success,32,Female,921
TXN0001462,2024-04-03,08:45:18,Bhaktapur Branch,Bhaktapur,Mobile Banking,Balance Inquiry,N/A,Savings,0.0,00,Approved,Success,41,Female,728
TXN0001463,2024-04-03,08:57:03,Biratnagar Main,Morang,internet banking,Bill Payment,N/A,Savings,7904.14,96,System Malfunction,Timeout,42,Female,785
TXN0001464,2024-04-03,10:02:54,Dhangadhi Branch,Kailali,POS,Refund,Debit Card,Savings,7852.35,00,Approved,Success,18,Male,784
TXN0001465,2024-04-03,10:13:19,Kathmandu Main,Kathmandu,ATM,Cash Withdrawal,Debit Card,Savings,15000.0,00,Approved,Success,35,Female,952
TXN0001466,2024-04-03,10:54:47,Itahari Branch,Sunsari,Internet Banking,Fund Transfer,N/A,Current,78665.56,00,Approved,Success,53,Male,746
TXN0001467,2024-04-03,11:50:18,Kathmandu Main,Kathmandu,POS,Refund,Prepaid Card,Savings,205.22,00,Approved,Success,18,Male,606
TXN0001468,2024-04-03,13:19:25,Kathmandu Main,Kathmandu,Mobile Banking,Bill Payment,N/A,Savings,352.4,00,Approved,Success,46,Female,394
TXN0001469,2024-04-03,14:42:05,Dharan Branch,Sunsari,Mobile Banking,Bill Payment,N/A,Savings,5549.08,00,Approved,Success,32,Female,778
TXN0001470,2024-04-03,16:05:22,Janakpur Branch,Dhanusha,Branch Counter,Cash Withdrawal,N/A,Fixed Deposit,3000.0,00,Approved,Success,18,Female,977
TXN0001471,2024-04-03,17:17:10,Hetauda Branch,Makwanpur,POS,Refund,Debit Card,Savings,5741.72,00,Approved,Success,44,Male,592
TXN0001472,2024-04-03,19:13:11,Butwal Branch,Rupandehi,POS,Purchase,Debit Card,Savings,13217.25,00,Approved,Success,28,Female,426
TXN0001473,2024-04-03,19:42:54,Birgunj Branch,Parsa,POS,Refund,Credit Card,Savings,6648.29,00,Approved,Success,,Female,438
TXN0001474,2024-04-03,20:54:14,Bharatpur Branch,Chitwan,Mobile Banking,Bill Payment,N/A,Savings,3568.55,00,Approved,Success,39,Male,735
TXN0001475,2024-04-04,07:26:11,Biratnagar Main,Morang,ATM,PIN Change,Prepaid Card,Savings,0.0,00,Approved,Success,29,Female,1054
TXN0001476,2024-04-04,08:35:38,New Baneshwor,Kathmandu,Internet Banking,Statement Download,N/A,Savings,0.0,00,Approved,Success,54,Female,460
TXN0001477,2024-04-04,08:49:17,Janakpur Branch,Dhanusha,Internet Banking,Fund Transfer,N/A,Savings,47493.99,51,Insufficient Funds,Timeout,54,Female,1118
TXN0001478,2024-04-04,09:00:05,Hetauda Branch,Makwanpur,Internet Banking,Bill Payment,N/A,Current,4500.18,00,Approved,Success,31,Female,831
TXN0001479,2024-04-04,09:48:39,Bharatpur Branch,Chitwan,POS,Purchase,Debit Card,Savings,5306.1,00,Approved,Success,29,Female,408
TXN0001480,2024-04-04,11:06:03,Dharan Branch,Sunsari,ATM,PIN Change,Debit Card,Current,0.0,00,Approved,Success,33,Female,963
TXN0001481,2024-04-04,11:36:14,Itahari Branch,Sunsari,Internet Banking,Fund Transfer,N/A,Savings,47016.43,00,Approved,Success,,Male,772
TXN0001482,2024-04-04,12:21:29,Janakpur Branch,Dhanusha,Internet Banking,Bill Payment,N/A,Savings,1130.39,00,Approved,Success,45,Male,682
TXN0001483,2024-04-04,12:40:10,Dharan Branch,Sunsari,Branch Counter,Fund Transfer,N/A,Savings,54841.81,00,Approved,Success,46,Female,367
TXN0001484,2024-04-04,13:24:24,Dhangadhi Branch,Kailali,Internet Banking,Statement Download,N/A,Savings,0.0,00,Approved,Success,33,Male,698
TXN0001485,2024-04-04,14:17:06,Bhaktapur Branch,Bhaktapur,Mobile Banking,Fund Transfer,N/A,Savings,65609.38,55,Incorrect PIN,Failed,25,Male,968
TXN0001486,2024-04-04,15:57:24,Dharan Branch,Sunsari,ATM,Mini Statement,Debit Card,Savings,0.0,00,Approved,Success,45,Female,1183
TXN0001487,2024-04-04,16:19:25,Biratnagar Main,Morang,ATM,Balance Inquiry,Debit Card,Savings,0.0,00,Approved,Success,26,Female,1072
TXN0001488,2024-04-04,16:54:44,Nepalgunj Branch,Banke,ATM,Balance Inquiry,Debit Card,Savings,0.0,61,Exceeds Withdrawal Limit,Reversed,36,Male,1477
TXN0001489,2024-04-04,17:07:49,New Baneshwor,Kathmandu,ATM,Mini Statement,Debit Card,Current,0.0,00,Approved,Success,33,Female,1072
TXN0001490,2024-04-04,18:30:20,Nepalgunj Branch,Banke,Internet Banking,Statement Download,N/A,Savings,0.0,00,Approved,Success,58,Female,737
TXN0001491,2024-04-04,23:53:53,New Baneshwor,Kathmandu,ATM,Cash Withdrawal,Debit Card,Savings,3000.0,00,Approved,Success,34,Female,1091
TXN0001492,2024-04-05,00:06:37,Bharatpur Branch,Chitwan,ATM,Balance Inquiry,Debit Card,Savings,0.0,00,Approved,Success,31,Female,1114
TXN0001493,2024-04-05,01:41:30,Dhangadhi Branch,Kailali,ATM,Cash Withdrawal,Debit Card,Savings,20000.0,00,Approved,Success,33,Male,1190
TXN0001494,2024-04-05,03:47:14,Bharatpur Branch,Chitwan,ATM,Cash Withdrawal,Debit Card,Savings,10000.0,00,Approved,Success,31,,865
TXN0001495,2024-04-05,05:09:13,Dharan Branch,Sunsari,Mobile Banking,Fund Transfer,N/A,Savings,90150.12,51,Insufficient Funds,Reversed,37,Male,773
TXN0001496,2024-04-05,06:41:55,Itahari Branch,Sunsari,ATM,Cash Withdrawal,Debit Card,Savings,-20000.0,00,Approved,Success,49,Female,492
TXN0001497,2024-04-05,07:31:07,New Baneshwor,Kathmandu,ATM,PIN Change,Debit Card,Savings,0.0,00,Approved,Success,38,Male,965
TXN0001498,2024-04-05,08:42:16,Nepalgunj Branch,Banke,POS,Purchase,Debit Card,Savings,7983.54,00,Approved,Success,18,Male,893
TXN0001499,2024-04-05,08:54:06,Pokhara Lakeside,Kaski,ATM,Cash Withdrawal,Debit Card,Savings,8000.0,00,Approved,Success,31,Male,1508
TXN0001499,2024-04-05,08:54:06,Pokhara Lakeside,Kaski,ATM,Cash Withdrawal,Debit Card,Savings,8000.0,00,Approved,Success,31,Male,1508
TXN0001500,2024-04-05,09:11:47,Butwal Branch,Rupandehi,POS,Refund,Debit Card,Savings,4339.15,00,Approved,Success,33,Female,898
TXN0001501,2024-04-05,09:23:02,Hetauda Branch,Makwanpur,mobile banking,Mobile Top-up,N/A,Current,200.0,00,Approved,Success,22,Female,267
TXN0001502,2024-04-05,09:29:19,Itahari Branch,Sunsari,POS,Purchase,Debit Card,Savings,8035.01,00,Approved,Success,19,Female,324
TXN0001503,2024-04-05,09:30:15,New Baneshwor,Kathmandu,POS,Purchase,Debit Card,Savings,7957.46,00,Approved,Success,49,Female,516
TXN0001504,2024-04-05,09:36:29,Birgunj Branch,Parsa,Mobile Banking,Fund Transfer,N/A,Savings,81091.94,00,Approved,Success,31,Male,726
TXN0001505,2024-04-05,09:36:50,Birgunj Branch,Parsa,ATM,Cash Withdrawal,Debit Card,Savings,3000.0,00,Approved,Success,34,Female,1253
TXN0001506,2024-04-05,10:01:11,Janakpur Branch,Dhanusha,Mobile Banking,Fund Transfer,N/A,Savings,98025.96,00,Approved,Success,41,Male,631
TXN0001507,2024-04-05,10:41:35,Dharan Branch,Sunsari,Mobile Banking,Mobile Top-up,N/A,Savings,200.0,00,Approved,Success,39,Male,404
TXN0001508,2024-04-05,11:18:44,Birgunj Branch,Parsa,ATM,Cash Withdrawal,Debit Card,Savings,500.0,00,Approved,Success,20,Female,1471
TXN0001509,2024-04-05,12:52:22,Pokhara Lakeside,Kaski,Internet Banking,Bill Payment,N/A,Savings,10081.67,00,Approved,Success,20,Male,787
TXN0001510,2024-04-05,13:29:14,Bharatpur Branch,Chitwan,Internet Banking,Balance Inquiry,N/A,Savings,0.0,00,Approved,Success,29,Female,914
TXN0001511,2024-04-05,13:36:56,Janakpur Branch,Dhanusha,Mobile Banking,QR Payment,N/A,Savings,4765.9,00,Approved,Success,30,Male,535
TXN0001512,2024-04-05,13:43:06,Janakpur Branch,Dhanusha,Internet Banking,Balance Inquiry,N/A,Savings,0.0,00,Approved,Success,47,Male,808
TXN0001513,2024-04-05,14:07:59,Pokhara Lakeside,Kaski,Internet Banking,Statement Download,N/A,Savings,0.0,00,Approved,Success,18,Male,487
TXN0001514,2024-04-05,14:16:38,Pokhara Lakeside,Kaski,Mobile Banking,Balance Inquiry,N/A,Savings,0.0,00,Approved,Success,22,Male,159
TXN0001515,2024-04-05,14:17:57,Dhangadhi Branch,Kailali,POS,Refund,Prepaid Card,Savings,5795.75,00,Approved,Success,18,Female,695
TXN0001516,2024-04-05,14:18:01,Bhaktapur Branch,Bhaktapur,ATM,PIN Change,Debit Card,Savings,0.0,00,Approved,Success,43,Female,1112
TXN0001517,2024-04-05,14:58:07,Kathmandu Main,Kathmandu,ATM,PIN Change,Credit Card,Savings,0.0,00,Approved,Success,25,Female,891
TXN0001518,2024-04-05,15:45:27,Pokhara Lakeside,Kaski,ATM,Cash Withdrawal,Debit Card,Current,8000.0,00,Approved,Success,34,Male,966
TXN0001519,2024-04-05,15:58:48,Hetauda Branch,Makwanpur,Mobile Banking,Mobile Top-up,N/A,Fixed Deposit,200.0,00,Approved,Success,42,Female,221
TXN0001519,2024-04-05,15:58:48,Hetauda Branch,Makwanpur,Mobile Banking,Mobile Top-up,N/A,Fixed Deposit,200.0,00,Approved,Success,42,Female,221
TXN0001520,2024-04-05,16:17:07,Hetauda Branch,Makwanpur,POS,Purchase,Credit Card,Savings,8419.15,00,Approved,Success,35,Male,297
TXN0001521,2024-04-05,16:54:08,Birgunj Branch,Parsa,ATM,Cash Withdrawal,Debit Card,Current,2500.0,00,Approved,Success,48,Female,1445
TXN0001522,2024-04-05,17:05:06,Dhangadhi Branch,Kailali,ATM,PIN Change,Debit Card,Savings,0.0,00,Approved,Success,37,Male,488
TXN0001523,2024-04-05,19:09:10,Birgunj Branch,Parsa,POS,Refund,Debit Card,Savings,3797.94,00,Approved,Success,46,Male,161
TXN0001524,2024-04-05,19:28:22,Pokhara Lakeside,Kaski,ATM,Mini Statement,Debit Card,Savings,0.0,96,System Malfunction,Timeout,19,Male,1173
TXN0001525,2024-04-05,20:32:46,Biratnagar Main,Morang,POS,Refund,Debit Card,Savings,3826.32,61,Exceeds Withdrawal Limit,Reversed,31,Female,80
TXN0001526,2024-04-05,20:41:45,Bharatpur Branch,Chitwan,ATM,Mini Statement,Prepaid Card,Savings,0.0,00,Approved,Success,21,Male,1504
TXN0001527,2024-04-05,20:46:40,Lalitpur Branch,Lalitpur,POS,Purchase,Debit Card,Savings,7062.7,55,Incorrect PIN,Timeout,43,Female,143
TXN0001528,2024-04-06,02:08:51,Hetauda Branch,Makwanpur,POS,Purchase,Credit Card,Savings,5828.18,00,Approved,Success,64,Male,652
TXN0001529,2024-04-06,02:19:33,New Baneshwor,Kathmandu,Internet Banking,Balance Inquiry,N/A,Savings,0.0,00,Approved,Success,41,Female,762
TXN0001530,2024-04-06,07:10:45,Kathmandu Main,Kathmandu,POS,Refund,Debit Card,Current,3124.76,00,Approved,Success,31,Female,212
TXN0001531,2024-04-06,08:32:22,Itahari Branch,Sunsari,Mobile Banking,Fund Transfer,N/A,Savings,70514.76,00,Approved,Success,25,Female,935
TXN0001532,2024-04-06,10:13:34,Bhaktapur Branch,Bhaktapur,Mobile Banking,QR Payment,N/A,Savings,764.56,00,Approved,Success,43,Female,542
TXN0001533,2024-04-06,10:56:34,Nepalgunj Branch,Banke,Internet Banking,Bill Payment,N/A,Savings,400.05,00,Approved,Success,39,Female,646
TXN0001534,2024-04-06,11:48:32,Pokhara Lakeside,Kaski,POS,Refund,Debit Card,Savings,276.36,51,Insufficient Funds,Reversed,21,Female,299
TXN0001535,2024-04-06,12:27:30,Butwal Branch,Rupandehi,ATM,Balance Inquiry,Debit Card,Savings,0.0,00,Approved,Success,33,Male,806
TXN0001536,2024-04-06,13:55:59,Pokhara Lakeside,Kaski,POS,Purchase,Debit Card,Current,14371.66,00,Approved,Success,25,Female,804
TXN0001537,2024-04-06,14:34:39,Birgunj Branch,Parsa,Mobile Banking,Mobile Top-up,N/A,Savings,1000.0,00,Approved,Success,41,Female,872
TXN0001538,2024-04-06,15:10:50,Hetauda Branch,Makwanpur,ATM,Cash Withdrawal,Debit Card,Current,15000.0,00,Approved,Success,42,Male,747
TXN0001539,2024-04-06,15:34:27,Kathmandu Main,Kathmandu,Mobile Banking,Bill Payment,N/A,Savings,9780.53,91,Issuer Unavailable,Timeout,27,Male,383
TXN0001540,2024-04-06,15:42:50,Lalitpur Branch,Lalitpur,POS,Purchase,Debit Card,Savings,6394.99,00,Approved,Success,,Male,344
TXN0001541,2024-04-06,16:07:38,Hetauda Branch,Makwanpur,Mobile Banking,QR Payment,N/A,Savings,2349.45,00,Approved,Success,40,Female,527
TXN0001542,2024-04-06,16:19:22,Lalitpur Branch,Lalitpur,ATM,PIN Change,Debit Card,Savings,0.0,00,Approved,Success,35,Female,1314
TXN0001543,2024-04-06,17:19:42,Dhangadhi Branch,Kailali,Mobile Banking,Mobile Top-up,N/A,Current,50.0,00,Approved,Success,29,Female,369
TXN0001544,2024-04-06,19:58:02,Itahari Branch,Sunsari,ATM,Cash Withdrawal,Debit Card,Savings,15000.0,00,Approved,Success,34,Female,1629
TXN0001545,2024-04-06,21:46:45,Lalitpur Branch,Lalitpur,Mobile Banking,Bill Payment,N/A,Savings,6068.45,51,Insufficient Funds,Reversed,43,Female,928
TXN0001546,2024-04-06,21:55:55,Janakpur Branch,Dhanusha,POS,Purchase,Debit Card,Savings,9481.69,00,Approved,Success,18,Female,524
TXN0001547,2024-04-07,07:03:08,Itahari Branch,Sunsari,ATM,Balance Inquiry,Debit Card,Current,0.0,00,Approved,Success,47,Male,275
TXN0001548,2024-04-07,07:25:50,Bhaktapur Branch,Bhaktapur,Internet Banking,Bill Payment,N/A,Savings,3371.35,00,Approved,Success,18,Female,1147
TXN0001549,2024-04-07,07:49:29,Biratnagar Main,Morang,ATM,Cash Withdrawal,Debit Card,Current,2000.0,00,Approved,Success,40,Male,1435
TXN0001550,2024-04-07,09:05:45,Itahari Branch,Sunsari,Mobile Banking,QR Payment,N/A,Savings,1516.21,00,Approved,Success,42,Male,912
TXN0001551,2024-04-07,09:11:25,Itahari Branch,Sunsari,ATM,Cash Withdrawal,Credit Card,Savings,5000.0,00,Approved,Success,36,Female,931
TXN0001552,2024-04-07,09:38:08,Bhaktapur Branch,Bhaktapur,Mobile Banking,Mobile Top-up,N/A,Current,200.0,00,Approved,Success,32,Female,903
TXN0001553,2024-04-07,11:35:19,Nepalgunj Branch,Banke,ATM,Mini Statement,Debit Card,Savings,0.0,00,Approved,Success,29,Female,376
TXN0001554,2024-04-07,12:06:38,Bharatpur Branch,Chitwan,Internet Banking,Statement Download,N/A,Current,0.0,91,Issuer Unavailable,Failed,44,Male,602
TXN0001555,2024-04-07,13:07:37,Nepalgunj Branch,Banke,ATM,Mini Statement,Debit Card,Savings,0.0,00,Approved,Success,43,Female,1060
TXN0001556,2024-04-07,13:09:02,New Baneshwor,Kathmandu,ATM,PIN Change,Prepaid Card,Current,0.0,00,Approved,Success,30,Male,1630
TXN0001557,2024-04-07,13:10:40,Kathmandu Main,Kathmandu,ATM,Balance Inquiry,Debit Card,Savings,0.0,00,Approved,Success,51,Male,1135
TXN0001558,2024-04-07,13:30:51,Itahari Branch,Sunsari,Internet Banking,Bill Payment,N/A,Savings,7543.57,00,Approved,Success,32,Male,1071
TXN0001559,2024-04-07,13:45:59,Hetauda Branch,Makwanpur,ATM,Balance Inquiry,Debit Card,Savings,0.0,00,Approved,Success,26,Female,1696
TXN0001560,2024-04-07,13:49:18,Itahari Branch,Sunsari,Branch Counter,Cash Deposit,N/A,Fixed Deposit,96044.71,00,Approved,Success,28,Male,496
TXN0001561,2024-04-07,15:25:22,Biratnagar Main,Morang,Branch Counter,Cash Withdrawal,N/A,Current,1000.0,00,Approved,Success,53,Female,926
TXN0001562,2024-04-07,15:55:12,Dhangadhi Branch,Kailali,ATM,PIN Change,Credit Card,Savings,0.0,00,Approved,Success,35,,1626
TXN0001563,2024-04-07,17:17:56,Butwal Branch,Rupandehi,Mobile Banking,Bill Payment,N/A,Savings,8559.19,00,Approved,Success,41,Male,768
TXN0001564,2024-04-07,17:36:21,Pokhara Lakeside,Kaski,Mobile Banking,Mobile Top-up,N/A,Savings,50.0,00,Approved,Success,40,Female,499
TXN0001565,2024-04-07,20:42:25,Biratnagar Main,Morang,ATM,Cash Withdrawal,Debit Card,Savings,20000.0,00,Approved,Success,34,Female,2182
TXN0001566,2024-04-08,02:27:04,Janakpur Branch,Dhanusha,ATM,Balance Inquiry,Debit Card,Savings,0.0,00,Approved,Success,25,Female,1196
TXN0001567,2024-04-08,08:41:45,Itahari Branch,Sunsari,ATM,Cash Withdrawal,Debit Card,Savings,2500.0,00,Approved,Success,24,Male,1679
TXN0001568,2024-04-08,10:14:05,Kathmandu Main,Kathmandu,Mobile Banking,QR Payment,N/A,Savings,3816.76,00,Approved,Success,18,Male,1001
TXN0001569,2024-04-08,10:21:33,Lalitpur Branch,Lalitpur,Branch Counter,Cash Withdrawal,N/A,Current,8000.0,00,Approved,Success,34,Female,533
TXN0001570,2024-04-08,11:03:07,Pokhara Lakeside,Kaski,ATM,Balance Inquiry,Debit Card,Savings,0.0,00,Approved,Success,41,Female,1518
TXN0001571,2024-04-08,11:20:27,New Baneshwor,Kathmandu,ATM,Cash Withdrawal,Debit Card,Savings,2000.0,00,Approved,Success,41,Male,1899
TXN0001572,2024-04-08,12:22:34,Birgunj Branch,Parsa,Internet Banking,Statement Download,N/A,Savings,0.0,00,Approved,Success,47,Female,680
TXN0001573,2024-04-08,12:40:38,Itahari Branch,Sunsari,Mobile Banking,Mobile Top-up,N/A,Savings,200.0,00,Approved,Success,28,Male,769
TXN0001574,2024-04-08,15:32:20,Kathmandu Main,Kathmandu,ATM,Cash Withdrawal,Debit Card,Savings,10000.0,00,Approved,Success,29,Male,1085
TXN0001575,2024-04-08,17:18:08,Lalitpur Branch,Lalitpur,Mobile Banking,Mobile Top-up,N/A,Fixed Deposit,50.0,00,Approved,Success,29,Male,1060
TXN0001576,2024-04-08,17:45:50,Kathmandu Main,Kathmandu,ATM,Balance Inquiry,Debit Card,Savings,0.0,00,Approved,Success,49,Female,1380
TXN0001577,2024-04-08,18:04:20,Dharan Branch,Sunsari,ATM,Cash Withdrawal,Debit Card,Savings,2000.0,00,Approved,Success,43,Male,947
TXN0001578,2024-04-08,20:17:57,Itahari Branch,Sunsari,Mobile Banking,Mobile Top-up,N/A,Current,100.0,00,Approved,Success,41,Male,711
TXN0001579,2024-04-08,20:59:34,Bharatpur Branch,Chitwan,Branch Counter,Account Opening,N/A,Savings,0.0,00,Approved,Success,28,Female,446
TXN0001580,2024-04-08,21:09:34,Lalitpur Branch,Lalitpur,ATM,PIN Change,Debit Card,Savings,0.0,00,Approved,Success,42,Male,1116
TXN0001581,2024-04-09,08:23:27,Janakpur Branch,Dhanusha,POS,Purchase,Debit Card,Savings,6514.9,00,Approved,Success,29,Female,502
TXN0001582,2024-04-09,10:43:05,Bharatpur Branch,Chitwan,Mobile Banking,QR Payment,N/A,Savings,2381.49,00,Approved,Success,38,Female,634
TXN0001583,2024-04-09,10:46:12,Birgunj Branch,Parsa,Branch Counter,Fund Transfer,N/A,Savings,51870.38,00,Approved,Success,50,Male,347
TXN0001584,2024-04-09,11:46:38,Nepalgunj Branch,Banke,Mobile Banking,Mobile Top-up,N/A,Savings,200.0,00,Approved,Success,19,Male,703
TXN0001585,2024-04-09,11:51:40,Bhaktapur Branch,Bhaktapur,ATM,Cash Withdrawal,Debit Card,Savings,2000.0,00,Approved,Success,47,Female,1197
TXN0001586,2024-04-09,12:23:36,Birgunj Branch,Parsa,Internet Banking,Statement Download,N/A,Savings,0.0,00,Approved,Success,24,Female,755
TXN0001587,2024-04-09,12:30:56,  Bhaktapur Branch  ,Bhaktapur,Internet Banking,Balance Inquiry,N/A,Savings,0.0,96,System Malfunction,Failed,30,Male,269
TXN0001588,2024-04-09,12:51:23,Dhangadhi Branch,Kailali,POS,Refund,Debit Card,Savings,9830.0,55,Incorrect PIN,Failed,35,Male,80
TXN0001589,2024-04-09,13:42:25,Birgunj Branch,Parsa,Mobile Banking,Fund Transfer,N/A,Current,84898.89,00,Approved,Success,28,Female,80
TXN0001590,2024-04-09,13:51:52,Nepalgunj Branch,Banke,ATM,Balance Inquiry,Debit Card,Savings,0.0,00,Approved,Success,39,Male,693
TXN0001591,2024-04-09,14:41:52,Bharatpur Branch,Chitwan,Mobile Banking,Fund Transfer,N/A,Savings,11479.83,00,Approved,Success,47,Male,595
TXN0001592,2024-04-09,14:51:31,Birgunj Branch,Parsa,Mobile Banking,Mobile Top-up,N/A,Savings,50.0,00,Approved,Success,36,Female,358
TXN0001593,2024-04-09,16:27:47,Itahari Branch,Sunsari,Mobile Banking,Mobile Top-up,N/A,Savings,200.0,00,Approved,Success,58,Female,478
TXN0001594,2024-04-09,17:50:05,Itahari Branch,Sunsari,ATM,Cash Withdrawal,Debit Card,Savings,15000.0,00,Approved,Success,18,Male,1351
TXN0001595,2024-04-09,18:03:14,Birgunj Branch,Parsa,Mobile Banking,Mobile Top-up,N/A,Current,100.0,00,Approved,Success,26,Female,1019
TXN0001596,2024-04-09,18:10:32,  Lalitpur Branch  ,Lalitpur,ATM,Mini Statement,Debit Card,Savings,0.0,00,Approved,Success,39,Female,1773
TXN0001597,2024-04-09,19:55:47,Kathmandu Main,Kathmandu,POS,Purchase,Credit Card,Savings,12790.82,51,Insufficient Funds,Failed,42,Male,588
TXN0001598,2024-04-09,22:20:00,Bhaktapur Branch,Bhaktapur,ATM,Mini Statement,Debit Card,Savings,0.0,00,Approved,Success,31,Female,1250
TXN0001599,2024-04-09,22:31:44,Lalitpur Branch,Lalitpur,mobile banking,Balance Inquiry,N/A,Current,0.0,00,Approved,Success,52,Male,826
TXN0001600,2024-04-10,02:28:33,Bhaktapur Branch,Bhaktapur,Internet Banking,Fund Transfer,N/A,Fixed Deposit,76398.58,00,Approved,Success,44,Male,771
TXN0001601,2024-04-10,02:41:27,Itahari Branch,Sunsari,Internet Banking,Fund Transfer,N/A,Current,20831.29,00,Approved,Success,44,Male,628
TXN0001602,2024-04-10,08:38:19,Janakpur Branch,Dhanusha,ATM,Cash Withdrawal,Debit Card,Savings,15000.0,00,Approved,Success,30,Female,1062
TXN0001603,2024-04-10,09:12:51,Nepalgunj Branch,Banke,Mobile Banking,QR Payment,N/A,Savings,341.17,00,Approved,Success,18,Female,910
TXN0001604,2024-04-10,09:36:01,Janakpur Branch,Dhanusha,Mobile Banking,QR Payment,N/A,Savings,1393.69,55,Incorrect PIN,Reversed,25,Female,718
TXN0001605,2024-04-10,10:24:44,New Baneshwor,Kathmandu,Branch Counter,Cash Deposit,N/A,Current,194948.77,00,Approved,Success,52,Female,925
TXN0001606,2024-04-10,11:21:39,Pokhara Lakeside,Kaski,ATM,Cash Withdrawal,Prepaid Card,Current,500.0,00,Approved,Success,33,Female,1090
TXN0001607,2024-04-10,12:36:49,Kathmandu Main,Kathmandu,ATM,Mini Statement,Debit Card,Current,0.0,00,Approved,Success,32,Male,1308
TXN0001608,2024-04-10,15:43:00,Janakpur Branch,Dhanusha,POS,Refund,Debit Card,Savings,9079.16,00,Approved,Success,26,Female,493
TXN0001609,2024-04-10,16:31:03,Kathmandu Main,Kathmandu,Internet Banking,Statement Download,N/A,Savings,0.0,51,Insufficient Funds,Failed,28,Female,140
TXN0001610,2024-04-10,16:34:54,Nepalgunj Branch,Banke,POS,Refund,Debit Card,Current,8759.77,00,Approved,Success,26,Male,94
TXN0001611,2024-04-10,16:51:59,Biratnagar Main,Morang,Internet Banking,Bill Payment,N/A,Savings,5527.32,00,Approved,Success,18,Male,381
TXN0001612,2024-04-10,17:49:01,Hetauda Branch,Makwanpur,pos,Refund,Debit Card,Savings,3103.29,00,Approved,Success,36,Female,872
TXN0001613,2024-04-10,19:08:49,Itahari Branch,Sunsari,ATM,Balance Inquiry,Debit Card,Savings,0.0,00,Approved,Success,22,Male,1713
TXN0001614,2024-04-10,19:11:00,Itahari Branch,Sunsari,Mobile Banking,Mobile Top-up,N/A,Savings,1000.0,00,Approved,Success,53,Male,881
TXN0001615,2024-04-10,20:50:29,Bhaktapur Branch,Bhaktapur,POS,Refund,Debit Card,Current,5229.5,00,Approved,Success,27,Male,158
TXN0001616,2024-04-11,05:28:32,Nepalgunj Branch,Banke,Mobile Banking,QR Payment,N/A,Savings,1101.47,05,Do Not Honor,Reversed,35,Male,346
TXN0001617,2024-04-11,08:55:58,Biratnagar Main,Morang,ATM,PIN Change,Debit Card,Savings,0.0,00,Approved,Success,23,Male,1307
TXN0001618,2024-04-11,09:44:19,Pokhara Lakeside,Kaski,POS,Refund,Debit Card,Savings,8401.76,00,Approved,Success,28,Male,790
TXN0001619,2024-04-11,10:58:22,Nepalgunj Branch,Banke,POS,Refund,Debit Card,Savings,8542.33,00,Approved,Success,24,Male,352
TXN0001620,2024-04-11,12:08:34,Biratnagar Main,Morang,Mobile Banking,Mobile Top-up,N/A,Savings,200.0,00,Approved,Success,31,Male,557
TXN0001621,2024-04-11,12:54:10,Lalitpur Branch,Lalitpur,ATM,PIN Change,Debit Card,Current,0.0,00,Approved,Success,36,Female,1657
TXN0001622,2024-04-11,13:14:08,Hetauda Branch,Makwanpur,ATM,Cash Withdrawal,Debit Card,Savings,20000.0,00,Approved,Success,48,Male,1119
TXN0001623,2024-04-11,13:33:09,Nepalgunj Branch,Banke,Branch Counter,Fund Transfer,N/A,Current,90514.05,00,Approved,Success,18,Female,630
TXN0001624,2024-04-11,14:08:52,Birgunj Branch,Parsa,ATM,Balance Inquiry,Debit Card,Current,0.0,00,Approved,Success,51,Male,637
TXN0001625,2024-04-11,14:23:09,Dhangadhi Branch,Kailali,ATM,Mini Statement,Debit Card,Savings,0.0,00,Approved,Success,30,Male,687
TXN0001626,2024-04-11,15:15:52,Birgunj Branch,Parsa,Mobile Banking,Fund Transfer,N/A,Current,35764.37,55,Incorrect PIN,Failed,48,Male,383
TXN0001627,2024-04-11,16:47:00,Butwal Branch,Rupandehi,ATM,Balance Inquiry,Debit Card,Fixed Deposit,0.0,00,Approved,Success,46,Female,1705
TXN0001628,2024-04-11,16:51:58,Dharan Branch,Sunsari,ATM,Cash Withdrawal,Debit Card,Current,15000.0,00,Approved,Success,45,Male,1119
TXN0001629,2024-04-11,17:21:43,Dharan Branch,Sunsari,Branch Counter,Fund Transfer,N/A,Savings,25364.03,00,Approved,Success,26,Male,396
TXN0001630,2024-04-11,19:17:12,Bhaktapur Branch,Bhaktapur,POS,Refund,Debit Card,Savings,4776.6,00,Approved,Success,41,Female,563
TXN0001631,2024-04-11,20:25:09,Birgunj Branch,Parsa,POS,Refund,Debit Card,Savings,4239.66,00,Approved,Success,42,Female,1158
TXN0001632,2024-04-11,23:58:51,Kathmandu Main,Kathmandu,ATM,PIN Change,Debit Card,Savings,0.0,51,Insufficient Funds,Timeout,34,Female,1495
TXN0001633,2024-04-12,02:06:38,DHARAN BRANCH,Sunsari,Internet Banking,Bill Payment,N/A,Savings,3427.82,00,Approved,Success,68,Male,475
TXN0001634,2024-04-12,02:51:58,Bharatpur Branch,Chitwan,Mobile Banking,QR Payment,N/A,Savings,3270.49,00,Approved,Success,33,Female,464
TXN0001635,2024-04-12,06:28:33,Janakpur Branch,Dhanusha,Mobile Banking,Fund Transfer,N/A,Savings,72377.0,00,Approved,Success,19,Male,544
TXN0001636,2024-04-12,06:36:57,Bharatpur Branch,Chitwan,ATM,Cash Withdrawal,Debit Card,Current,3000.0,51,Insufficient Funds,Timeout,38,Female,1124
TXN0001637,2024-04-12,07:03:58,New Baneshwor,Kathmandu,ATM,Cash Withdrawal,Debit Card,Current,1500.0,00,Approved,Success,38,Female,797
TXN0001638,2024-04-12,07:37:04,Lalitpur Branch,Lalitpur,mobile banking,Bill Payment,N/A,Current,11283.26,51,Insufficient Funds,Reversed,44,Male,428
TXN0001639,2024-04-12,07:38:19,Dhangadhi Branch,Kailali,Mobile Banking,Bill Payment,N/A,Savings,11474.48,00,Approved,Success,27,Female,649
TXN0001640,2024-04-12,07:44:34,Dharan Branch,Sunsari,POS,Refund,Prepaid Card,Savings,5696.17,00,Approved,Success,29,Female,407
TXN0001641,2024-04-12,07:46:30,Birgunj Branch,Parsa,Branch Counter,Cash Withdrawal,N/A,Current,1000.0,00,Approved,Success,55,Female,490
TXN0001642,2024-04-12,09:51:20,Birgunj Branch,Parsa,ATM,PIN Change,Debit Card,Savings,0.0,00,Approved,Success,30,Female,1130
TXN0001643,2024-04-12,10:09:22,Dharan Branch,Sunsari,POS,Purchase,Debit Card,Savings,13698.97,00,Approved,Success,59,Female,381
TXN0001644,2024-04-12,10:16:34,Janakpur Branch,Dhanusha,ATM,PIN Change,Debit Card,Savings,0.0,00,Approved,Success,32,Male,636
TXN0001645,2024-04-12,10:46:46,Butwal Branch,Rupandehi,POS,Refund,Debit Card,Current,3316.6,00,Approved,Success,34,Female,546
TXN0001646,2024-04-12,12:07:17,Dhangadhi Branch,Kailali,Internet Banking,Balance Inquiry,N/A,Savings,0.0,00,Approved,Success,50,Female,873
TXN0001647,2024-04-12,12:57:24,Birgunj Branch,Parsa,Mobile Banking,Mobile Top-up,N/A,Savings,200.0,00,Approved,Success,34,Female,322
TXN0001647,2024-04-12,12:57:24,Birgunj Branch,Parsa,Mobile Banking,Mobile Top-up,N/A,Savings,200.0,00,Approved,Success,34,Female,322
TXN0001648,2024-04-12,14:54:26,Itahari Branch,Sunsari,ATM,Balance Inquiry,Debit Card,Savings,0.0,00,Approved,Success,25,Male,1338
TXN0001649,2024-04-12,15:36:42,Butwal Branch,Rupandehi,ATM,Mini Statement,Debit Card,Current,0.0,05,Do Not Honor,Failed,33,Male,1342
TXN0001650,2024-04-12,16:02:58,Dhangadhi Branch,Kailali,ATM,PIN Change,Debit Card,Current,0.0,00,Approved,Success,18,Female,914
TXN0001651,2024-04-12,16:22:27,Bhaktapur Branch,Bhaktapur,ATM,PIN Change,Credit Card,Savings,0.0,00,Approved,Success,30,Female,1493
TXN0001652,2024-04-12,16:50:18,Lalitpur Branch,Lalitpur,Mobile Banking,QR Payment,N/A,Current,1366.26,00,Approved,Success,35,Male,810
TXN0001653,2024-04-12,17:13:40,Itahari Branch,Sunsari,Internet Banking,Fund Transfer,N/A,Savings,65758.2,00,Approved,Success,36,Male,320
TXN0001654,2024-04-12,17:36:09,Butwal Branch,Rupandehi,Mobile Banking,Bill Payment,N/A,Current,7328.79,00,Approved,Success,35,Female,811
TXN0001655,2024-04-12,17:53:04,Bharatpur Branch,Chitwan,Mobile Banking,Bill Payment,N/A,Savings,8925.27,00,Approved,Success,18,Male,745
TXN0001656,2024-04-12,21:55:15,Lalitpur Branch,Lalitpur,Branch Counter,Account Opening,N/A,Savings,0.0,00,Approved,Success,20,Male,655
TXN0001657,2024-04-12,23:11:51,New Baneshwor,Kathmandu,Internet Banking,Statement Download,N/A,Savings,0.0,00,Approved,Success,34,Female,824
TXN0001658,2024-04-13,01:34:44,New Baneshwor,Kathmandu,Mobile Banking,Mobile Top-up,N/A,Savings,1000.0,00,Approved,Success,42,Female,561
TXN0001659,2024-04-13,05:14:38,Dhangadhi Branch,Kailali,ATM,Balance Inquiry,Debit Card,Savings,0.0,00,Approved,Success,18,Female,1235
TXN0001660,2024-04-13,06:44:42,Hetauda Branch,Makwanpur,POS,Refund,Debit Card,Savings,3366.75,00,Approved,Success,30,Male,894
TXN0001661,2024-04-13,07:14:26,Pokhara Lakeside,Kaski,Mobile Banking,Balance Inquiry,N/A,Savings,0.0,00,Approved,Success,41,Male,864
TXN0001662,2024-04-13,07:36:33,Janakpur Branch,Dhanusha,Mobile Banking,Bill Payment,N/A,Savings,1529.24,00,Approved,Success,24,Female,787
TXN0001663,2024-04-13,08:49:33,Hetauda Branch,Makwanpur,POS,Refund,Debit Card,Savings,6571.95,00,Approved,Success,18,Female,765
TXN0001664,2024-04-13,10:03:33,Lalitpur Branch,Lalitpur,Mobile Banking,Fund Transfer,N/A,Current,59771.22,00,Approved,Success,36,Male,408
TXN0001665,2024-04-13,12:46:51,Lalitpur Branch,Lalitpur,ATM,Mini Statement,Debit Card,Savings,0.0,00,Approved,Success,18,Male,1038
TXN0001666,2024-04-13,13:46:48,Kathmandu Main,Kathmandu,ATM,Cash Withdrawal,Debit Card,Savings,15000.0,00,Approved,Success,31,Male,1448
TXN0001667,2024-04-13,13:54:20,Butwal Branch,Rupandehi,Internet Banking,Fund Transfer,N/A,Current,23236.95,00,Approved,Success,52,Female,681
TXN0001668,2024-04-13,14:58:56,Kathmandu Main,Kathmandu,Mobile Banking,Mobile Top-up,N/A,Savings,200.0,00,Approved,Success,38,Male,402
TXN0001669,2024-04-13,15:36:58,Itahari Branch,Sunsari,Internet Banking,Balance Inquiry,N/A,Savings,0.0,00,Approved,Success,61,Male,1219
TXN0001670,2024-04-13,16:31:30,New Baneshwor,Kathmandu,ATM,Cash Withdrawal,Debit Card,Savings,1500.0,00,Approved,Success,26,Male,1738
TXN0001671,2024-04-14,08:49:00,Biratnagar Main,Morang,POS,Purchase,Debit Card,Savings,6273.39,00,Approved,Success,40,Female,585
TXN0001672,2024-04-14,09:45:19,Lalitpur Branch,Lalitpur,ATM,Balance Inquiry,Credit Card,Current,0.0,00,Approved,Success,18,Female,881
TXN0001673,2024-04-14,09:51:41,Nepalgunj Branch,Banke,ATM,Mini Statement,Debit Card,Fixed Deposit,0.0,00,Approved,Success,34,Female,842
TXN0001674,2024-04-14,10:37:21,Biratnagar Main,Morang,POS,Purchase,Debit Card,Savings,5027.15,00,Approved,Success,30,Female,431
TXN0001675,2024-04-14,10:41:55,New Baneshwor,Kathmandu,internet banking,Fund Transfer,N/A,Current,57254.53,00,Approved,Success,44,Male,1176
TXN0001676,2024-04-14,11:00:07,Hetauda Branch,Makwanpur,POS,Purchase,Prepaid Card,Savings,10358.02,00,Approved,Success,28,Female,955
TXN0001677,2024-04-14,12:27:31,Bharatpur Branch,Chitwan,ATM,PIN Change,Debit Card,Savings,0.0,00,Approved,Success,51,Male,887
TXN0001678,2024-04-14,12:34:17,Bhaktapur Branch,Bhaktapur,Internet Banking,Fund Transfer,N/A,Current,45424.86,00,Approved,Success,18,Female,827
TXN0001679,2024-04-14,13:11:49,Dharan Branch,Sunsari,ATM,PIN Change,Debit Card,Savings,0.0,00,Approved,Success,36,Female,1876
TXN0001680,2024-04-14,14:57:55,Janakpur Branch,Dhanusha,Branch Counter,Account Opening,N/A,Savings,0.0,00,Approved,Success,55,Female,476
TXN0001681,2024-04-14,15:45:14,Biratnagar Main,Morang,POS,Purchase,Debit Card,Savings,3708.98,00,Approved,Success,52,Male,323
TXN0001682,2024-04-14,17:29:50,  Dharan Branch  ,Sunsari,ATM,PIN Change,Debit Card,Current,0.0,00,Approved,Success,57,Female,611
TXN0001683,2024-04-14,17:59:34,Bharatpur Branch,Chitwan,ATM,PIN Change,Debit Card,Savings,0.0,00,Approved,Success,18,Female,1793
TXN0001684,2024-04-14,19:02:28,Butwal Branch,Rupandehi,Internet Banking,Bill Payment,N/A,Savings,2476.64,00,Approved,Success,48,Female,1214
TXN0001685,2024-04-14,19:55:27,Biratnagar Main,Morang,POS,Refund,Prepaid Card,Current,8980.68,51,Insufficient Funds,Reversed,27,Female,765
TXN0001686,2024-04-14,22:24:52,Dharan Branch,Sunsari,POS,Purchase,Debit Card,Savings,10371.9,51,Insufficient Funds,Failed,49,Female,392
TXN0001687,2024-04-15,02:23:58,Butwal Branch,Rupandehi,ATM,Mini Statement,Debit Card,Savings,0.0,00,Approved,Success,18,Male,1554
TXN0001688,2024-04-15,03:54:32,Nepalgunj Branch,Banke,Internet Banking,Bill Payment,N/A,Savings,5885.84,00,Approved,Success,,Male,704
TXN0001689,2024-04-15,05:05:02,Janakpur Branch,Dhanusha,POS,Purchase,Debit Card,Savings,4555.9,00,Approved,Success,36,Female,332
TXN0001690,2024-04-15,06:25:47,Hetauda Branch,Makwanpur,POS,Refund,Debit Card,Savings,6654.1,00,Approved,Success,37,Male,759
TXN0001691,2024-04-15,10:00:26,Dhangadhi Branch,Kailali,Mobile Banking,Balance Inquiry,N/A,Savings,0.0,00,Approved,Success,54,Female,658
TXN0001692,2024-04-15,10:34:32,Lalitpur Branch,Lalitpur,POS,Refund,Credit Card,Savings,7160.03,55,Incorrect PIN,Timeout,30,Female,951
TXN0001693,2024-04-15,11:13:27,Itahari Branch,Sunsari,ATM,Mini Statement,Debit Card,Savings,0.0,00,Approved,Success,46,Female,1513
TXN0001694,2024-04-15,12:40:09,Bharatpur Branch,Chitwan,ATM,PIN Change,Credit Card,Savings,0.0,00,Approved,Success,38,Male,1347
TXN0001695,2024-04-15,12:49:24,Bharatpur Branch,Chitwan,ATM,Cash Withdrawal,Credit Card,Savings,500.0,00,Approved,Success,54,Male,915
TXN0001696,2024-04-15,13:07:56,Dhangadhi Branch,Kailali,Mobile Banking,Mobile Top-up,N/A,Current,1000.0,00,Approved,Success,46,Male,715
TXN0001697,2024-04-15,14:09:10,Nepalgunj Branch,Banke,POS,Purchase,Debit Card,Savings,8210.76,00,Approved,Success,30,Male,689
TXN0001698,2024-04-15,14:09:36,Dhangadhi Branch,Kailali,Branch Counter,Cash Deposit,N/A,Savings,126525.95,00,Approved,Success,19,Female,440
TXN0001699,2024-04-15,14:44:04,Bhaktapur Branch,Bhaktapur,POS,Purchase,Debit Card,Savings,10176.57,00,Approved,Success,18,Female,430
TXN0001700,2024-04-15,14:55:03,Nepalgunj Branch,Banke,POS,Purchase,Debit Card,Savings,798.56,00,Approved,Success,49,Female,957
TXN0001701,2024-04-15,16:03:07,Nepalgunj Branch,Banke,Branch Counter,Fund Transfer,N/A,Savings,29325.01,00,Approved,Success,38,Female,978
TXN0001702,2024-04-15,16:13:03,Lalitpur Branch,Lalitpur,ATM,Mini Statement,Prepaid Card,Savings,0.0,00,Approved,Success,30,Male,1026
TXN0001703,2024-04-15,16:54:34,Dharan Branch,Sunsari,POS,Purchase,Debit Card,Fixed Deposit,1661.69,00,Approved,Success,35,Female,660
TXN0001704,2024-04-15,17:50:00,  Kathmandu Main  ,Kathmandu,ATM,Mini Statement,Debit Card,Savings,0.0,00,Approved,Success,38,Male,1184
TXN0001705,2024-04-15,18:58:10,Dhangadhi Branch,Kailali,POS,Refund,Debit Card,Savings,2494.65,00,Approved,Success,18,Female,685
TXN0001706,2024-04-15,21:30:26,Itahari Branch,Sunsari,Mobile Banking,Fund Transfer,N/A,Savings,50186.32,00,Approved,Success,18,Female,889
TXN0001707,2024-04-16,00:57:12,Biratnagar Main,Morang,Mobile Banking,Fund Transfer,N/A,Savings,99605.24,00,Approved,Success,35,Male,669
TXN0001708,2024-04-16,07:25:17,New Baneshwor,Kathmandu,POS,Purchase,Debit Card,Savings,11952.78,00,Approved,Success,39,Male,526
TXN0001709,2024-04-16,08:49:33,Biratnagar Main,Morang,ATM,PIN Change,Debit Card,Fixed Deposit,0.0,00,Approved,Success,24,Female,1123
TXN0001710,2024-04-16,09:26:56,Itahari Branch,Sunsari,Branch Counter,Account Opening,N/A,Fixed Deposit,0.0,00,Approved,Success,34,Male,679
TXN0001711,2024-04-16,09:50:49,Nepalgunj Branch,Banke,POS,Refund,Debit Card,Savings,5149.02,00,Approved,Success,26,,773
TXN0001712,2024-04-16,11:51:44,Nepalgunj Branch,Banke,Mobile Banking,Fund Transfer,N/A,Savings,99115.26,00,Approved,Success,40,Male,229
TXN0001713,2024-04-16,12:04:48,Nepalgunj Branch,Banke,Internet Banking,Bill Payment,N/A,Savings,6156.42,00,Approved,Success,47,Male,451
TXN0001714,2024-04-16,12:07:24,Itahari Branch,Sunsari,ATM,Cash Withdrawal,Debit Card,Savings,15000.0,00,Approved,Success,28,Female,1066
TXN0001715,2024-04-16,12:21:59,Bhaktapur Branch,Bhaktapur,ATM,Mini Statement,Credit Card,Savings,0.0,00,Approved,Success,34,Female,1203
TXN0001716,2024-04-16,12:38:30,Hetauda Branch,Makwanpur,Mobile Banking,Balance Inquiry,N/A,Savings,0.0,00,Approved,Success,28,Female,553
TXN0001717,2024-04-16,13:26:07,Hetauda Branch,Makwanpur,Mobile Banking,Fund Transfer,N/A,Savings,86790.03,00,Approved,Success,26,Male,533
TXN0001718,2024-04-16,13:37:46,Biratnagar Main,Morang,ATM,PIN Change,Debit Card,Savings,0.0,00,Approved,Success,37,Male,1037
TXN0001719,2024-04-16,13:57:28,Butwal Branch,Rupandehi,ATM,Mini Statement,Debit Card,Savings,0.0,91,Issuer Unavailable,Timeout,36,Female,790
TXN0001720,2024-04-16,14:54:22,Hetauda Branch,Makwanpur,Mobile Banking,QR Payment,N/A,Current,1849.17,00,Approved,Success,25,Female,762
TXN0001721,2024-04-16,15:23:50,Bharatpur Branch,Chitwan,Mobile Banking,Fund Transfer,N/A,Current,29976.4,00,Approved,Success,22,Male,80
TXN0001722,2024-04-16,15:33:20,Dharan Branch,Sunsari,ATM,Mini Statement,Debit Card,Savings,0.0,00,Approved,Success,21,Female,1157
TXN0001723,2024-04-16,16:43:48,Bharatpur Branch,Chitwan,Internet Banking,Bill Payment,N/A,Savings,5377.24,00,Approved,Success,46,Female,449
TXN0001724,2024-04-16,17:48:07,Hetauda Branch,Makwanpur,Mobile Banking,Balance Inquiry,N/A,Current,0.0,00,Approved,Success,37,Male,921
TXN0001725,2024-04-16,18:24:41,Butwal Branch,Rupandehi,ATM,Balance Inquiry,Debit Card,Savings,0.0,00,Approved,Success,30,Female,1018
TXN0001726,2024-04-16,18:33:09,Birgunj Branch,Parsa,ATM,Balance Inquiry,Debit Card,Savings,0.0,00,Approved,Success,27,Female,1683
TXN0001727,2024-04-16,23:04:44,New Baneshwor,Kathmandu,Mobile Banking,Balance Inquiry,N/A,Fixed Deposit,0.0,00,Approved,Success,27,Female,674
TXN0001728,2024-04-17,07:39:35,Bharatpur Branch,Chitwan,ATM,Balance Inquiry,Debit Card,Savings,0.0,00,Approved,Success,40,Female,1353
TXN0001729,2024-04-17,07:42:32,Pokhara Lakeside,Kaski,branch counter,Cash Deposit,N/A,Savings,15128.19,00,Approved,Success,45,Male,708
TXN0001730,2024-04-17,07:50:03,Nepalgunj Branch,Banke,Internet Banking,Balance Inquiry,N/A,Current,0.0,96,System Malfunction,Reversed,29,Female,258
TXN0001731,2024-04-17,08:39:32,Bharatpur Branch,Chitwan,ATM,Cash Withdrawal,Debit Card,Current,10000.0,00,Approved,Success,31,Female,765
TXN0001732,2024-04-17,09:01:13,Hetauda Branch,Makwanpur,ATM,Cash Withdrawal,Prepaid Card,Savings,500.0,00,Approved,Success,18,Male,1145
TXN0001733,2024-04-17,09:44:50,Pokhara Lakeside,Kaski,ATM,Balance Inquiry,Debit Card,Current,0.0,00,Approved,Success,33,Female,1025
TXN0001734,2024-04-17,10:39:46,Bharatpur Branch,Chitwan,ATM,Balance Inquiry,Debit Card,Savings,0.0,00,Approved,Success,28,Male,864
TXN0001735,2024-04-17,10:42:40,Nepalgunj Branch,Banke,POS,Refund,Debit Card,Savings,5160.62,00,Approved,Success,53,Male,498
TXN0001736,2024-04-17,10:58:46,Janakpur Branch,Dhanusha,Mobile Banking,Balance Inquiry,N/A,Savings,0.0,00,Approved,Success,19,Male,559
TXN0001737,2024-04-17,11:45:17,Dhangadhi Branch,Kailali,ATM,Balance Inquiry,Debit Card,Savings,0.0,00,Approved,Success,46,Female,1548
TXN0001738,2024-04-17,11:54:20,Hetauda Branch,Makwanpur,Internet Banking,Balance Inquiry,N/A,Savings,0.0,00,Approved,Success,34,Female,322
TXN0001739,2024-04-17,11:55:04,Dharan Branch,Sunsari,ATM,Balance Inquiry,Debit Card,Savings,0.0,00,Approved,Success,43,Male,1139
TXN0001740,2024-04-17,11:58:49,Itahari Branch,Sunsari,ATM,Balance Inquiry,Debit Card,Savings,0.0,00,Approved,Success,55,Male,1358
TXN0001741,2024-04-17,12:15:05,Hetauda Branch,Makwanpur,ATM,Cash Withdrawal,Debit Card,Savings,3000.0,96,System Malfunction,Reversed,49,Female,1504
TXN0001742,2024-04-17,12:52:04,Kathmandu Main,Kathmandu,Mobile Banking,Mobile Top-up,N/A,Fixed Deposit,200.0,55,Incorrect PIN,Reversed,57,Female,1004
TXN0001743,2024-04-17,13:13:46,Pokhara Lakeside,Kaski,POS,Refund,Debit Card,Savings,5815.62,00,Approved,Success,39,Male,564
TXN0001744,2024-04-17,13:35:37,BIRGUNJ BRANCH,Parsa,ATM,Cash Withdrawal,Debit Card,Savings,3000.0,00,Approved,Success,36,Female,1246
TXN0001745,2024-04-17,13:55:00,Dhangadhi Branch,Kailali,Internet Banking,Fund Transfer,N/A,Savings,71006.97,14,Invalid Card,Failed,36,Female,809
TXN0001746,2024-04-17,14:05:15,Biratnagar Main,Morang,POS,Refund,Debit Card,Savings,6305.7,00,Approved,Success,24,Male,108
TXN0001747,2024-04-17,15:38:40,Nepalgunj Branch,Banke,POS,Refund,Debit Card,Current,7163.34,00,Approved,Success,37,Female,548
TXN0001748,2024-04-17,17:19:10,Nepalgunj Branch,Banke,Mobile Banking,Balance Inquiry,N/A,Savings,0.0,00,Approved,Success,39,Female,660
TXN0001749,2024-04-17,17:51:03,Itahari Branch,Sunsari,Mobile Banking,QR Payment,N/A,Savings,3568.23,00,Approved,Success,38,Male,718
TXN0001750,2024-04-17,17:54:56,Dhangadhi Branch,Kailali,ATM,PIN Change,Debit Card,Savings,0.0,00,Approved,Success,24,Female,1761
TXN0001751,2024-04-17,18:18:57,Nepalgunj Branch,Banke,POS,Purchase,Debit Card,Savings,10097.88,00,Approved,Success,26,Female,896
TXN0001752,2024-04-17,19:09:03,Kathmandu Main,Kathmandu,Mobile Banking,Mobile Top-up,N/A,Savings,100.0,00,Approved,Success,43,Male,898
TXN0001753,2024-04-17,19:48:11,Dhangadhi Branch,Kailali,ATM,Cash Withdrawal,Debit Card,Savings,20000.0,00,Approved,Success,41,Male,1017
TXN0001754,2024-04-17,20:17:52,Birgunj Branch,Parsa,ATM,Balance Inquiry,Debit Card,Savings,0.0,00,Approved,Success,31,Male,1847
TXN0001755,2024-04-17,21:49:00,Pokhara Lakeside,Kaski,ATM,Mini Statement,Debit Card,Savings,0.0,51,Insufficient Funds,Reversed,50,Female,1285
TXN0001756,2024-04-18,03:59:34,New Baneshwor,Kathmandu,ATM,Balance Inquiry,Debit Card,Savings,0.0,00,Approved,Success,29,Male,1104
TXN0001757,2024-04-18,04:49:44,Bharatpur Branch,Chitwan,ATM,PIN Change,Debit Card,Savings,0.0,51,Insufficient Funds,Failed,35,Male,1184
TXN0001758,2024-04-18,07:41:06,Dharan Branch,Sunsari,ATM,Mini Statement,Debit Card,Savings,0.0,00,Approved,Success,53,Male,1669
TXN0001759,2024-04-18,09:56:38,Hetauda Branch,Makwanpur,Mobile Banking,Mobile Top-up,N/A,Savings,500.0,00,Approved,Success,,Female,156
TXN0001760,2024-04-18,10:03:18,Dhangadhi Branch,Kailali,ATM,Mini Statement,Debit Card,Savings,0.0,00,Approved,Success,34,Male,1126
TXN0001761,2024-04-18,10:19:52,Lalitpur Branch,Lalitpur,POS,Purchase,Debit Card,Savings,2384.61,00,Approved,Success,54,Male,613
TXN0001762,2024-04-18,10:39:53,Birgunj Branch,Parsa,ATM,Cash Withdrawal,Prepaid Card,Current,5000.0,00,Approved,Success,24,Female,1291
TXN0001763,2024-04-18,11:56:02,Dharan Branch,Sunsari,Branch Counter,Cash Withdrawal,N/A,Savings,1500.0,00,Approved,Success,150,Female,719
TXN0001764,2024-04-18,12:24:38,Dharan Branch,Sunsari,ATM,Mini Statement,Debit Card,Savings,0.0,00,Approved,Success,49,Female,1378
TXN0001765,2024-04-18,12:38:28,New Baneshwor,Kathmandu,Internet Banking,Statement Download,N/A,Savings,0.0,00,Approved,Success,23,Male,540
TXN0001766,2024-04-18,12:47:40,Dharan Branch,Sunsari,POS,Refund,Debit Card,Savings,7920.84,00,Approved,Success,49,Female,555
TXN0001767,2024-04-18,13:15:57,Nepalgunj Branch,Banke,ATM,Cash Withdrawal,Prepaid Card,Savings,5000.0,00,Approved,Success,56,Male,1579
TXN0001768,2024-04-18,14:21:45,Bhaktapur Branch,Bhaktapur,Internet Banking,Balance Inquiry,N/A,Savings,0.0,96,System Malfunction,Timeout,32,Female,939
TXN0001769,2024-04-18,14:52:55,Kathmandu Main,Kathmandu,Mobile Banking,QR Payment,N/A,Savings,1700.87,14,Invalid Card,Timeout,41,Male,1051
TXN0001770,2024-04-18,14:56:43,Nepalgunj Branch,Banke,Mobile Banking,Balance Inquiry,N/A,Savings,0.0,00,Approved,Success,43,Male,731
TXN0001771,2024-04-18,19:47:55,Dharan Branch,Sunsari,ATM,PIN Change,Credit Card,Savings,0.0,00,Approved,Success,48,Male,1257
TXN0001772,2024-04-18,19:54:29,New Baneshwor,Kathmandu,POS,Refund,Debit Card,Savings,4568.59,00,Approved,Success,50,Female,196
TXN0001773,2024-04-19,00:20:38,Itahari Branch,Sunsari,POS,Purchase,Debit Card,Savings,5159.8,00,Approved,Success,31,Male,802
TXN0001774,2024-04-19,07:41:04,Hetauda Branch,Makwanpur,Branch Counter,Account Opening,N/A,Savings,0.0,00,Approved,Success,46,Male,749
TXN0001775,2024-04-19,08:12:43,Bhaktapur Branch,Bhaktapur,Mobile Banking,Fund Transfer,N/A,Savings,19641.44,00,Approved,Success,28,Female,332
TXN0001776,2024-04-19,08:41:26,Birgunj Branch,Parsa,ATM,PIN Change,Debit Card,Savings,0.0,00,Approved,Success,32,Male,905
TXN0001777,2024-04-19,09:37:15,Nepalgunj Branch,Banke,ATM,Cash Withdrawal,Debit Card,Savings,20000.0,00,Approved,Success,26,Female,1430
TXN0001778,2024-04-19,10:01:07,Itahari Branch,Sunsari,Mobile Banking,Mobile Top-up,N/A,Savings,1000.0,00,Approved,Success,39,Female,914
TXN0001779,2024-04-19,10:45:22,New Baneshwor,Kathmandu,ATM,Cash Withdrawal,Debit Card,Savings,20000.0,61,Exceeds Withdrawal Limit,Failed,46,Female,1493
TXN0001780,2024-04-19,10:51:55,New Baneshwor,Kathmandu,POS,Refund,Debit Card,Savings,6589.06,00,Approved,Success,18,Male,1320
TXN0001781,2024-04-19,10:53:36,Butwal Branch,Rupandehi,Mobile Banking,Fund Transfer,N/A,Current,23144.18,14,Invalid Card,Reversed,19,Male,719
TXN0001782,2024-04-19,13:40:20,Bhaktapur Branch,Bhaktapur,ATM,Cash Withdrawal,Debit Card,Current,1500.0,00,Approved,Success,36,Female,1385
TXN0001783,2024-04-19,15:49:42,Dharan Branch,Sunsari,Mobile Banking,Bill Payment,N/A,Current,10996.45,00,Approved,Success,44,Female,753
TXN0001784,2024-04-19,16:42:05,Janakpur Branch,Dhanusha,Internet Banking,Statement Download,N/A,Current,0.0,00,Approved,Success,29,Female,310
TXN0001785,2024-04-20,04:37:53,Dhangadhi Branch,Kailali,ATM,Mini Statement,Debit Card,Savings,0.0,00,Approved,Success,18,Female,823
TXN0001785,2024-04-20,04:37:53,Dhangadhi Branch,Kailali,ATM,Mini Statement,Debit Card,Savings,0.0,00,Approved,Success,18,Female,823
TXN0001786,2024-04-20,08:42:41,Bharatpur Branch,Chitwan,Mobile Banking,Mobile Top-up,N/A,Savings,100.0,00,Approved,Success,38,Female,212
TXN0001787,2024-04-20,08:48:39,Birgunj Branch,Parsa,ATM,PIN Change,Debit Card,Savings,0.0,00,Approved,Success,50,Male,1006
TXN0001788,2024-04-20,09:53:27,Lalitpur Branch,Lalitpur,Mobile Banking,Balance Inquiry,N/A,Savings,0.0,00,Approved,Success,40,,1014
TXN0001789,2024-04-20,11:54:33,Kathmandu Main,Kathmandu,ATM,Mini Statement,Debit Card,Current,0.0,00,Approved,Success,20,Male,1390
TXN0001790,2024-04-20,14:11:42,Janakpur Branch,Dhanusha,ATM,Balance Inquiry,Debit Card,Current,0.0,00,Approved,Success,34,Male,1261
TXN0001791,2024-04-20,14:34:33,Dharan Branch,Sunsari,Internet Banking,Fund Transfer,N/A,Savings,86779.78,00,Approved,Success,25,Female,698
TXN0001792,2024-04-20,15:17:00,Butwal Branch,Rupandehi,Mobile Banking,Mobile Top-up,N/A,Savings,100.0,00,Approved,Success,27,Male,300
TXN0001793,2024-04-20,15:24:06,Bhaktapur Branch,Bhaktapur,ATM,Mini Statement,Debit Card,Savings,0.0,00,Approved,Success,23,Female,927
TXN0001794,2024-04-20,15:54:46,Pokhara Lakeside,Kaski,Mobile Banking,QR Payment,N/A,Savings,2283.9,00,Approved,Success,30,Male,654
TXN0001795,2024-04-20,15:59:31,Dhangadhi Branch,Kailali,Internet Banking,Statement Download,N/A,Savings,0.0,00,Approved,Success,19,Male,666
TXN0001796,2024-04-20,16:10:26,Lalitpur Branch,Lalitpur,ATM,Mini Statement,Debit Card,Savings,0.0,00,Approved,Success,43,Male,358
TXN0001797,2024-04-20,18:39:01,Dhangadhi Branch,Kailali,ATM,Balance Inquiry,Debit Card,Savings,0.0,00,Approved,Success,48,Female,996
TXN0001798,2024-04-20,22:04:28,Birgunj Branch,Parsa,ATM,Balance Inquiry,Debit Card,Current,0.0,00,Approved,Success,33,Female,844
TXN0001799,2024-04-21,02:29:54,Kathmandu Main,Kathmandu,Mobile Banking,QR Payment,N/A,Savings,4205.07,00,Approved,Success,36,Male,560
TXN0001800,2024-04-21,08:05:33,Kathmandu Main,Kathmandu,ATM,Mini Statement,Debit Card,Savings,0.0,00,Approved,Success,18,Female,1519
TXN0001801,2024-04-21,09:47:48,Biratnagar Main,Morang,ATM,Balance Inquiry,Debit Card,Savings,0.0,00,Approved,Success,36,Male,1288
TXN0001802,2024-04-21,10:44:48,Butwal Branch,Rupandehi,Internet Banking,Statement Download,N/A,Current,0.0,00,Approved,Success,33,Female,1000
TXN0001803,2024-04-21,11:05:45,Hetauda Branch,Makwanpur,ATM,PIN Change,Debit Card,Savings,0.0,51,Insufficient Funds,Reversed,59,Female,1098
TXN0001804,2024-04-21,11:06:22,Dhangadhi Branch,Kailali,POS,Purchase,Debit Card,Savings,907.75,00,Approved,Success,43,Male,1066
TXN0001805,2024-04-21,11:10:44,Lalitpur Branch,Lalitpur,POS,Purchase,Debit Card,Current,7930.78,00,Approved,Success,21,Male,423
TXN0001806,2024-04-21,11:39:48,Bhaktapur Branch,Bhaktapur,POS,Refund,Prepaid Card,Savings,3844.36,00,Approved,Success,46,Female,336
TXN0001807,2024-04-21,13:20:59,NEW BANESHWOR,Kathmandu,POS,Purchase,Debit Card,Savings,12107.94,00,Approved,Success,32,Male,457
TXN0001808,2024-04-21,13:29:44,Lalitpur Branch,Lalitpur,Internet Banking,Balance Inquiry,N/A,Savings,0.0,00,Approved,Success,39,Female,398
TXN0001809,2024-04-21,13:52:52,Lalitpur Branch,Lalitpur,Branch Counter,Cash Deposit,N/A,Savings,31356.9,00,Approved,Success,40,Male,841
TXN0001810,2024-04-21,14:12:20,Nepalgunj Branch,Banke,ATM,Cash Withdrawal,Debit Card,Savings,1500.0,91,Issuer Unavailable,Reversed,43,Male,1753
TXN0001811,2024-04-21,19:09:27,Birgunj Branch,Parsa,Mobile Banking,Fund Transfer,N/A,Fixed Deposit,70914.45,00,Approved,Success,19,Male,631
TXN0001812,2024-04-21,19:19:26,Nepalgunj Branch,Banke,ATM,Balance Inquiry,Debit Card,Current,0.0,00,Approved,Success,,Male,1342
TXN0001813,2024-04-21,19:42:58,Dhangadhi Branch,Kailali,Internet Banking,Statement Download,N/A,Savings,0.0,00,Approved,Success,29,Male,546
TXN0001814,2024-04-21,22:36:00,Dharan Branch,Sunsari,Mobile Banking,Bill Payment,N/A,Savings,9360.3,00,Approved,Success,36,Male,767
TXN0001815,2024-04-22,09:10:58,Lalitpur Branch,Lalitpur,Internet Banking,Bill Payment,N/A,Savings,6799.21,51,Insufficient Funds,Failed,40,Male,195
TXN0001816,2024-04-22,09:51:58,New Baneshwor,Kathmandu,Internet Banking,Balance Inquiry,N/A,Current,0.0,00,Approved,Success,45,Female,591
TXN0001817,2024-04-22,10:07:55,Janakpur Branch,Dhanusha,POS,Refund,Debit Card,Savings,7507.56,00,Approved,Success,19,Male,857
TXN0001818,2024-04-22,10:40:12,Bhaktapur Branch,Bhaktapur,Branch Counter,Cash Deposit,N/A,Current,132989.7,00,Approved,Success,48,Female,681
TXN0001819,2024-04-22,10:59:06,Nepalgunj Branch,Banke,POS,Refund,Debit Card,Savings,4431.95,00,Approved,Success,26,Female,627
TXN0001820,2024-04-22,11:14:01,Dhangadhi Branch,Kailali,POS,Refund,Credit Card,Fixed Deposit,6594.16,00,Approved,Success,34,Female,183
TXN0001821,2024-04-22,11:45:59,Bharatpur Branch,Chitwan,ATM,Balance Inquiry,Debit Card,Savings,0.0,91,Issuer Unavailable,Timeout,46,Female,1074
TXN0001822,2024-04-22,12:12:58,Nepalgunj Branch,Banke,Mobile Banking,Bill Payment,N/A,Savings,1823.84,00,Approved,Success,31,Female,611
TXN0001823,2024-04-22,13:44:33,Lalitpur Branch,Lalitpur,Mobile Banking,Fund Transfer,N/A,Savings,70079.78,55,Incorrect PIN,Reversed,57,Male,771
TXN0001824,2024-04-22,14:37:33,New Baneshwor,Kathmandu,ATM,Cash Withdrawal,Debit Card,Savings,500.0,00,Approved,Success,21,Male,884
TXN0001825,2024-04-22,14:57:15,New Baneshwor,Kathmandu,Branch Counter,Cash Deposit,N/A,Savings,116150.89,00,Approved,Success,51,Female,559
TXN0001826,2024-04-22,16:15:36,NEW BANESHWOR,Kathmandu,Mobile Banking,Fund Transfer,N/A,Current,11189.9,00,Approved,Success,35,Female,541
TXN0001827,2024-04-22,17:52:53,Nepalgunj Branch,Banke,ATM,Balance Inquiry,Prepaid Card,Savings,0.0,00,Approved,Success,36,Male,1461
TXN0001828,2024-04-22,19:38:37,  Bhaktapur Branch  ,Bhaktapur,Internet Banking,Bill Payment,N/A,Savings,9279.63,00,Approved,Success,27,Female,589
TXN0001829,2024-04-22,21:09:54,Biratnagar Main,Morang,ATM,Mini Statement,Debit Card,Savings,0.0,00,Approved,Success,,Female,2455
TXN0001830,2024-04-22,23:20:57,New Baneshwor,Kathmandu,ATM,Cash Withdrawal,Debit Card,Savings,500.0,00,Approved,Success,37,Male,1290
TXN0001831,2024-04-23,02:09:54,Kathmandu Main,Kathmandu,POS,Purchase,Debit Card,Savings,13951.16,00,Approved,Success,44,Male,797
TXN0001832,2024-04-23,07:58:01,Dhangadhi Branch,Kailali,Internet Banking,Statement Download,N/A,Savings,0.0,00,Approved,Success,54,Male,615
TXN0001833,2024-04-23,08:13:23,Dharan Branch,Sunsari,ATM,Mini Statement,Debit Card,Savings,0.0,00,Approved,Success,21,Male,891
TXN0001834,2024-04-23,08:17:38,Dharan Branch,Sunsari,POS,Purchase,Debit Card,Savings,7250.24,00,Approved,Success,32,Female,783
TXN0001835,2024-04-23,09:02:18,Janakpur Branch,Dhanusha,POS,Purchase,Debit Card,Savings,11627.4,00,Approved,Success,27,Female,371
TXN0001836,2024-04-23,09:13:29,Janakpur Branch,Dhanusha,Internet Banking,Bill Payment,N/A,Savings,2027.33,00,Approved,Success,18,Male,472
TXN0001837,2024-04-23,09:15:00,Itahari Branch,Sunsari,ATM,Cash Withdrawal,Debit Card,Current,20000.0,00,Approved,Success,38,Male,996
TXN0001838,2024-04-23,09:33:16,Pokhara Lakeside,Kaski,ATM,Balance Inquiry,Prepaid Card,Savings,0.0,00,Approved,Success,25,Male,735
TXN0001839,2024-04-23,10:13:42,Kathmandu Main,Kathmandu,ATM,Cash Withdrawal,Debit Card,Savings,8000.0,00,Approved,Success,18,Female,472
TXN0001840,2024-04-23,13:23:39,Kathmandu Main,Kathmandu,POS,Purchase,Debit Card,Savings,10728.0,00,Approved,Success,18,Female,710
TXN0001841,2024-04-23,14:52:40,Dharan Branch,Sunsari,Mobile Banking,Balance Inquiry,N/A,Fixed Deposit,0.0,00,Approved,Success,31,Female,183
TXN0001842,2024-04-23,15:06:46,Hetauda Branch,Makwanpur,Internet Banking,Fund Transfer,N/A,Current,26216.85,00,Approved,Success,29,Female,632
TXN0001843,2024-04-23,17:21:24,Bhaktapur Branch,Bhaktapur,ATM,PIN Change,Debit Card,Savings,0.0,00,Approved,Success,35,Female,793
TXN0001844,2024-04-23,19:35:29,Pokhara Lakeside,Kaski,Mobile Banking,Bill Payment,N/A,Savings,5293.81,00,Approved,Success,48,Male,550
TXN0001845,2024-04-24,09:10:01,Kathmandu Main,Kathmandu,Internet Banking,Balance Inquiry,N/A,Current,0.0,00,Approved,Success,22,Female,315
TXN0001846,2024-04-24,09:13:33,Janakpur Branch,Dhanusha,POS,Refund,Credit Card,Savings,3205.47,00,Approved,Success,30,Female,439
TXN0001847,2024-04-24,09:15:42,New Baneshwor,Kathmandu,ATM,Balance Inquiry,Credit Card,Current,0.0,00,Approved,Success,28,Male,1376
TXN0001848,2024-04-24,09:22:52,Kathmandu Main,Kathmandu,ATM,Balance Inquiry,Debit Card,Savings,0.0,00,Approved,Success,18,Male,875
TXN0001849,2024-04-24,09:34:42,Pokhara Lakeside,Kaski,POS,Refund,Credit Card,Savings,7478.55,00,Approved,Success,41,Male,860
TXN0001850,2024-04-24,10:16:27,Janakpur Branch,Dhanusha,Internet Banking,Fund Transfer,N/A,Savings,2419.9,00,Approved,Success,23,Female,613
TXN0001851,2024-04-24,10:29:09,Janakpur Branch,Dhanusha,Mobile Banking,QR Payment,N/A,Savings,3453.63,05,Do Not Honor,Timeout,33,Male,785
TXN0001852,2024-04-24,11:57:30,Dhangadhi Branch,Kailali,ATM,Balance Inquiry,Debit Card,Savings,0.0,00,Approved,Success,18,Male,1290
TXN0001853,2024-04-24,14:25:06,Biratnagar Main,Morang,ATM,PIN Change,Debit Card,Current,0.0,55,Incorrect PIN,Reversed,36,Female,1590
TXN0001854,2024-04-24,14:43:26,Butwal Branch,Rupandehi,ATM,Mini Statement,Debit Card,Savings,0.0,00,Approved,Success,18,Male,1112
TXN0001855,2024-04-24,15:50:23,New Baneshwor,Kathmandu,ATM,Cash Withdrawal,Debit Card,Savings,20000.0,00,Approved,Success,34,Male,1560
TXN0001856,2024-04-24,16:48:51,Itahari Branch,Sunsari,Mobile Banking,Bill Payment,N/A,Savings,4660.63,00,Approved,Success,40,Male,712
TXN0001857,2024-04-24,18:04:01,Butwal Branch,Rupandehi,ATM,Balance Inquiry,Credit Card,Savings,0.0,00,Approved,Success,52,Female,1406
TXN0001858,2024-04-24,18:39:59,BIRATNAGAR MAIN,Morang,ATM,Mini Statement,Debit Card,Savings,0.0,00,Approved,Success,37,Female,1340
TXN0001859,2024-04-24,19:21:25,Bhaktapur Branch,Bhaktapur,mobile banking,QR Payment,N/A,Savings,2050.72,00,Approved,Success,38,Male,629
TXN0001860,2024-04-24,20:26:22,Itahari Branch,Sunsari,Mobile Banking,Mobile Top-up,N/A,Savings,50.0,00,Approved,Success,27,Male,482
TXN0001861,2024-04-24,22:31:39,Butwal Branch,Rupandehi,Mobile Banking,Balance Inquiry,N/A,Savings,0.0,00,Approved,Success,30,Female,1006
TXN0001862,2024-04-24,23:13:19,Birgunj Branch,Parsa,Internet Banking,Statement Download,N/A,Savings,0.0,14,Invalid Card,Timeout,47,Female,724
TXN0001863,2024-04-25,01:34:37,Lalitpur Branch,Lalitpur,ATM,Cash Withdrawal,Debit Card,Savings,10000.0,00,Approved,Success,31,Female,1552
TXN0001864,2024-04-25,06:58:58,Kathmandu Main,Kathmandu,Mobile Banking,QR Payment,N/A,Savings,2185.67,91,Issuer Unavailable,Failed,25,Male,326
TXN0001865,2024-04-25,07:49:03,Hetauda Branch,Makwanpur,ATM,PIN Change,Debit Card,Savings,0.0,00,Approved,Success,43,Female,1229
TXN0001866,2024-04-25,07:50:09,Dharan Branch,Sunsari,Mobile Banking,Bill Payment,N/A,Savings,953.83,55,Incorrect PIN,Reversed,31,Male,850
TXN0001867,2024-04-25,08:31:56,Bhaktapur Branch,Bhaktapur,Mobile Banking,Balance Inquiry,N/A,Savings,0.0,51,Insufficient Funds,Timeout,43,Female,545
TXN0001868,2024-04-25,09:53:55,Birgunj Branch,Parsa,ATM,PIN Change,Debit Card,Savings,0.0,00,Approved,Success,54,Female,427
TXN0001869,2024-04-25,09:55:55,Dharan Branch,Sunsari,ATM,Cash Withdrawal,Debit Card,Savings,10000.0,00,Approved,Success,34,Female,1669
TXN0001870,2024-04-25,11:08:10,Dharan Branch,Sunsari,POS,Refund,Debit Card,Savings,6692.73,00,Approved,Success,34,Male,397
TXN0001871,2024-04-25,11:30:30,Nepalgunj Branch,Banke,Branch Counter,Cash Deposit,N/A,Current,129718.08,00,Approved,Success,44,Female,514
TXN0001872,2024-04-25,11:46:51,Itahari Branch,Sunsari,POS,Refund,Debit Card,Savings,1293.88,00,Approved,Success,30,Male,332
TXN0001873,2024-04-25,11:57:13,Janakpur Branch,Dhanusha,ATM,Balance Inquiry,Prepaid Card,Savings,0.0,14,Invalid Card,Reversed,30,Male,1317
TXN0001874,2024-04-25,12:03:14,Pokhara Lakeside,Kaski,ATM,PIN Change,Debit Card,Savings,0.0,00,Approved,Success,30,Male,820
TXN0001875,2024-04-25,13:00:38,Pokhara Lakeside,Kaski,ATM,Cash Withdrawal,Debit Card,Savings,15000.0,00,Approved,Success,51,Male,1063
TXN0001876,2024-04-25,13:44:32,Bharatpur Branch,Chitwan,Mobile Banking,Fund Transfer,N/A,Savings,5766.65,55,Incorrect PIN,Reversed,18,Male,378
TXN0001877,2024-04-25,13:50:00,Janakpur Branch,Dhanusha,POS,Refund,Debit Card,Savings,4388.27,00,Approved,Success,33,Female,905
TXN0001878,2024-04-25,14:49:16,Pokhara Lakeside,Kaski,ATM,PIN Change,Debit Card,Savings,0.0,00,Approved,Success,47,Male,1744
TXN0001879,2024-04-25,15:04:31,Birgunj Branch,Parsa,ATM,Mini Statement,Debit Card,Savings,0.0,00,Approved,Success,24,Male,650
TXN0001880,2024-04-25,15:13:39,Birgunj Branch,Parsa,Branch Counter,Fund Transfer,N/A,Current,68453.56,00,Approved,Success,44,Female,339
TXN0001881,2024-04-25,16:53:51,Birgunj Branch,Parsa,Branch Counter,Cash Withdrawal,N/A,Savings,8000.0,00,Approved,Success,5,Male,615
TXN0001882,2024-04-26,05:49:10,Biratnagar Main,Morang,ATM,Balance Inquiry,Debit Card,Current,0.0,00,Approved,Success,43,Female,1377
TXN0001883,2024-04-26,08:14:15,Lalitpur Branch,Lalitpur,Mobile Banking,Mobile Top-up,N/A,Savings,50.0,00,Approved,Success,31,Male,609
TXN0001884,2024-04-26,10:03:45,Nepalgunj Branch,Banke,ATM,Mini Statement,Debit Card,Savings,0.0,00,Approved,Success,33,Female,708
TXN0001885,2024-04-26,10:07:42,Bharatpur Branch,Chitwan,POS,Refund,Credit Card,Savings,5585.67,96,System Malfunction,Timeout,51,Male,1224
TXN0001886,2024-04-26,10:28:52,Dhangadhi Branch,Kailali,ATM,Mini Statement,Debit Card,Savings,0.0,00,Approved,Success,42,Female,679
TXN0001887,2024-04-26,11:10:36,Butwal Branch,Rupandehi,POS,Purchase,Credit Card,Current,12624.0,00,Approved,Success,29,Male,847
TXN0001888,2024-04-26,11:27:11,Bharatpur Branch,Chitwan,Mobile Banking,QR Payment,N/A,Current,3472.05,00,Approved,Success,57,Male,343
TXN0001889,2024-04-26,13:00:06,Biratnagar Main,Morang,ATM,Balance Inquiry,Debit Card,Savings,0.0,00,Approved,Success,40,Male,1078
TXN0001890,2024-04-26,13:37:58,Nepalgunj Branch,Banke,Mobile Banking,QR Payment,N/A,Current,4165.14,00,Approved,Success,46,Female,262
TXN0001891,2024-04-26,13:41:46,Dharan Branch,Sunsari,Internet Banking,Statement Download,N/A,Savings,0.0,00,Approved,Success,30,,827
TXN0001892,2024-04-26,13:59:21,Birgunj Branch,Parsa,ATM,PIN Change,Credit Card,Current,0.0,00,Approved,Success,38,Male,1494
TXN0001893,2024-04-26,14:38:45,Hetauda Branch,Makwanpur,Mobile Banking,Fund Transfer,N/A,Savings,52891.47,00,Approved,Success,44,Male,980
TXN0001894,2024-04-26,16:20:15,Birgunj Branch,Parsa,Mobile Banking,QR Payment,N/A,Savings,4257.07,00,Approved,Success,26,Female,366
TXN0001895,2024-04-26,16:54:29,Lalitpur Branch,Lalitpur,ATM,Balance Inquiry,Debit Card,Savings,0.0,00,Approved,Success,47,Female,820
TXN0001896,2024-04-26,17:18:52,Hetauda Branch,Makwanpur,POS,Purchase,Debit Card,Savings,5490.85,00,Approved,Success,41,Male,557
TXN0001897,2024-04-26,20:12:29,New Baneshwor,Kathmandu,Mobile Banking,Mobile Top-up,N/A,Savings,50.0,00,Approved,Success,24,Female,449
TXN0001898,2024-04-26,21:52:53,Butwal Branch,Rupandehi,ATM,Mini Statement,Debit Card,Savings,0.0,00,Approved,Success,48,Male,1274
TXN0001899,2024-04-27,08:03:05,Dharan Branch,Sunsari,ATM,Cash Withdrawal,Prepaid Card,Savings,1000.0,00,Approved,Success,42,Male,1337
TXN0001900,2024-04-27,08:57:41,Dhangadhi Branch,Kailali,ATM,Mini Statement,Credit Card,Current,0.0,00,Approved,Success,57,Female,1938
TXN0001901,2024-04-27,09:23:46,Biratnagar Main,Morang,ATM,Mini Statement,Debit Card,Savings,0.0,00,Approved,Success,18,,795
TXN0001902,2024-04-27,09:37:04,Bharatpur Branch,Chitwan,ATM,PIN Change,Prepaid Card,Savings,0.0,00,Approved,Success,39,Female,1708
TXN0001903,2024-04-27,10:47:33,Birgunj Branch,Parsa,POS,Purchase,Debit Card,Current,8747.15,00,Approved,Success,27,Female,482
TXN0001904,2024-04-27,11:31:51,Birgunj Branch,Parsa,Mobile Banking,QR Payment,N/A,Fixed Deposit,627.04,55,Incorrect PIN,Reversed,38,Female,785
TXN0001905,2024-04-27,11:35:42,Butwal Branch,Rupandehi,POS,Purchase,Debit Card,Current,11716.92,00,Approved,Success,23,Male,698
TXN0001906,2024-04-27,12:32:18,Kathmandu Main,Kathmandu,Internet Banking,Fund Transfer,N/A,Current,86390.67,00,Approved,Success,34,Female,299
TXN0001907,2024-04-27,12:41:43,Kathmandu Main,Kathmandu,ATM,PIN Change,Debit Card,Savings,0.0,00,Approved,Success,40,Male,1109
TXN0001908,2024-04-27,13:16:45,Dharan Branch,Sunsari,ATM,PIN Change,Debit Card,Current,0.0,00,Approved,Success,49,Female,350
TXN0001908,2024-04-27,13:16:45,Dharan Branch,Sunsari,ATM,PIN Change,Debit Card,Current,0.0,00,Approved,Success,49,Female,350
TXN0001909,2024-04-27,13:26:59,Pokhara Lakeside,Kaski,Mobile Banking,Bill Payment,N/A,Savings,10686.25,51,Insufficient Funds,Failed,39,Female,536
TXN0001910,2024-04-27,13:39:59,Lalitpur Branch,Lalitpur,ATM,PIN Change,Debit Card,Savings,0.0,00,Approved,Success,46,Male,1022
TXN0001911,2024-04-27,14:21:04,New Baneshwor,Kathmandu,ATM,PIN Change,Debit Card,Savings,0.0,00,Approved,Success,26,Male,1948
TXN0001912,2024-04-27,14:41:44,Hetauda Branch,Makwanpur,ATM,Balance Inquiry,Debit Card,Savings,0.0,00,Approved,Success,34,,1061
TXN0001913,2024-04-27,14:48:54,Birgunj Branch,Parsa,ATM,Balance Inquiry,Credit Card,Savings,0.0,00,Approved,Success,50,Female,911
TXN0001914,2024-04-27,15:20:39,New Baneshwor,Kathmandu,POS,Purchase,Prepaid Card,Savings,5557.76,00,Approved,Success,25,Male,850
TXN0001915,2024-04-27,15:52:21,Birgunj Branch,Parsa,Mobile Banking,Mobile Top-up,N/A,Savings,50.0,00,Approved,Success,34,Female,805
TXN0001916,2024-04-27,16:37:11,Biratnagar Main,Morang,Mobile Banking,Mobile Top-up,N/A,Savings,100.0,00,Approved,Success,26,Female,578
TXN0001917,2024-04-27,16:46:39,Lalitpur Branch,Lalitpur,Internet Banking,Statement Download,N/A,Savings,0.0,00,Approved,Success,32,Male,475
TXN0001918,2024-04-27,17:48:22,Lalitpur Branch,Lalitpur,POS,Purchase,Debit Card,Savings,5974.78,00,Approved,Success,26,Female,387
TXN0001919,2024-04-27,19:29:41,Birgunj Branch,Parsa,Branch Counter,Account Opening,N/A,Savings,0.0,00,Approved,Success,34,Female,434
TXN0001920,2024-04-27,19:33:41,Lalitpur Branch,Lalitpur,ATM,Cash Withdrawal,Debit Card,Savings,2000.0,00,Approved,Success,34,Male,1490
TXN0001921,2024-04-27,20:23:48,Dhangadhi Branch,Kailali,Mobile Banking,Mobile Top-up,N/A,Savings,50.0,00,Approved,Success,28,Male,811
TXN0001922,2024-04-27,20:53:38,Biratnagar Main,Morang,Mobile Banking,Balance Inquiry,N/A,Savings,0.0,00,Approved,Success,23,Male,579
TXN0001923,2024-04-27,20:55:33,New Baneshwor,Kathmandu,ATM,Balance Inquiry,Debit Card,Savings,0.0,00,Approved,Success,33,Male,1471
TXN0001924,2024-04-27,21:51:28,Itahari Branch,Sunsari,Internet Banking,Fund Transfer,N/A,Current,42836.82,00,Approved,Success,40,Male,697
TXN0001925,2024-04-28,00:04:21,Dhangadhi Branch,Kailali,POS,Purchase,Debit Card,Savings,1779.98,96,System Malfunction,Failed,37,Male,272
TXN0001926,2024-04-28,00:15:25,Lalitpur Branch,Lalitpur,POS,Refund,Debit Card,Savings,1458.08,00,Approved,Success,31,Male,694
TXN0001927,2024-04-28,03:16:22,Dharan Branch,Sunsari,POS,Purchase,Debit Card,Savings,6914.79,00,Approved,Success,41,Female,835
TXN0001928,2024-04-28,04:41:20,Hetauda Branch,Makwanpur,ATM,Mini Statement,Debit Card,Savings,0.0,51,Insufficient Funds,Reversed,18,Male,1778
TXN0001929,2024-04-28,08:07:19,Dhangadhi Branch,Kailali,Mobile Banking,Fund Transfer,N/A,Savings,77873.8,00,Approved,Success,52,Male,250
TXN0001930,2024-04-28,09:23:13,Janakpur Branch,Dhanusha,ATM,Mini Statement,Prepaid Card,Current,0.0,00,Approved,Success,45,Male,1284
TXN0001931,2024-04-28,09:24:31,New Baneshwor,Kathmandu,Mobile Banking,Balance Inquiry,N/A,Savings,0.0,00,Approved,Success,18,Female,595
TXN0001932,2024-04-28,10:28:33,Hetauda Branch,Makwanpur,ATM,Balance Inquiry,Debit Card,Savings,0.0,00,Approved,Success,33,Female,978
TXN0001933,2024-04-28,10:37:48,Itahari Branch,Sunsari,ATM,Balance Inquiry,Debit Card,Savings,0.0,00,Approved,Success,38,Female,1456
TXN0001934,2024-04-28,11:52:00,Biratnagar Main,Morang,ATM,PIN Change,Debit Card,Savings,0.0,00,Approved,Success,31,Male,1290
TXN0001935,2024-04-28,12:02:32,New Baneshwor,Kathmandu,POS,Purchase,Debit Card,Savings,6377.15,00,Approved,Success,42,Male,670
TXN0001936,2024-04-28,12:09:30,Itahari Branch,Sunsari,Internet Banking,Statement Download,N/A,Savings,0.0,00,Approved,Success,53,Female,499
TXN0001937,2024-04-28,12:34:14,Nepalgunj Branch,Banke,ATM,Mini Statement,Debit Card,Savings,0.0,00,Approved,Success,33,Male,1905
TXN0001938,2024-04-28,13:14:54,Lalitpur Branch,Lalitpur,Branch Counter,Account Opening,N/A,Savings,0.0,00,Approved,Success,23,Male,438
TXN0001939,2024-04-28,14:14:19,Dharan Branch,Sunsari,Mobile Banking,Fund Transfer,N/A,Current,25392.18,00,Approved,Success,50,Female,666
TXN0001940,2024-04-28,14:25:45,Hetauda Branch,Makwanpur,ATM,PIN Change,Debit Card,Current,0.0,00,Approved,Success,26,Male,979
TXN0001941,2024-04-28,15:32:47,Pokhara Lakeside,Kaski,Mobile Banking,Balance Inquiry,N/A,Savings,0.0,00,Approved,Success,35,Female,613
TXN0001942,2024-04-28,16:36:11,Nepalgunj Branch,Banke,ATM,Mini Statement,Debit Card,Savings,0.0,51,Insufficient Funds,Failed,27,Male,1366
TXN0001943,2024-04-28,17:14:16,Birgunj Branch,Parsa,Mobile Banking,QR Payment,N/A,Savings,4416.7,00,Approved,Success,35,Female,996
TXN0001944,2024-04-28,18:31:44,New Baneshwor,Kathmandu,ATM,PIN Change,Prepaid Card,Savings,0.0,00,Approved,Success,43,Male,1207
TXN0001945,2024-04-28,18:33:03,Kathmandu Main,Kathmandu,ATM,PIN Change,Debit Card,Savings,0.0,00,Approved,Success,23,Female,1442
TXN0001946,2024-04-28,19:48:19,Dhangadhi Branch,Kailali,ATM,PIN Change,Debit Card,Savings,0.0,00,Approved,Success,28,Female,1256
TXN0001947,2024-04-28,19:55:23,Nepalgunj Branch,Banke,ATM,Mini Statement,Debit Card,Savings,0.0,00,Approved,Success,18,Female,1091
TXN0001948,2024-04-28,20:13:05,Hetauda Branch,Makwanpur,ATM,Balance Inquiry,Debit Card,Savings,0.0,00,Approved,Success,37,Male,310
TXN0001949,2024-04-28,20:44:39,Nepalgunj Branch,Banke,ATM,Balance Inquiry,Debit Card,Savings,0.0,00,Approved,Success,37,Male,851
TXN0001950,2024-04-28,21:23:47,Kathmandu Main,Kathmandu,Mobile Banking,Bill Payment,N/A,Savings,4262.72,14,Invalid Card,Timeout,23,Male,666
TXN0001951,2024-04-28,23:54:36,Bhaktapur Branch,Bhaktapur,POS,Purchase,Prepaid Card,Savings,4422.01,00,Approved,Success,32,Female,976
TXN0001952,2024-04-29,05:41:39,Nepalgunj Branch,Banke,Mobile Banking,Fund Transfer,N/A,Savings,49911.85,00,Approved,Success,36,Female,646
TXN0001953,2024-04-29,08:00:17,Bharatpur Branch,Chitwan,Mobile Banking,Fund Transfer,N/A,Savings,55283.85,00,Approved,Success,27,Male,695
TXN0001954,2024-04-29,08:05:07,Itahari Branch,Sunsari,ATM,Mini Statement,Debit Card,Savings,0.0,00,Approved,Success,31,Male,893
TXN0001955,2024-04-29,10:29:21,Bhaktapur Branch,Bhaktapur,POS,Refund,Debit Card,Fixed Deposit,2756.71,00,Approved,Success,43,Female,534
TXN0001956,2024-04-29,10:31:16,Pokhara Lakeside,Kaski,POS,Refund,Debit Card,Savings,125.28,00,Approved,Success,18,Male,576
TXN0001957,2024-04-29,10:49:06,Pokhara Lakeside,Kaski,Mobile Banking,Mobile Top-up,N/A,Savings,100.0,00,Approved,Success,30,Male,812
TXN0001958,2024-04-29,11:04:12,Lalitpur Branch,Lalitpur,Branch Counter,Cash Deposit,N/A,Savings,101278.85,00,Approved,Success,44,Male,379
TXN0001959,2024-04-29,11:49:05,Hetauda Branch,Makwanpur,Internet Banking,Bill Payment,N/A,Savings,7632.91,00,Approved,Success,20,Female,571
TXN0001960,2024-04-29,12:14:53,Itahari Branch,Sunsari,ATM,Cash Withdrawal,Debit Card,Current,5000.0,00,Approved,Success,35,Female,851
TXN0001961,2024-04-29,13:41:26,Biratnagar Main,Morang,POS,Refund,Debit Card,Savings,1118.91,00,Approved,Success,18,Male,274
TXN0001962,2024-04-29,14:01:53,BUTWAL BRANCH,Rupandehi,ATM,PIN Change,Debit Card,Savings,0.0,00,Approved,Success,44,Male,573
TXN0001963,2024-04-29,14:09:35,Kathmandu Main,Kathmandu,Mobile Banking,Fund Transfer,N/A,Savings,60443.21,51,Insufficient Funds,Failed,18,Male,309
TXN0001964,2024-04-29,15:43:36,New Baneshwor,Kathmandu,Mobile Banking,Balance Inquiry,N/A,Savings,0.0,00,Approved,Success,27,Male,599
TXN0001965,2024-04-29,16:54:16,Bharatpur Branch,Chitwan,Mobile Banking,Balance Inquiry,N/A,Savings,0.0,00,Approved,Success,45,Female,219
TXN0001966,2024-04-29,16:55:04,Nepalgunj Branch,Banke,ATM,Balance Inquiry,Debit Card,Savings,0.0,00,Approved,Success,43,Female,535
TXN0001967,2024-04-29,19:38:25,Dhangadhi Branch,Kailali,Mobile Banking,Fund Transfer,N/A,Savings,33456.97,55,Incorrect PIN,Timeout,23,Female,929
TXN0001968,2024-04-29,20:15:19,Birgunj Branch,Parsa,POS,Refund,Debit Card,Savings,3816.22,00,Approved,Success,28,Female,542
TXN0001969,2024-04-29,23:38:25,Birgunj Branch,Parsa,Internet Banking,Fund Transfer,N/A,Savings,94821.18,00,Approved,Success,33,Male,537
TXN0001970,2024-04-30,06:25:34,Bharatpur Branch,Chitwan,POS,Purchase,Prepaid Card,Savings,13881.08,00,Approved,Success,21,Male,355
TXN0001971,2024-04-30,10:05:40,  Butwal Branch  ,Rupandehi,Internet Banking,Statement Download,N/A,Savings,0.0,00,Approved,Success,42,Female,193
TXN0001972,2024-04-30,10:14:26,Biratnagar Main,Morang,Mobile Banking,QR Payment,N/A,Savings,1364.85,00,Approved,Success,,Male,239
TXN0001973,2024-04-30,10:27:10,Biratnagar Main,Morang,ATM,Balance Inquiry,Debit Card,Savings,0.0,00,Approved,Success,19,Female,1257
TXN0001974,2024-04-30,11:10:16,Birgunj Branch,Parsa,ATM,Cash Withdrawal,Debit Card,Savings,500.0,00,Approved,Success,34,Male,524
TXN0001975,2024-04-30,11:24:40,Biratnagar Main,Morang,POS,Refund,Debit Card,Current,8392.22,00,Approved,Success,37,Male,567
TXN0001976,2024-04-30,12:40:25,Bharatpur Branch,Chitwan,Mobile Banking,Mobile Top-up,N/A,Savings,100.0,00,Approved,Success,48,Female,170
TXN0001977,2024-04-30,15:20:15,Kathmandu Main,Kathmandu,POS,Purchase,Debit Card,Savings,6346.45,00,Approved,Success,18,Male,516
TXN0001978,2024-04-30,16:46:08,Dharan Branch,Sunsari,ATM,PIN Change,Debit Card,Fixed Deposit,0.0,00,Approved,Success,40,Male,649
TXN0001979,2024-04-30,17:20:09,Dharan Branch,Sunsari,ATM,Cash Withdrawal,Debit Card,Current,3000.0,00,Approved,Success,24,Male,1659
TXN0001980,2024-04-30,17:35:51,Dharan Branch,Sunsari,POS,Refund,Debit Card,Savings,447.73,00,Approved,Success,41,Female,448
TXN0001981,2024-04-30,18:34:01,Bhaktapur Branch,Bhaktapur,ATM,Mini Statement,Debit Card,Savings,0.0,00,Approved,Success,34,Male,1621
TXN0001982,2024-04-30,19:41:14,Lalitpur Branch,Lalitpur,ATM,Cash Withdrawal,Credit Card,Savings,8000.0,00,Approved,Success,47,Male,1456
TXN0001983,2024-04-30,20:13:00,Pokhara Lakeside,Kaski,Mobile Banking,Bill Payment,N/A,Savings,3988.98,00,Approved,Success,40,Male,456
TXN0001984,2024-04-30,20:52:29,Hetauda Branch,Makwanpur,Internet Banking,Fund Transfer,N/A,Savings,90218.77,00,Approved,Success,43,Male,674
TXN0001985,2024-05-01,03:47:04,Dharan Branch,Sunsari,ATM,Balance Inquiry,Debit Card,Savings,0.0,00,Approved,Success,50,Male,1416
TXN0001985,2024-05-01,03:47:04,Dharan Branch,Sunsari,ATM,Balance Inquiry,Debit Card,Savings,0.0,00,Approved,Success,50,Male,1416
TXN0001986,2024-05-01,06:31:07,Dharan Branch,Sunsari,ATM,Cash Withdrawal,Debit Card,Current,3000.0,00,Approved,Success,18,Female,1793
TXN0001987,2024-05-01,08:00:25,Lalitpur Branch,Lalitpur,ATM,Mini Statement,Debit Card,Savings,0.0,91,Issuer Unavailable,Reversed,38,Male,605
TXN0001988,2024-05-01,09:14:59,Dhangadhi Branch,Kailali,ATM,PIN Change,Debit Card,Savings,0.0,00,Approved,Success,23,Male,1118
TXN0001989,2024-05-01,13:19:17,Hetauda Branch,Makwanpur,Internet Banking,Balance Inquiry,N/A,Savings,0.0,91,Issuer Unavailable,Timeout,44,Female,354
TXN0001990,2024-05-01,14:18:30,Bharatpur Branch,Chitwan,ATM,PIN Change,Credit Card,Savings,0.0,00,Approved,Success,27,Male,940
TXN0001991,2024-05-01,15:46:36,Kathmandu Main,Kathmandu,ATM,PIN Change,Debit Card,Savings,0.0,00,Approved,Success,51,Female,1958
TXN0001992,2024-05-01,17:04:03,Itahari Branch,Sunsari,ATM,Cash Withdrawal,Debit Card,Savings,10000.0,00,Approved,Success,37,Male,1196
TXN0001993,2024-05-01,17:42:35,Nepalgunj Branch,Banke,POS,Refund,Credit Card,Savings,7655.44,00,Approved,Success,29,Male,676
TXN0001994,2024-05-01,19:42:24,Dhangadhi Branch,Kailali,POS,Refund,Debit Card,Savings,9789.15,00,Approved,Success,35,Male,241
TXN0001995,2024-05-01,19:58:33,Bhaktapur Branch,Bhaktapur,POS,Refund,Debit Card,Current,9880.75,51,Insufficient Funds,Reversed,56,Male,1078
TXN0001996,2024-05-01,20:20:35,New Baneshwor,Kathmandu,ATM,Mini Statement,Debit Card,Savings,0.0,00,Approved,Success,45,Female,513
TXN0001997,2024-05-02,03:20:26,Pokhara Lakeside,Kaski,Internet Banking,Fund Transfer,N/A,Savings,91993.64,00,Approved,Success,34,Female,987
TXN0001998,2024-05-02,07:10:55,Birgunj Branch,Parsa,ATM,Cash Withdrawal,Debit Card,Savings,8000.0,00,Approved,Success,43,Female,857
TXN0001999,2024-05-02,08:25:55,Nepalgunj Branch,Banke,Mobile Banking,Bill Payment,N/A,Savings,7872.04,55,Incorrect PIN,Timeout,28,Female,692
TXN0002000,2024-05-02,08:30:37,Kathmandu Main,Kathmandu,Mobile Banking,Bill Payment,N/A,Savings,2745.86,00,Approved,Success,,Male,833
TXN0002001,2024-05-02,09:37:37,Bhaktapur Branch,Bhaktapur,POS,Refund,Debit Card,Current,9493.2,91,Issuer Unavailable,Failed,23,Female,628
TXN0002002,2024-05-02,10:00:39,Lalitpur Branch,Lalitpur,POS,Refund,Debit Card,Current,6007.72,00,Approved,Success,26,Male,582
TXN0002003,2024-05-02,11:33:25,Bhaktapur Branch,Bhaktapur,ATM,PIN Change,Debit Card,Savings,0.0,00,Approved,Success,34,Male,1482
TXN0002003,2024-05-02,11:33:25,Bhaktapur Branch,Bhaktapur,ATM,PIN Change,Debit Card,Savings,0.0,00,Approved,Success,34,Male,1482
TXN0002004,2024-05-02,11:49:24,Hetauda Branch,Makwanpur,ATM,Balance Inquiry,Credit Card,Savings,0.0,55,Incorrect PIN,Failed,30,Female,604
TXN0002005,2024-05-02,11:49:33,Janakpur Branch,Dhanusha,Mobile Banking,Fund Transfer,N/A,Savings,94269.92,55,Incorrect PIN,Timeout,46,Female,880
TXN0002006,2024-05-02,12:05:31,Bharatpur Branch,Chitwan,Mobile Banking,Fund Transfer,N/A,Savings,92402.1,00,Approved,Success,40,Female,808
TXN0002007,2024-05-02,12:25:19,Birgunj Branch,Parsa,ATM,PIN Change,Debit Card,Savings,0.0,00,Approved,Success,44,Male,1415
TXN0002008,2024-05-02,16:39:49,Dhangadhi Branch,Kailali,Mobile Banking,Mobile Top-up,N/A,Savings,100.0,00,Approved,Success,35,Male,159
TXN0002009,2024-05-02,17:14:40,Bhaktapur Branch,Bhaktapur,ATM,PIN Change,Debit Card,Savings,0.0,00,Approved,Success,30,Male,1509
TXN0002010,2024-05-02,23:57:18,Kathmandu Main,Kathmandu,ATM,PIN Change,Debit Card,Current,0.0,00,Approved,Success,56,Female,1584
TXN0002011,2024-05-03,07:12:02,Bhaktapur Branch,Bhaktapur,ATM,PIN Change,Debit Card,Savings,0.0,00,Approved,Success,50,Male,1616
TXN0002012,2024-05-03,09:59:34,Birgunj Branch,Parsa,ATM,PIN Change,Debit Card,Current,0.0,00,Approved,Success,33,Male,1952
TXN0002013,2024-05-03,10:36:27,Kathmandu Main,Kathmandu,ATM,PIN Change,Debit Card,Savings,0.0,00,Approved,Success,44,Female,523
TXN0002014,2024-05-03,10:56:11,Hetauda Branch,Makwanpur,Mobile Banking,Mobile Top-up,N/A,Savings,100.0,96,System Malfunction,Timeout,28,Female,701
TXN0002015,2024-05-03,11:35:41,Janakpur Branch,Dhanusha,ATM,Balance Inquiry,Debit Card,Savings,0.0,51,Insufficient Funds,Reversed,32,Male,1238
TXN0002016,2024-05-03,12:37:35,Kathmandu Main,Kathmandu,ATM,Balance Inquiry,Debit Card,Savings,0.0,00,Approved,Success,31,Female,1168
TXN0002017,2024-05-03,12:56:20,Janakpur Branch,Dhanusha,Internet Banking,Statement Download,N/A,Savings,0.0,00,Approved,Success,40,Female,244
TXN0002018,2024-05-03,13:08:54,New Baneshwor,Kathmandu,ATM,PIN Change,Debit Card,Savings,0.0,00,Approved,Success,39,Male,1646
TXN0002019,2024-05-03,14:44:13,Biratnagar Main,Morang,Mobile Banking,Balance Inquiry,N/A,Savings,0.0,00,Approved,Success,51,Female,441
TXN0002020,2024-05-03,15:53:08,Nepalgunj Branch,Banke,Internet Banking,Bill Payment,N/A,Savings,7800.2,00,Approved,Success,18,Male,570
TXN0002021,2024-05-03,16:07:55,Dhangadhi Branch,Kailali,ATM,PIN Change,Debit Card,Savings,0.0,00,Approved,Success,28,Female,1351
TXN0002022,2024-05-03,17:59:36,Biratnagar Main,Morang,ATM,Mini Statement,Debit Card,Current,0.0,91,Issuer Unavailable,Reversed,52,Male,1329
TXN0002023,2024-05-04,01:56:12,New Baneshwor,Kathmandu,POS,Refund,Debit Card,Current,7333.96,00,Approved,Success,27,Female,319
TXN0002024,2024-05-04,02:25:29,Bharatpur Branch,Chitwan,ATM,Balance Inquiry,Prepaid Card,Savings,0.0,00,Approved,Success,43,Male,1591
TXN0002025,2024-05-04,06:05:08,New Baneshwor,Kathmandu,POS,Refund,Debit Card,Savings,7481.81,00,Approved,Success,41,Female,586
TXN0002026,2024-05-04,06:19:00,Lalitpur Branch,Lalitpur,Mobile Banking,QR Payment,N/A,Savings,849.02,00,Approved,Success,30,Male,769
TXN0002027,2024-05-04,06:34:19,Nepalgunj Branch,Banke,Internet Banking,Bill Payment,N/A,Savings,867.08,00,Approved,Success,42,Female,710
TXN0002028,2024-05-04,07:51:12,Bhaktapur Branch,Bhaktapur,ATM,Cash Withdrawal,Debit Card,Current,8000.0,00,Approved,Success,32,Male,1351
TXN0002029,2024-05-04,08:05:06,Nepalgunj Branch,Banke,ATM,Cash Withdrawal,Debit Card,Savings,8000.0,00,Approved,Success,35,,1093
TXN0002030,2024-05-04,08:05:29,New Baneshwor,Kathmandu,Mobile Banking,Fund Transfer,N/A,Current,44390.83,00,Approved,Success,53,Male,1047
TXN0002031,2024-05-04,10:00:15,Kathmandu Main,Kathmandu,POS,Refund,Debit Card,Savings,5699.53,00,Approved,Success,26,Male,620
TXN0002032,2024-05-04,11:14:35,Itahari Branch,Sunsari,ATM,Balance Inquiry,Debit Card,Fixed Deposit,0.0,00,Approved,Success,43,Male,1262
TXN0002033,2024-05-04,11:45:37,Janakpur Branch,Dhanusha,Branch Counter,Account Opening,N/A,Savings,0.0,00,Approved,Success,32,Male,446
TXN0002034,2024-05-04,16:32:51,Lalitpur Branch,Lalitpur,ATM,Cash Withdrawal,Debit Card,Savings,2500.0,00,Approved,Success,46,Male,1181
TXN0002034,2024-05-04,16:32:51,Lalitpur Branch,Lalitpur,ATM,Cash Withdrawal,Debit Card,Savings,2500.0,00,Approved,Success,46,Male,1181
TXN0002035,2024-05-04,19:09:27,Biratnagar Main,Morang,Internet Banking,Statement Download,N/A,Fixed Deposit,0.0,00,Approved,Success,33,Male,611
TXN0002036,2024-05-04,21:42:04,Hetauda Branch,Makwanpur,Internet Banking,Fund Transfer,N/A,Current,85766.28,00,Approved,Success,,Female,380
TXN0002037,2024-05-05,02:37:26,Butwal Branch,Rupandehi,Internet Banking,Statement Download,N/A,Savings,0.0,00,Approved,Success,43,Male,775
TXN0002038,2024-05-05,09:15:08,Hetauda Branch,Makwanpur,ATM,Cash Withdrawal,Debit Card,Savings,8000.0,00,Approved,Success,25,Female,869
TXN0002039,2024-05-05,09:28:16,Nepalgunj Branch,Banke,ATM,Mini Statement,Debit Card,Current,0.0,00,Approved,Success,35,Male,1071
TXN0002040,2024-05-05,09:36:20,Butwal Branch,Rupandehi,ATM,Mini Statement,Prepaid Card,Current,0.0,00,Approved,Success,38,Female,1140
TXN0002041,2024-05-05,09:53:31,Bharatpur Branch,Chitwan,Mobile Banking,Mobile Top-up,N/A,Savings,200.0,14,Invalid Card,Timeout,25,Female,593
TXN0002042,2024-05-05,10:47:04,Birgunj Branch,Parsa,Mobile Banking,Mobile Top-up,N/A,Current,100.0,00,Approved,Success,46,Female,598
TXN0002043,2024-05-05,11:10:03,Lalitpur Branch,Lalitpur,Mobile Banking,Balance Inquiry,N/A,Savings,0.0,00,Approved,Success,40,Male,328
TXN0002044,2024-05-05,11:42:15,Birgunj Branch,Parsa,Internet Banking,Statement Download,N/A,Savings,0.0,00,Approved,Success,33,Female,994
TXN0002045,2024-05-05,11:47:47,Biratnagar Main,Morang,ATM,Balance Inquiry,Debit Card,Savings,0.0,00,Approved,Success,33,Male,1221
TXN0002046,2024-05-05,12:22:18,Hetauda Branch,Makwanpur,ATM,Balance Inquiry,Credit Card,Current,0.0,51,Insufficient Funds,Failed,29,Female,664
TXN0002047,2024-05-05,14:00:57,Birgunj Branch,Parsa,Mobile Banking,Balance Inquiry,N/A,Savings,0.0,91,Issuer Unavailable,Reversed,53,Male,638
TXN0002048,2024-05-05,14:16:50,Itahari Branch,Sunsari,Internet Banking,Balance Inquiry,N/A,Current,0.0,00,Approved,Success,43,Female,869
TXN0002049,2024-05-05,14:23:04,Bharatpur Branch,Chitwan,ATM,Balance Inquiry,Debit Card,Savings,0.0,00,Approved,Success,42,Male,1380
TXN0002050,2024-05-05,16:32:53,Bhaktapur Branch,Bhaktapur,Mobile Banking,Mobile Top-up,N/A,Fixed Deposit,100.0,00,Approved,Success,47,Female,744
TXN0002051,2024-05-05,18:49:16,Hetauda Branch,Makwanpur,Mobile Banking,QR Payment,N/A,Savings,4315.19,00,Approved,Success,49,Male,583
TXN0002052,2024-05-05,20:16:46,Kathmandu Main,Kathmandu,Internet Banking,Bill Payment,N/A,Savings,5786.65,00,Approved,Success,32,Female,459
TXN0002053,2024-05-05,22:49:33,Lalitpur Branch,Lalitpur,Mobile Banking,Mobile Top-up,N/A,Current,200.0,91,Issuer Unavailable,Timeout,20,Male,766
TXN0002054,2024-05-05,23:25:35,Dharan Branch,Sunsari,ATM,Cash Withdrawal,Debit Card,Savings,5000.0,00,Approved,Success,18,Female,1287
TXN0002055,2024-05-06,00:46:13,Lalitpur Branch,Lalitpur,ATM,Cash Withdrawal,Credit Card,Savings,1000.0,00,Approved,Success,35,Male,931
TXN0002056,2024-05-06,04:21:27,Butwal Branch,Rupandehi,POS,Refund,Debit Card,Current,9206.74,00,Approved,Success,33,Female,562
TXN0002057,2024-05-06,06:13:06,Bharatpur Branch,Chitwan,Mobile Banking,QR Payment,N/A,Current,500.74,00,Approved,Success,50,Male,1082
TXN0002058,2024-05-06,06:35:57,Lalitpur Branch,Lalitpur,Mobile Banking,QR Payment,N/A,Current,2651.26,00,Approved,Success,18,Male,1026
TXN0002059,2024-05-06,08:29:25,Bhaktapur Branch,Bhaktapur,Internet Banking,Fund Transfer,N/A,Savings,63130.94,00,Approved,Success,54,Male,396
TXN0002060,2024-05-06,09:46:33,Lalitpur Branch,Lalitpur,Branch Counter,Cash Withdrawal,N/A,Savings,500.0,00,Approved,Success,35,Female,169
TXN0002061,2024-05-06,10:38:21,Janakpur Branch,Dhanusha,ATM,Mini Statement,Debit Card,Savings,0.0,00,Approved,Success,35,Male,1098
TXN0002062,2024-05-06,10:42:24,New Baneshwor,Kathmandu,ATM,PIN Change,Debit Card,Current,0.0,00,Approved,Success,20,Male,1647
TXN0002063,2024-05-06,11:01:13,Itahari Branch,Sunsari,Mobile Banking,Balance Inquiry,N/A,Savings,0.0,00,Approved,Success,33,Female,977
TXN0002064,2024-05-06,11:46:07,  Kathmandu Main  ,Kathmandu,Mobile Banking,Mobile Top-up,N/A,Current,100.0,00,Approved,Success,41,Female,134
TXN0002065,2024-05-06,12:44:25,Janakpur Branch,Dhanusha,POS,Purchase,Debit Card,Savings,14952.24,55,Incorrect PIN,Reversed,39,Female,396
TXN0002066,2024-05-06,13:01:30,Bhaktapur Branch,Bhaktapur,POS,Purchase,Debit Card,Savings,10426.6,00,Approved,Success,23,Female,665
TXN0002067,2024-05-06,14:31:17,NEPALGUNJ BRANCH,Banke,Mobile Banking,QR Payment,N/A,Savings,1398.17,00,Approved,Success,42,Male,931
TXN0002068,2024-05-06,16:15:19,New Baneshwor,Kathmandu,Mobile Banking,Balance Inquiry,N/A,Current,0.0,00,Approved,Success,33,Male,590
TXN0002069,2024-05-06,17:19:39,Lalitpur Branch,Lalitpur,ATM,Mini Statement,Debit Card,Current,0.0,51,Insufficient Funds,Timeout,38,Male,1818
TXN0002070,2024-05-07,09:11:03,Lalitpur Branch,Lalitpur,ATM,Balance Inquiry,Debit Card,Savings,0.0,00,Approved,Success,43,Male,1183
TXN0002071,2024-05-07,09:46:53,Bhaktapur Branch,Bhaktapur,POS,Refund,Debit Card,Savings,8608.57,00,Approved,Success,31,Female,454
TXN0002072,2024-05-07,10:44:08,Pokhara Lakeside,Kaski,ATM,Mini Statement,Debit Card,Savings,0.0,00,Approved,Success,40,Male,1148
TXN0002073,2024-05-07,10:55:53,Bhaktapur Branch,Bhaktapur,ATM,Mini Statement,Debit Card,Savings,0.0,00,Approved,Success,54,Male,1379
TXN0002074,2024-05-07,11:53:37,Biratnagar Main,Morang,ATM,Balance Inquiry,Credit Card,Savings,0.0,00,Approved,Success,47,Female,1826
TXN0002075,2024-05-07,12:06:38,Birgunj Branch,Parsa,ATM,PIN Change,Debit Card,Savings,0.0,00,Approved,Success,36,Male,1669
TXN0002076,2024-05-07,12:18:52,Birgunj Branch,Parsa,ATM,PIN Change,Debit Card,Savings,0.0,00,Approved,Success,24,Female,859
TXN0002077,2024-05-07,12:19:31,Lalitpur Branch,Lalitpur,Branch Counter,Cash Withdrawal,N/A,Savings,15000.0,00,Approved,Success,37,Female,736
TXN0002078,2024-05-07,13:43:56,Dharan Branch,Sunsari,Mobile Banking,Mobile Top-up,N/A,Savings,50.0,00,Approved,Success,49,Male,437
TXN0002079,2024-05-07,14:18:46,Biratnagar Main,Morang,POS,Refund,Debit Card,Savings,735.24,00,Approved,Success,37,Female,676
TXN0002080,2024-05-07,14:50:50,Dharan Branch,Sunsari,ATM,Mini Statement,Debit Card,Savings,0.0,00,Approved,Success,38,Male,1505
TXN0002081,2024-05-07,14:53:06,Lalitpur Branch,Lalitpur,POS,Refund,Credit Card,Current,686.42,00,Approved,Success,36,Male,274
TXN0002082,2024-05-07,16:05:17,Nepalgunj Branch,Banke,POS,Refund,Debit Card,Savings,5264.61,00,Approved,Success,40,Male,477
TXN0002083,2024-05-07,16:24:01,Butwal Branch,Rupandehi,Mobile Banking,Bill Payment,N/A,Fixed Deposit,5021.45,00,Approved,Success,20,Male,862
TXN0002084,2024-05-07,16:29:43,Butwal Branch,Rupandehi,Mobile Banking,QR Payment,N/A,Fixed Deposit,2300.37,00,Approved,Success,52,Female,781
TXN0002085,2024-05-07,17:26:20,Dharan Branch,Sunsari,POS,Purchase,Debit Card,Savings,3021.7,00,Approved,Success,25,Male,581
TXN0002086,2024-05-07,18:13:04,Biratnagar Main,Morang,ATM,Mini Statement,Credit Card,Savings,0.0,00,Approved,Success,18,Female,1210
TXN0002087,2024-05-07,18:24:23,Butwal Branch,Rupandehi,Internet Banking,Fund Transfer,N/A,Current,82452.13,00,Approved,Success,21,Male,760
TXN0002088,2024-05-07,19:22:21,Dharan Branch,Sunsari,Mobile Banking,Bill Payment,N/A,Savings,4411.26,00,Approved,Success,38,Male,749
TXN0002089,2024-05-07,22:10:08,Pokhara Lakeside,Kaski,POS,Purchase,Debit Card,Current,7370.35,91,Issuer Unavailable,Timeout,57,Male,140
TXN0002090,2024-05-08,03:08:00,Bharatpur Branch,Chitwan,Mobile Banking,Balance Inquiry,N/A,Savings,0.0,61,Exceeds Withdrawal Limit,Failed,30,Male,905
TXN0002091,2024-05-08,07:07:00,Lalitpur Branch,Lalitpur,Mobile Banking,Balance Inquiry,N/A,Fixed Deposit,0.0,00,Approved,Success,32,Female,623
TXN0002092,2024-05-08,07:43:52,Dhangadhi Branch,Kailali,ATM,Mini Statement,Prepaid Card,Savings,0.0,00,Approved,Success,30,Male,1527
TXN0002093,2024-05-08,09:18:25,Bharatpur Branch,Chitwan,POS,Purchase,Debit Card,Savings,11097.16,55,Incorrect PIN,Reversed,50,Male,902
TXN0002094,2024-05-08,10:15:43,New Baneshwor,Kathmandu,Mobile Banking,QR Payment,N/A,Savings,2857.29,51,Insufficient Funds,Failed,29,Female,319
TXN0002095,2024-05-08,10:28:21,Birgunj Branch,Parsa,ATM,PIN Change,Prepaid Card,Savings,0.0,00,Approved,Success,48,Male,1526
TXN0002096,2024-05-08,11:08:34,Bharatpur Branch,Chitwan,Internet Banking,Bill Payment,N/A,Savings,2369.46,00,Approved,Success,18,Female,1074
TXN0002097,2024-05-08,11:36:26,Dhangadhi Branch,Kailali,POS,Refund,Credit Card,Savings,9955.11,00,Approved,Success,36,Male,748
TXN0002098,2024-05-08,12:05:40,Itahari Branch,Sunsari,Internet Banking,Fund Transfer,N/A,Savings,88200.09,00,Approved,Success,45,Female,480
TXN0002099,2024-05-08,12:24:58,Bharatpur Branch,Chitwan,ATM,Balance Inquiry,Debit Card,Savings,0.0,91,Issuer Unavailable,Failed,44,Female,1213
TXN0002100,2024-05-08,13:11:14,Lalitpur Branch,Lalitpur,Internet Banking,Bill Payment,N/A,Savings,7144.39,96,System Malfunction,Reversed,41,Male,917
TXN0002101,2024-05-08,14:17:05,Bharatpur Branch,Chitwan,POS,Refund,Prepaid Card,Savings,6401.56,00,Approved,Success,18,Male,320
TXN0002102,2024-05-08,14:55:31,Biratnagar Main,Morang,Branch Counter,Cash Deposit,N/A,Savings,5153.23,00,Approved,Success,38,Male,560
TXN0002103,2024-05-08,14:59:07,Hetauda Branch,Makwanpur,Mobile Banking,QR Payment,N/A,Savings,1733.1,00,Approved,Success,39,Female,337
TXN0002104,2024-05-08,15:15:40,Pokhara Lakeside,Kaski,POS,Refund,Debit Card,Savings,3048.93,00,Approved,Success,44,Male,212
TXN0002105,2024-05-08,16:14:40,Bharatpur Branch,Chitwan,Mobile Banking,QR Payment,N/A,Savings,418.48,91,Issuer Unavailable,Failed,43,Male,942
TXN0002106,2024-05-08,16:43:25,Dhangadhi Branch,Kailali,POS,Refund,Debit Card,Savings,2951.53,00,Approved,Success,38,Female,566
TXN0002107,2024-05-08,16:58:47,Hetauda Branch,Makwanpur,ATM,Balance Inquiry,Debit Card,Savings,0.0,00,Approved,Success,46,Male,1584
TXN0002108,2024-05-08,17:27:27,Birgunj Branch,Parsa,ATM,Mini Statement,Prepaid Card,Savings,0.0,00,Approved,Success,18,Female,562
TXN0002109,2024-05-08,18:08:03,Kathmandu Main,Kathmandu,Mobile Banking,Bill Payment,N/A,Savings,2065.83,14,Invalid Card,Timeout,26,Male,679
TXN0002110,2024-05-08,23:27:01,Hetauda Branch,Makwanpur,ATM,Balance Inquiry,Debit Card,Savings,0.0,00,Approved,Success,23,Female,847
TXN0002111,2024-05-09,07:28:25,Pokhara Lakeside,Kaski,ATM,PIN Change,Debit Card,Savings,0.0,00,Approved,Success,41,Female,1506
TXN0002112,2024-05-09,07:33:42,Biratnagar Main,Morang,Mobile Banking,Balance Inquiry,N/A,Fixed Deposit,0.0,00,Approved,Success,32,Male,274
TXN0002113,2024-05-09,07:51:20,Dhangadhi Branch,Kailali,Mobile Banking,Balance Inquiry,N/A,Current,0.0,00,Approved,Success,45,Male,549
TXN0002114,2024-05-09,13:27:37,Dhangadhi Branch,Kailali,Internet Banking,Balance Inquiry,N/A,Current,0.0,00,Approved,Success,24,Female,722
TXN0002115,2024-05-09,13:37:46,Nepalgunj Branch,Banke,ATM,PIN Change,Debit Card,Savings,0.0,00,Approved,Success,36,Male,1204
TXN0002116,2024-05-09,13:38:38,Lalitpur Branch,Lalitpur,ATM,Mini Statement,Debit Card,Savings,0.0,00,Approved,Success,75,Female,1271
TXN0002117,2024-05-09,14:05:28,Hetauda Branch,Makwanpur,ATM,Cash Withdrawal,Debit Card,Current,2500.0,00,Approved,Success,32,Female,1034
TXN0002118,2024-05-09,14:36:52,Kathmandu Main,Kathmandu,POS,Purchase,Debit Card,Savings,9660.94,00,Approved,Success,53,Female,589
TXN0002119,2024-05-09,15:05:42,Janakpur Branch,Dhanusha,ATM,Balance Inquiry,Debit Card,Savings,0.0,00,Approved,Success,18,Female,1034
TXN0002120,2024-05-09,16:19:47,Bhaktapur Branch,Bhaktapur,ATM,Cash Withdrawal,Credit Card,Savings,20000.0,00,Approved,Success,24,Female,1693
TXN0002121,2024-05-09,16:50:53,Bharatpur Branch,Chitwan,ATM,Mini Statement,Debit Card,Savings,0.0,00,Approved,Success,36,Male,465
TXN0002122,2024-05-09,18:01:55,Bhaktapur Branch,Bhaktapur,Internet Banking,Fund Transfer,N/A,Current,47881.72,00,Approved,Success,25,Female,528
TXN0002123,2024-05-09,18:16:52,Kathmandu Main,Kathmandu,ATM,Cash Withdrawal,Debit Card,Current,10000.0,00,Approved,Success,43,Male,1636
TXN0002124,2024-05-09,18:16:54,DHANGADHI BRANCH,Kailali,ATM,Cash Withdrawal,Credit Card,Savings,3000.0,00,Approved,Success,42,Male,1560
TXN0002125,2024-05-10,06:10:31,DHARAN BRANCH,Sunsari,Branch Counter,Account Opening,N/A,Savings,0.0,00,Approved,Success,36,Female,199
TXN0002126,2024-05-10,08:33:34,Janakpur Branch,Dhanusha,Mobile Banking,Mobile Top-up,N/A,Savings,50.0,00,Approved,Success,38,Female,632
TXN0002127,2024-05-10,09:10:10,Biratnagar Main,Morang,ATM,PIN Change,Prepaid Card,Savings,0.0,00,Approved,Success,29,Male,1980
TXN0002128,2024-05-10,09:57:04,Pokhara Lakeside,Kaski,Branch Counter,Account Opening,N/A,Current,0.0,00,Approved,Success,48,Female,867
TXN0002129,2024-05-10,10:53:28,Birgunj Branch,Parsa,ATM,Cash Withdrawal,Debit Card,Savings,3000.0,00,Approved,Success,34,Male,554
TXN0002130,2024-05-10,11:28:49,Biratnagar Main,Morang,ATM,Balance Inquiry,Debit Card,Savings,0.0,00,Approved,Success,22,Female,1228
TXN0002131,2024-05-10,13:21:10,Itahari Branch,Sunsari,POS,Refund,Debit Card,Savings,6276.42,55,Incorrect PIN,Failed,47,Male,810
TXN0002132,2024-05-10,13:32:54,Butwal Branch,Rupandehi,POS,Purchase,Debit Card,Savings,10120.07,00,Approved,Success,35,Female,406
TXN0002133,2024-05-10,13:41:52,Bharatpur Branch,Chitwan,Mobile Banking,Bill Payment,N/A,Savings,7665.95,00,Approved,Success,23,Female,332
TXN0002134,2024-05-10,13:50:06,Butwal Branch,Rupandehi,ATM,Mini Statement,Credit Card,Savings,0.0,00,Approved,Success,31,Male,1395
TXN0002135,2024-05-10,14:43:10,Bharatpur Branch,Chitwan,Internet Banking,Statement Download,N/A,Savings,0.0,00,Approved,Success,46,Male,337
TXN0002136,2024-05-10,14:52:39,Itahari Branch,Sunsari,ATM,Balance Inquiry,Debit Card,Savings,0.0,00,Approved,Success,29,Female,1022
TXN0002137,2024-05-10,15:53:32,Bharatpur Branch,Chitwan,POS,Purchase,Prepaid Card,Savings,14968.13,00,Approved,Success,39,Male,668
TXN0002138,2024-05-11,06:54:01,Bharatpur Branch,Chitwan,ATM,PIN Change,Prepaid Card,Savings,0.0,00,Approved,Success,26,Female,867
TXN0002139,2024-05-11,07:42:36,Janakpur Branch,Dhanusha,ATM,PIN Change,Debit Card,Savings,0.0,00,Approved,Success,18,Female,1137
TXN0002140,2024-05-11,08:09:46,BUTWAL BRANCH,Rupandehi,ATM,Balance Inquiry,Debit Card,Savings,0.0,00,Approved,Success,32,Female,1104
TXN0002141,2024-05-11,09:54:45,Itahari Branch,Sunsari,Branch Counter,Fund Transfer,N/A,Savings,92457.94,00,Approved,Success,39,Male,634
TXN0002142,2024-05-11,10:07:28,Bhaktapur Branch,Bhaktapur,ATM,Balance Inquiry,Debit Card,Savings,0.0,00,Approved,Success,44,Male,1985
TXN0002143,2024-05-11,10:56:30,Birgunj Branch,Parsa,Mobile Banking,Bill Payment,N/A,Savings,9675.29,51,Insufficient Funds,Reversed,30,Female,344
TXN0002144,2024-05-11,11:18:42,Biratnagar Main,Morang,ATM,Cash Withdrawal,Debit Card,Savings,15000.0,00,Approved,Success,36,Female,1692
TXN0002145,2024-05-11,11:54:07,Dharan Branch,Sunsari,Mobile Banking,Balance Inquiry,N/A,Current,0.0,00,Approved,Success,23,Female,741
TXN0002146,2024-05-11,12:09:21,Hetauda Branch,Makwanpur,POS,Refund,Debit Card,Savings,3984.99,00,Approved,Success,25,Female,369
TXN0002147,2024-05-11,12:41:11,Butwal Branch,Rupandehi,Mobile Banking,Balance Inquiry,N/A,Savings,0.0,00,Approved,Success,33,Female,665
TXN0002148,2024-05-11,12:43:06,New Baneshwor,Kathmandu,ATM,Cash Withdrawal,Prepaid Card,Savings,500.0,00,Approved,Success,18,Male,1114
TXN0002149,2024-05-11,13:37:44,Biratnagar Main,Morang,ATM,PIN Change,Debit Card,Savings,0.0,00,Approved,Success,41,Female,616
TXN0002150,2024-05-11,13:54:56,Pokhara Lakeside,Kaski,ATM,Mini Statement,Debit Card,Savings,0.0,00,Approved,Success,59,Female,1086
TXN0002151,2024-05-11,14:22:00,Butwal Branch,Rupandehi,Mobile Banking,QR Payment,N/A,Savings,2652.03,00,Approved,Success,40,Male,741
TXN0002152,2024-05-11,16:33:04,Nepalgunj Branch,Banke,ATM,Balance Inquiry,Debit Card,Savings,0.0,51,Insufficient Funds,Failed,32,Female,1390
TXN0002153,2024-05-11,17:26:54,Lalitpur Branch,Lalitpur,ATM,Mini Statement,Debit Card,Current,0.0,00,Approved,Success,30,,1240
TXN0002154,2024-05-11,18:08:19,Nepalgunj Branch,Banke,Mobile Banking,QR Payment,N/A,Fixed Deposit,3724.31,00,Approved,Success,47,Male,579
TXN0002155,2024-05-11,18:29:22,Bhaktapur Branch,Bhaktapur,ATM,Balance Inquiry,Debit Card,Savings,0.0,00,Approved,Success,36,Female,1374
TXN0002156,2024-05-11,22:18:22,Lalitpur Branch,Lalitpur,ATM,PIN Change,Debit Card,Savings,0.0,00,Approved,Success,19,Male,930
TXN0002157,2024-05-12,08:09:15,Lalitpur Branch,Lalitpur,ATM,Balance Inquiry,Credit Card,Savings,0.0,00,Approved,Success,26,Female,1006
TXN0002157,2024-05-12,08:09:15,Lalitpur Branch,Lalitpur,ATM,Balance Inquiry,Credit Card,Savings,0.0,00,Approved,Success,26,Female,1006
TXN0002158,2024-05-12,08:49:25,Bharatpur Branch,Chitwan,Internet Banking,Statement Download,N/A,Savings,0.0,00,Approved,Success,49,Female,477
TXN0002159,2024-05-12,09:00:25,New Baneshwor,Kathmandu,ATM,Mini Statement,Debit Card,Current,0.0,00,Approved,Success,20,Male,1520
TXN0002160,2024-05-12,09:53:02,Hetauda Branch,Makwanpur,POS,Purchase,Debit Card,Savings,1464.84,00,Approved,Success,27,Male,704
TXN0002161,2024-05-12,10:25:42,Bharatpur Branch,Chitwan,ATM,Mini Statement,Debit Card,Savings,0.0,96,System Malfunction,Failed,26,Female,967
TXN0002162,2024-05-12,11:21:38,Bhaktapur Branch,Bhaktapur,Mobile Banking,Mobile Top-up,N/A,Savings,100.0,00,Approved,Success,29,Male,776
TXN0002163,2024-05-12,12:40:37,Birgunj Branch,Parsa,ATM,Cash Withdrawal,Debit Card,Savings,8000.0,00,Approved,Success,18,Female,1521
TXN0002164,2024-05-12,12:47:30,Itahari Branch,Sunsari,Mobile Banking,Fund Transfer,N/A,Savings,33833.63,00,Approved,Success,25,Female,901
TXN0002165,2024-05-12,13:59:41,Itahari Branch,Sunsari,ATM,PIN Change,Debit Card,Savings,0.0,00,Approved,Success,35,Female,1154
TXN0002165,2024-05-12,13:59:41,Itahari Branch,Sunsari,ATM,PIN Change,Debit Card,Savings,0.0,00,Approved,Success,35,Female,1154
TXN0002166,2024-05-12,14:31:25,New Baneshwor,Kathmandu,Mobile Banking,Fund Transfer,N/A,Current,93237.41,00,Approved,Success,58,Female,699
TXN0002167,2024-05-12,16:45:17,Butwal Branch,Rupandehi,Mobile Banking,Mobile Top-up,N/A,Savings,1000.0,00,Approved,Success,18,Female,813
TXN0002168,2024-05-12,18:24:45,Hetauda Branch,Makwanpur,ATM,Cash Withdrawal,Debit Card,Savings,20000.0,00,Approved,Success,18,Male,1660
TXN0002169,2024-05-12,18:42:43,Janakpur Branch,Dhanusha,pos,Refund,Debit Card,Current,9636.28,00,Approved,Success,41,Female,844
TXN0002170,2024-05-12,18:47:13,Birgunj Branch,Parsa,ATM,PIN Change,Debit Card,Savings,0.0,00,Approved,Success,54,Male,1545
TXN0002171,2024-05-12,20:42:24,Itahari Branch,Sunsari,ATM,Cash Withdrawal,Debit Card,Savings,8000.0,00,Approved,Success,18,Male,1208
TXN0002172,2024-05-12,21:55:49,Dharan Branch,Sunsari,ATM,Balance Inquiry,Debit Card,Savings,0.0,00,Approved,Success,18,Male,554
TXN0002173,2024-05-12,23:28:26,Hetauda Branch,Makwanpur,Mobile Banking,Mobile Top-up,N/A,Savings,100.0,00,Approved,Success,40,Female,877
TXN0002174,2024-05-13,01:50:11,Janakpur Branch,Dhanusha,ATM,Mini Statement,Credit Card,Current,0.0,51,Insufficient Funds,Timeout,28,Female,1609
TXN0002175,2024-05-13,05:58:41,Biratnagar Main,Morang,ATM,Cash Withdrawal,Debit Card,Savings,3000.0,00,Approved,Success,30,Female,805
TXN0002176,2024-05-13,06:21:16,Nepalgunj Branch,Banke,POS,Purchase,Debit Card,Savings,4572.34,00,Approved,Success,44,Male,860
TXN0002177,2024-05-13,06:52:07,Nepalgunj Branch,Banke,Mobile Banking,Mobile Top-up,N/A,Current,50.0,00,Approved,Success,45,Male,685
TXN0002178,2024-05-13,09:18:18,Lalitpur Branch,Lalitpur,Mobile Banking,Mobile Top-up,N/A,Current,100.0,00,Approved,Success,49,Male,602
TXN0002179,2024-05-13,11:16:04,Butwal Branch,Rupandehi,Mobile Banking,Mobile Top-up,N/A,Savings,1000.0,00,Approved,Success,40,Female,711
TXN0002180,2024-05-13,11:47:01,Janakpur Branch,Dhanusha,ATM,PIN Change,Debit Card,Current,0.0,00,Approved,Success,32,Male,944
TXN0002181,2024-05-13,12:02:11,Kathmandu Main,Kathmandu,POS,Purchase,Prepaid Card,Fixed Deposit,13213.87,00,Approved,Success,18,Female,750
TXN0002182,2024-05-13,12:08:27,Biratnagar Main,Morang,Mobile Banking,QR Payment,N/A,Savings,2254.92,00,Approved,Success,59,Female,576
TXN0002183,2024-05-13,12:51:53,Dharan Branch,Sunsari,Mobile Banking,Fund Transfer,N/A,Current,7200.39,00,Approved,Success,31,Female,632
TXN0002184,2024-05-13,13:45:13,Dhangadhi Branch,Kailali,Internet Banking,Balance Inquiry,N/A,Savings,0.0,00,Approved,Success,40,Female,459
TXN0002185,2024-05-13,14:06:28,Bharatpur Branch,Chitwan,ATM,Balance Inquiry,Debit Card,Savings,0.0,55,Incorrect PIN,Reversed,36,Male,1171
TXN0002186,2024-05-13,16:09:55,Bharatpur Branch,Chitwan,ATM,Cash Withdrawal,Debit Card,Savings,20000.0,00,Approved,Success,35,Male,1316
TXN0002187,2024-05-13,16:18:09,Dhangadhi Branch,Kailali,ATM,Mini Statement,Prepaid Card,Savings,0.0,00,Approved,Success,28,Female,1406
TXN0002188,2024-05-13,16:23:16,Bharatpur Branch,Chitwan,ATM,Mini Statement,Debit Card,Savings,0.0,00,Approved,Success,45,Female,963
TXN0002189,2024-05-13,16:45:45,New Baneshwor,Kathmandu,Mobile Banking,Fund Transfer,N/A,Savings,88441.49,00,Approved,Success,36,Female,866
TXN0002190,2024-05-13,23:40:02,Bharatpur Branch,Chitwan,Branch Counter,Cash Deposit,N/A,Savings,114720.92,00,Approved,Success,34,Male,425
TXN0002191,2024-05-13,23:49:34,Janakpur Branch,Dhanusha,ATM,PIN Change,Debit Card,Savings,0.0,51,Insufficient Funds,Reversed,44,Male,265
TXN0002192,2024-05-14,04:14:06,Dhangadhi Branch,Kailali,POS,Refund,Debit Card,Savings,2269.06,00,Approved,Success,18,Female,612
TXN0002193,2024-05-14,11:25:06,Nepalgunj Branch,Banke,ATM,Balance Inquiry,Debit Card,Savings,0.0,55,Incorrect PIN,Reversed,18,Male,1919
TXN0002194,2024-05-14,12:42:30,Bhaktapur Branch,Bhaktapur,Mobile Banking,Balance Inquiry,N/A,Current,0.0,00,Approved,Success,18,Male,699
TXN0002195,2024-05-14,13:18:19,Bharatpur Branch,Chitwan,ATM,Balance Inquiry,Prepaid Card,Savings,0.0,00,Approved,Success,28,Male,220
TXN0002196,2024-05-14,14:43:06,Bharatpur Branch,Chitwan,POS,Refund,Debit Card,Savings,1639.99,00,Approved,Success,30,Male,613
TXN0002197,2024-05-14,16:45:44,Biratnagar Main,Morang,POS,Refund,Debit Card,Savings,8020.99,00,Approved,Success,34,Female,852
TXN0002198,2024-05-14,17:03:38,Hetauda Branch,Makwanpur,POS,Refund,Debit Card,Savings,687.91,55,Incorrect PIN,Failed,43,Male,593
TXN0002199,2024-05-14,19:05:48,Bhaktapur Branch,Bhaktapur,Mobile Banking,QR Payment,N/A,Current,716.75,00,Approved,Success,21,Female,791
TXN0002200,2024-05-14,21:37:14,Butwal Branch,Rupandehi,POS,Refund,Debit Card,Savings,1596.19,00,Approved,Success,49,Female,811
TXN0002201,2024-05-15,05:09:03,Birgunj Branch,Parsa,POS,Refund,Credit Card,Savings,4963.62,55,Incorrect PIN,Timeout,45,Female,308
TXN0002202,2024-05-15,08:09:49,Itahari Branch,Sunsari,ATM,PIN Change,Debit Card,Savings,0.0,00,Approved,Success,45,Male,1124
TXN0002203,2024-05-15,08:33:55,Hetauda Branch,Makwanpur,Internet Banking,Balance Inquiry,N/A,Savings,0.0,00,Approved,Success,38,Female,743
TXN0002204,2024-05-15,11:28:48,Birgunj Branch,Parsa,Mobile Banking,Mobile Top-up,N/A,Savings,50.0,00,Approved,Success,40,Male,898
TXN0002204,2024-05-15,11:28:48,Birgunj Branch,Parsa,Mobile Banking,Mobile Top-up,N/A,Savings,50.0,00,Approved,Success,40,Male,898
TXN0002205,2024-05-15,11:45:28,Lalitpur Branch,Lalitpur,ATM,Cash Withdrawal,Prepaid Card,Savings,20000.0,00,Approved,Success,47,Female,997
TXN0002206,2024-05-15,12:02:52,Hetauda Branch,Makwanpur,Internet Banking,Bill Payment,N/A,Savings,413.89,00,Approved,Success,34,Male,601
TXN0002207,2024-05-15,13:32:22,Lalitpur Branch,Lalitpur,Mobile Banking,Balance Inquiry,N/A,Fixed Deposit,0.0,00,Approved,Success,26,Male,434
TXN0002208,2024-05-15,13:34:16,Birgunj Branch,Parsa,POS,Refund,Credit Card,Savings,4664.22,00,Approved,Success,26,Female,640
TXN0002209,2024-05-15,13:44:19,Bhaktapur Branch,Bhaktapur,ATM,PIN Change,Credit Card,Savings,0.0,00,Approved,Success,30,Male,748
TXN0002210,2024-05-15,19:35:55,Pokhara Lakeside,Kaski,ATM,PIN Change,Debit Card,Savings,0.0,00,Approved,Success,28,Female,1916
TXN0002211,2024-05-15,19:40:57,New Baneshwor,Kathmandu,POS,Refund,Debit Card,Savings,5744.69,00,Approved,Success,34,Female,537
TXN0002212,2024-05-15,23:33:36,Butwal Branch,Rupandehi,ATM,Mini Statement,Debit Card,Savings,0.0,00,Approved,Success,,Female,787
TXN0002213,2024-05-16,04:09:10,Hetauda Branch,Makwanpur,Mobile Banking,Balance Inquiry,N/A,Savings,0.0,00,Approved,Success,44,Male,617
TXN0002214,2024-05-16,04:13:37,New Baneshwor,Kathmandu,Mobile Banking,Balance Inquiry,N/A,Current,0.0,00,Approved,Success,22,Female,514
TXN0002215,2024-05-16,10:38:45,New Baneshwor,Kathmandu,Mobile Banking,Mobile Top-up,N/A,Savings,100.0,00,Approved,Success,32,Female,692
TXN0002216,2024-05-16,11:39:38,Bhaktapur Branch,Bhaktapur,Mobile Banking,Bill Payment,N/A,Savings,10440.7,00,Approved,Success,38,Male,462
TXN0002217,2024-05-16,12:19:44,Kathmandu Main,Kathmandu,Mobile Banking,Fund Transfer,N/A,Savings,31107.38,00,Approved,Success,26,Male,513
TXN0002218,2024-05-16,13:47:13,Bhaktapur Branch,Bhaktapur,POS,Purchase,Debit Card,Savings,847.0,00,Approved,Success,18,Male,656
TXN0002219,2024-05-16,15:33:58,Birgunj Branch,Parsa,Mobile Banking,Mobile Top-up,N/A,Savings,500.0,00,Approved,Success,30,Female,912
TXN0002220,2024-05-16,15:59:59,Birgunj Branch,Parsa,ATM,Balance Inquiry,Debit Card,Current,0.0,00,Approved,Success,51,Female,307
TXN0002221,2024-05-16,16:52:55,Dhangadhi Branch,Kailali,Internet Banking,Fund Transfer,N/A,Savings,65839.75,00,Approved,Success,55,Male,872
TXN0002222,2024-05-16,18:16:03,Kathmandu Main,Kathmandu,Mobile Banking,QR Payment,N/A,Savings,2439.17,00,Approved,Success,29,Male,872
TXN0002223,2024-05-17,08:43:50,Hetauda Branch,Makwanpur,POS,Purchase,Debit Card,Savings,4865.67,55,Incorrect PIN,Reversed,36,Male,412
TXN0002224,2024-05-17,09:28:58,Dharan Branch,Sunsari,Mobile Banking,Fund Transfer,N/A,Savings,74472.88,00,Approved,Success,33,Female,359
TXN0002225,2024-05-17,09:36:21,Butwal Branch,Rupandehi,ATM,Balance Inquiry,Prepaid Card,Current,0.0,00,Approved,Success,41,Female,1484
TXN0002226,2024-05-17,10:00:48,Bhaktapur Branch,Bhaktapur,ATM,Mini Statement,Debit Card,Savings,0.0,00,Approved,Success,56,Female,1865
TXN0002227,2024-05-17,10:58:00,Biratnagar Main,Morang,ATM,Cash Withdrawal,Credit Card,Current,15000.0,00,Approved,Success,22,Female,1034
TXN0002228,2024-05-17,12:32:23,Bhaktapur Branch,Bhaktapur,Mobile Banking,Fund Transfer,N/A,Current,33833.6,00,Approved,Success,25,Male,570
TXN0002229,2024-05-17,12:33:49,Pokhara Lakeside,Kaski,POS,Purchase,Debit Card,Current,12142.21,00,Approved,Success,43,Male,361
TXN0002230,2024-05-17,12:33:50,Biratnagar Main,Morang,Mobile Banking,QR Payment,N/A,Savings,753.2,00,Approved,Success,36,Female,249
TXN0002231,2024-05-17,12:36:09,Birgunj Branch,Parsa,Mobile Banking,QR Payment,N/A,Savings,155.17,00,Approved,Success,28,Female,404
TXN0002232,2024-05-17,13:12:17,Kathmandu Main,Kathmandu,Internet Banking,Statement Download,N/A,Savings,0.0,00,Approved,Success,36,Female,190
TXN0002233,2024-05-17,13:46:06,Butwal Branch,Rupandehi,Mobile Banking,Balance Inquiry,N/A,Savings,0.0,00,Approved,Success,26,Female,394
TXN0002234,2024-05-17,14:12:13,Butwal Branch,Rupandehi,ATM,Cash Withdrawal,Debit Card,Savings,1000.0,00,Approved,Success,33,Female,174
TXN0002235,2024-05-17,14:55:47,Hetauda Branch,Makwanpur,Mobile Banking,QR Payment,N/A,Savings,3705.24,00,Approved,Success,29,Male,280
TXN0002236,2024-05-17,16:16:19,Bhaktapur Branch,Bhaktapur,Mobile Banking,Mobile Top-up,N/A,Current,200.0,00,Approved,Success,34,Female,1001
TXN0002237,2024-05-18,02:44:58,New Baneshwor,Kathmandu,ATM,PIN Change,Prepaid Card,Savings,0.0,51,Insufficient Funds,Failed,44,Female,1374
TXN0002238,2024-05-18,07:37:50,New Baneshwor,Kathmandu,Internet Banking,Fund Transfer,N/A,Savings,70497.18,00,Approved,Success,54,Male,652
TXN0002239,2024-05-18,09:18:59,Biratnagar Main,Morang,ATM,Cash Withdrawal,Debit Card,Savings,3000.0,55,Incorrect PIN,Reversed,36,Female,1283
TXN0002240,2024-05-18,09:55:07,Kathmandu Main,Kathmandu,Mobile Banking,Fund Transfer,N/A,Savings,73556.37,00,Approved,Success,23,Male,687
TXN0002241,2024-05-18,12:47:24,Itahari Branch,Sunsari,Mobile Banking,Mobile Top-up,N/A,Savings,1000.0,00,Approved,Success,38,Female,333
TXN0002242,2024-05-18,13:19:22,Bharatpur Branch,Chitwan,ATM,Cash Withdrawal,Debit Card,Fixed Deposit,8000.0,00,Approved,Success,46,Male,1034
TXN0002243,2024-05-18,17:01:15,Butwal Branch,Rupandehi,ATM,Cash Withdrawal,Debit Card,Savings,15000.0,00,Approved,Success,31,Female,1076
TXN0002244,2024-05-18,17:50:02,Hetauda Branch,Makwanpur,POS,Purchase,Debit Card,Savings,11604.24,00,Approved,Success,35,Female,648
TXN0002245,2024-05-18,18:50:52,Butwal Branch,Rupandehi,Mobile Banking,Fund Transfer,N/A,Savings,74246.85,00,Approved,Success,41,Male,458
TXN0002246,2024-05-18,19:51:14,Bharatpur Branch,Chitwan,Mobile Banking,QR Payment,N/A,Current,4030.21,00,Approved,Success,40,Female,937
TXN0002247,2024-05-18,21:04:56,Birgunj Branch,Parsa,Mobile Banking,QR Payment,N/A,Savings,3382.96,00,Approved,Success,37,Male,896
TXN0002248,2024-05-19,08:32:01,Itahari Branch,Sunsari,ATM,Cash Withdrawal,Debit Card,Savings,15000.0,51,Insufficient Funds,Failed,50,Female,1429
TXN0002249,2024-05-19,10:08:45,Biratnagar Main,Morang,Mobile Banking,Mobile Top-up,N/A,Savings,100.0,00,Approved,Success,27,Male,565
TXN0002250,2024-05-19,11:45:21,Biratnagar Main,Morang,ATM,Mini Statement,Debit Card,Savings,0.0,00,Approved,Success,19,Female,1778
TXN0002251,2024-05-19,12:46:31,Dhangadhi Branch,Kailali,Mobile Banking,Fund Transfer,N/A,Savings,20882.15,00,Approved,Success,31,Male,589
TXN0002252,2024-05-19,13:07:00,Pokhara Lakeside,Kaski,Mobile Banking,Bill Payment,N/A,Savings,3389.75,00,Approved,Success,37,Female,998
TXN0002253,2024-05-19,13:26:29,Hetauda Branch,Makwanpur,Mobile Banking,Bill Payment,N/A,Current,5559.48,00,Approved,Success,32,Male,928
TXN0002254,2024-05-19,14:05:16,Dharan Branch,Sunsari,ATM,PIN Change,Debit Card,Savings,0.0,00,Approved,Success,18,Male,1472
TXN0002255,2024-05-19,17:43:40,Kathmandu Main,Kathmandu,Mobile Banking,Fund Transfer,N/A,Current,3312.9,00,Approved,Success,38,Male,440
TXN0002256,2024-05-19,20:54:16,Bharatpur Branch,Chitwan,ATM,PIN Change,Debit Card,Savings,0.0,00,Approved,Success,18,Female,984
TXN0002257,2024-05-19,21:32:14,Nepalgunj Branch,Banke,ATM,Mini Statement,Debit Card,Savings,0.0,00,Approved,Success,30,Female,1366
TXN0002258,2024-05-19,22:54:10,Bhaktapur Branch,Bhaktapur,Internet Banking,Statement Download,N/A,Savings,0.0,00,Approved,Success,38,Male,715
TXN0002259,2024-05-19,23:43:52,Dhangadhi Branch,Kailali,POS,Refund,Debit Card,Savings,4377.08,00,Approved,Success,34,Male,709
TXN0002260,2024-05-20,02:33:04,Janakpur Branch,Dhanusha,ATM,Balance Inquiry,Debit Card,Savings,0.0,00,Approved,Success,45,Female,1128
TXN0002261,2024-05-20,02:36:36,Birgunj Branch,Parsa,Mobile Banking,Mobile Top-up,N/A,Savings,50.0,00,Approved,Success,18,Male,625
TXN0002262,2024-05-20,05:51:26,Kathmandu Main,Kathmandu,Mobile Banking,Balance Inquiry,N/A,Savings,0.0,00,Approved,Success,53,Male,515
TXN0002263,2024-05-20,07:03:27,Dhangadhi Branch,Kailali,Mobile Banking,QR Payment,N/A,Savings,2691.25,91,Issuer Unavailable,Timeout,31,Male,391
TXN0002264,2024-05-20,07:50:00,Pokhara Lakeside,Kaski,Internet Banking,Statement Download,N/A,Current,0.0,00,Approved,Success,37,Female,438
TXN0002265,2024-05-20,10:17:26,Kathmandu Main,Kathmandu,ATM,PIN Change,Debit Card,Savings,0.0,00,Approved,Success,36,Male,1113
TXN0002266,2024-05-20,11:31:37,Nepalgunj Branch,Banke,ATM,PIN Change,Debit Card,Savings,0.0,00,Approved,Success,45,Female,1481
TXN0002267,2024-05-20,11:43:07,Janakpur Branch,Dhanusha,POS,Purchase,Credit Card,Savings,6982.79,00,Approved,Success,36,Female,685
TXN0002268,2024-05-20,12:04:17,Itahari Branch,Sunsari,Mobile Banking,Mobile Top-up,N/A,Savings,100.0,51,Insufficient Funds,Reversed,39,Male,551
TXN0002269,2024-05-20,12:43:48,Pokhara Lakeside,Kaski,ATM,Balance Inquiry,Credit Card,Fixed Deposit,0.0,00,Approved,Success,38,Female,731
TXN0002270,2024-05-20,13:09:56,Janakpur Branch,Dhanusha,Mobile Banking,QR Payment,N/A,Savings,4238.18,00,Approved,Success,54,Female,557
TXN0002271,2024-05-20,14:16:45,Butwal Branch,Rupandehi,Internet Banking,Bill Payment,N/A,Current,4693.78,00,Approved,Success,38,Female,863
TXN0002272,2024-05-20,18:35:19,Hetauda Branch,Makwanpur,ATM,Mini Statement,Debit Card,Savings,0.0,00,Approved,Success,35,Female,1582
TXN0002273,2024-05-21,01:03:23,Pokhara Lakeside,Kaski,ATM,PIN Change,Debit Card,Savings,0.0,00,Approved,Success,36,Female,1392
TXN0002274,2024-05-21,07:51:55,Nepalgunj Branch,Banke,ATM,PIN Change,Debit Card,Savings,0.0,00,Approved,Success,18,Female,1065
TXN0002275,2024-05-21,08:30:55,Biratnagar Main,Morang,Branch Counter,Account Opening,N/A,Savings,0.0,00,Approved,Success,40,Male,592
TXN0002276,2024-05-21,08:40:47,Itahari Branch,Sunsari,ATM,PIN Change,Debit Card,Savings,0.0,00,Approved,Success,47,Female,1016
TXN0002277,2024-05-21,09:31:14,Dharan Branch,Sunsari,Internet Banking,Balance Inquiry,N/A,Savings,0.0,00,Approved,Success,33,,631
TXN0002278,2024-05-21,09:51:45,Nepalgunj Branch,Banke,Mobile Banking,Fund Transfer,N/A,Savings,21298.67,91,Issuer Unavailable,Reversed,35,Female,606
TXN0002279,2024-05-21,10:38:48,Butwal Branch,Rupandehi,Internet Banking,Fund Transfer,N/A,Savings,30874.95,00,Approved,Success,45,Male,684
TXN0002280,2024-05-21,13:40:52,Janakpur Branch,Dhanusha,ATM,PIN Change,Debit Card,Current,0.0,00,Approved,Success,18,Male,753
TXN0002281,2024-05-21,14:42:06,Nepalgunj Branch,Banke,Mobile Banking,Bill Payment,N/A,Savings,10582.68,00,Approved,Success,24,,497
TXN0002282,2024-05-21,15:31:05,Biratnagar Main,Morang,Mobile Banking,QR Payment,N/A,Savings,4125.08,51,Insufficient Funds,Timeout,23,Male,742
TXN0002283,2024-05-21,15:58:13,Birgunj Branch,Parsa,Mobile Banking,Balance Inquiry,N/A,Savings,0.0,00,Approved,Success,29,Male,725
TXN0002284,2024-05-21,17:30:35,Lalitpur Branch,Lalitpur,Mobile Banking,Balance Inquiry,N/A,Savings,0.0,00,Approved,Success,35,Female,619
TXN0002285,2024-05-22,00:16:45,Janakpur Branch,Dhanusha,ATM,PIN Change,Debit Card,Savings,0.0,00,Approved,Success,24,Female,1251
TXN0002285,2024-05-22,00:16:45,Janakpur Branch,Dhanusha,ATM,PIN Change,Debit Card,Savings,0.0,00,Approved,Success,24,Female,1251
TXN0002286,2024-05-22,07:57:24,Hetauda Branch,Makwanpur,Mobile Banking,Fund Transfer,N/A,Savings,54278.25,00,Approved,Success,27,Female,908
TXN0002287,2024-05-22,08:52:00,Biratnagar Main,Morang,Mobile Banking,Mobile Top-up,N/A,Savings,50.0,00,Approved,Success,31,Male,601
TXN0002288,2024-05-22,10:12:27,Nepalgunj Branch,Banke,ATM,PIN Change,Debit Card,Savings,0.0,61,Exceeds Withdrawal Limit,Timeout,33,Female,1277
TXN0002289,2024-05-22,11:31:46,  Itahari Branch  ,Sunsari,POS,Purchase,Debit Card,Savings,14645.0,55,Incorrect PIN,Timeout,52,Male,700
TXN0002290,2024-05-22,11:34:34,Kathmandu Main,Kathmandu,Mobile Banking,Mobile Top-up,N/A,Savings,200.0,00,Approved,Success,48,Male,314
TXN0002291,2024-05-22,13:59:24,Dharan Branch,Sunsari,ATM,Mini Statement,Debit Card,Savings,0.0,00,Approved,Success,18,Female,759
TXN0002292,2024-05-22,15:53:38,Lalitpur Branch,Lalitpur,Mobile Banking,QR Payment,N/A,Current,292.15,00,Approved,Success,33,Male,543
TXN0002293,2024-05-22,16:11:29,Itahari Branch,Sunsari,Mobile Banking,Fund Transfer,N/A,Fixed Deposit,46116.0,00,Approved,Success,45,Male,80
TXN0002294,2024-05-22,16:23:42,Hetauda Branch,Makwanpur,Mobile Banking,Fund Transfer,N/A,Savings,50129.63,00,Approved,Success,33,Male,570
TXN0002295,2024-05-22,17:44:58,Birgunj Branch,Parsa,Mobile Banking,Fund Transfer,N/A,Savings,33344.23,00,Approved,Success,38,Male,689
TXN0002296,2024-05-22,17:49:21,Bhaktapur Branch,Bhaktapur,Internet Banking,Statement Download,N/A,Savings,0.0,00,Approved,Success,40,Male,570
TXN0002297,2024-05-22,18:40:32,New Baneshwor,Kathmandu,ATM,Mini Statement,Debit Card,Savings,0.0,00,Approved,Success,31,Female,2069
TXN0002298,2024-05-22,18:58:02,Itahari Branch,Sunsari,Branch Counter,Fund Transfer,N/A,Savings,10806.97,00,Approved,Success,37,Male,483
TXN0002299,2024-05-22,19:04:22,New Baneshwor,Kathmandu,ATM,Cash Withdrawal,Prepaid Card,Fixed Deposit,2500.0,55,Incorrect PIN,Timeout,34,Female,423
TXN0002300,2024-05-23,01:11:51,Lalitpur Branch,Lalitpur,ATM,PIN Change,Debit Card,Savings,0.0,00,Approved,Success,52,Male,825
TXN0002301,2024-05-23,10:08:29,Bhaktapur Branch,Bhaktapur,Internet Banking,Fund Transfer,N/A,Savings,11342.04,00,Approved,Success,30,Female,314
TXN0002302,2024-05-23,10:32:06,Dharan Branch,Sunsari,ATM,PIN Change,Debit Card,Current,0.0,00,Approved,Success,53,Male,1058
TXN0002303,2024-05-23,10:36:51,Itahari Branch,Sunsari,ATM,Balance Inquiry,Debit Card,Current,0.0,00,Approved,Success,24,Female,586
TXN0002304,2024-05-23,12:12:02,Bhaktapur Branch,Bhaktapur,ATM,Cash Withdrawal,Debit Card,Savings,20000.0,00,Approved,Success,18,Male,1266
TXN0002305,2024-05-23,12:50:19,Nepalgunj Branch,Banke,Branch Counter,Cash Deposit,N/A,Savings,60602.82,00,Approved,Success,38,Male,695
TXN0002306,2024-05-23,13:22:55,Itahari Branch,Sunsari,Internet Banking,Fund Transfer,N/A,Savings,49410.55,00,Approved,Success,31,Male,377
TXN0002307,2024-05-23,14:00:39,Lalitpur Branch,Lalitpur,POS,Purchase,Debit Card,Savings,10108.36,51,Insufficient Funds,Reversed,48,Female,407
TXN0002308,2024-05-23,14:05:12,Lalitpur Branch,Lalitpur,Internet Banking,Fund Transfer,N/A,Savings,30397.8,00,Approved,Success,36,Female,382
TXN0002309,2024-05-23,15:06:25,Dharan Branch,Sunsari,Internet Banking,Fund Transfer,N/A,Savings,11753.65,00,Approved,Success,28,Male,703
TXN0002310,2024-05-23,15:47:20,Itahari Branch,Sunsari,Mobile Banking,Balance Inquiry,N/A,Savings,0.0,51,Insufficient Funds,Timeout,32,,700
TXN0002310,2024-05-23,15:47:20,Itahari Branch,Sunsari,Mobile Banking,Balance Inquiry,N/A,Savings,0.0,51,Insufficient Funds,Timeout,32,,700
TXN0002311,2024-05-23,18:41:04,Nepalgunj Branch,Banke,ATM,Cash Withdrawal,Debit Card,Savings,2500.0,00,Approved,Success,37,Male,1510
TXN0002312,2024-05-23,19:36:34,Kathmandu Main,Kathmandu,POS,Refund,Prepaid Card,Savings,7241.19,00,Approved,Success,41,Male,346
TXN0002313,2024-05-24,07:58:43,Pokhara Lakeside,Kaski,POS,Refund,Prepaid Card,Savings,2371.76,00,Approved,Success,33,Male,298
TXN0002314,2024-05-24,09:12:18,Butwal Branch,Rupandehi,Mobile Banking,Fund Transfer,N/A,Savings,84563.37,00,Approved,Success,42,Male,603
TXN0002315,2024-05-24,11:34:01,New Baneshwor,Kathmandu,ATM,PIN Change,Credit Card,Savings,0.0,00,Approved,Success,30,Female,2191
TXN0002316,2024-05-24,11:44:30,Butwal Branch,Rupandehi,ATM,Balance Inquiry,Debit Card,Savings,0.0,00,Approved,Success,18,Male,1714
TXN0002317,2024-05-24,11:57:37,Bharatpur Branch,Chitwan,ATM,Cash Withdrawal,Debit Card,Savings,5000.0,00,Approved,Success,47,Male,1563
TXN0002318,2024-05-24,12:30:49,Biratnagar Main,Morang,ATM,PIN Change,Debit Card,Savings,0.0,00,Approved,Success,18,Female,1353
TXN0002319,2024-05-24,12:40:43,Bharatpur Branch,Chitwan,Mobile Banking,Fund Transfer,N/A,Savings,90028.25,00,Approved,Success,40,Female,594
TXN0002320,2024-05-24,13:46:55,Lalitpur Branch,Lalitpur,ATM,Cash Withdrawal,Debit Card,Savings,1500.0,00,Approved,Success,39,Female,1699
TXN0002321,2024-05-24,16:15:29,Birgunj Branch,Parsa,Mobile Banking,Balance Inquiry,N/A,Savings,0.0,00,Approved,Success,28,Female,752
TXN0002322,2024-05-24,19:29:12,Dharan Branch,Sunsari,ATM,PIN Change,Debit Card,Current,0.0,55,Incorrect PIN,Timeout,39,Male,2160
TXN0002323,2024-05-24,22:14:53,Butwal Branch,Rupandehi,ATM,Balance Inquiry,Credit Card,Current,0.0,00,Approved,Success,59,Male,557
TXN0002324,2024-05-24,23:02:55,Bhaktapur Branch,Bhaktapur,Mobile Banking,Bill Payment,N/A,Savings,8153.54,91,Issuer Unavailable,Failed,36,Male,871
TXN0002325,2024-05-25,01:59:54,Nepalgunj Branch,Banke,ATM,Balance Inquiry,Debit Card,Current,0.0,00,Approved,Success,35,Female,1077
TXN0002326,2024-05-25,04:40:49,Dhangadhi Branch,Kailali,POS,Refund,Debit Card,Savings,5522.35,00,Approved,Success,46,Female,530
TXN0002327,2024-05-25,05:17:23,Kathmandu Main,Kathmandu,ATM,Mini Statement,Credit Card,Savings,0.0,00,Approved,Success,29,Female,1839
TXN0002328,2024-05-25,07:40:39,Nepalgunj Branch,Banke,ATM,Cash Withdrawal,Prepaid Card,Current,5000.0,00,Approved,Success,30,Female,1608
TXN0002329,2024-05-25,07:56:49,Hetauda Branch,Makwanpur,ATM,Cash Withdrawal,Debit Card,Savings,8000.0,00,Approved,Success,29,Female,862
TXN0002330,2024-05-25,09:07:36,Dharan Branch,Sunsari,POS,Refund,Prepaid Card,Current,1403.8,00,Approved,Success,38,Male,508
TXN0002331,2024-05-25,09:53:07,Lalitpur Branch,Lalitpur,Mobile Banking,Fund Transfer,N/A,Savings,34152.96,14,Invalid Card,Reversed,18,Female,641
TXN0002332,2024-05-25,09:56:26,Dharan Branch,Sunsari,POS,Refund,Debit Card,Savings,315.48,00,Approved,Success,33,,642
TXN0002333,2024-05-25,10:38:24,Bhaktapur Branch,Bhaktapur,Mobile Banking,Bill Payment,N/A,Savings,1035.24,00,Approved,Success,58,Female,552
TXN0002334,2024-05-25,12:29:13,Hetauda Branch,Makwanpur,Branch Counter,Cash Withdrawal,N/A,Savings,5000.0,61,Exceeds Withdrawal Limit,Timeout,39,Female,80
TXN0002335,2024-05-25,12:30:39,Pokhara Lakeside,Kaski,Internet Banking,Fund Transfer,N/A,Savings,45014.05,00,Approved,Success,33,Male,144
TXN0002336,2024-05-25,12:54:11,Lalitpur Branch,Lalitpur,ATM,Mini Statement,Debit Card,Savings,0.0,00,Approved,Success,38,Male,1316
TXN0002337,2024-05-25,13:46:13,Dharan Branch,Sunsari,POS,Purchase,Debit Card,Current,14371.87,00,Approved,Success,18,Male,222
TXN0002338,2024-05-25,13:58:00,Dharan Branch,Sunsari,POS,Purchase,Debit Card,Savings,12153.37,00,Approved,Success,44,Male,515
TXN0002339,2024-05-25,14:45:31,Biratnagar Main,Morang,POS,Refund,Debit Card,Savings,2782.4,00,Approved,Success,35,Male,754
TXN0002340,2024-05-25,14:46:32,Dhangadhi Branch,Kailali,Mobile Banking,Bill Payment,N/A,Savings,10842.33,00,Approved,Success,39,Female,800
TXN0002341,2024-05-25,16:56:52,Birgunj Branch,Parsa,Mobile Banking,Fund Transfer,N/A,Savings,34489.79,55,Incorrect PIN,Timeout,18,Female,229
TXN0002342,2024-05-25,17:10:41,Biratnagar Main,Morang,Mobile Banking,Balance Inquiry,N/A,Savings,0.0,00,Approved,Success,24,Female,616
TXN0002343,2024-05-25,17:14:09,Biratnagar Main,Morang,POS,Refund,Debit Card,Savings,9170.85,00,Approved,Success,32,Female,460
TXN0002344,2024-05-25,20:05:04,Itahari Branch,Sunsari,ATM,Mini Statement,Debit Card,Savings,0.0,51,Insufficient Funds,Timeout,42,Female,1105
TXN0002345,2024-05-25,20:11:47,Itahari Branch,Sunsari,POS,Purchase,Debit Card,Savings,8317.53,00,Approved,Success,18,Male,597
TXN0002346,2024-05-25,20:36:00,Janakpur Branch,Dhanusha,Mobile Banking,QR Payment,N/A,Savings,1770.0,00,Approved,Success,39,Female,1234
TXN0002347,2024-05-26,06:26:21,Bharatpur Branch,Chitwan,ATM,Mini Statement,Debit Card,Savings,0.0,00,Approved,Success,29,Male,1354
TXN0002348,2024-05-26,07:51:45,Bhaktapur Branch,Bhaktapur,ATM,Balance Inquiry,Debit Card,Savings,0.0,00,Approved,Success,45,Female,596
TXN0002349,2024-05-26,08:25:09,Janakpur Branch,Dhanusha,Internet Banking,Balance Inquiry,N/A,Savings,0.0,00,Approved,Success,18,Male,630
TXN0002350,2024-05-26,09:44:15,Kathmandu Main,Kathmandu,ATM,Cash Withdrawal,Debit Card,Savings,1000.0,00,Approved,Success,48,Female,1717
TXN0002351,2024-05-26,11:03:05,New Baneshwor,Kathmandu,Mobile Banking,Mobile Top-up,N/A,Current,50.0,00,Approved,Success,36,Female,674
TXN0002352,2024-05-26,13:59:57,Dharan Branch,Sunsari,ATM,PIN Change,Debit Card,Current,0.0,14,Invalid Card,Reversed,33,Female,1239
TXN0002353,2024-05-26,14:32:32,Hetauda Branch,Makwanpur,Mobile Banking,Balance Inquiry,N/A,Savings,0.0,00,Approved,Success,18,Male,434
TXN0002354,2024-05-26,14:52:13,Birgunj Branch,Parsa,Mobile Banking,Mobile Top-up,N/A,Current,100.0,00,Approved,Success,37,Female,1160
TXN0002355,2024-05-26,15:14:02,Kathmandu Main,Kathmandu,Internet Banking,Bill Payment,N/A,Savings,8626.5,51,Insufficient Funds,Reversed,35,,1303
TXN0002356,2024-05-26,15:26:36,Biratnagar Main,Morang,Mobile Banking,Balance Inquiry,N/A,Savings,0.0,00,Approved,Success,52,Male,1156
TXN0002357,2024-05-26,15:38:24,Butwal Branch,Rupandehi,Mobile Banking,QR Payment,N/A,Savings,4632.36,00,Approved,Success,47,Male,771
TXN0002358,2024-05-26,17:19:29,Hetauda Branch,Makwanpur,Mobile Banking,Balance Inquiry,N/A,Savings,0.0,00,Approved,Success,40,Male,706
TXN0002359,2024-05-26,17:32:52,Bhaktapur Branch,Bhaktapur,POS,Refund,Debit Card,Savings,7708.97,00,Approved,Success,,Female,862
TXN0002360,2024-05-26,18:43:02,Bharatpur Branch,Chitwan,POS,Purchase,Debit Card,Current,14285.47,00,Approved,Success,29,Female,329
TXN0002361,2024-05-26,20:30:41,Itahari Branch,Sunsari,POS,Refund,Debit Card,Savings,5652.56,96,System Malfunction,Timeout,37,Male,443
TXN0002362,2024-05-26,21:18:22,Itahari Branch,Sunsari,ATM,PIN Change,Debit Card,Current,0.0,00,Approved,Success,37,Male,1369
TXN0002363,2024-05-27,00:43:07,Butwal Branch,Rupandehi,Mobile Banking,Fund Transfer,N/A,Savings,39402.74,00,Approved,Success,26,Male,606
TXN0002364,2024-05-27,01:16:12,Janakpur Branch,Dhanusha,Mobile Banking,Fund Transfer,N/A,Savings,41948.34,00,Approved,Success,22,Male,80
TXN0002365,2024-05-27,08:22:23,Biratnagar Main,Morang,Mobile Banking,Balance Inquiry,N/A,Savings,0.0,00,Approved,Success,25,Female,276
TXN0002366,2024-05-27,08:25:00,Bhaktapur Branch,Bhaktapur,POS,Purchase,Debit Card,Savings,10562.27,00,Approved,Success,43,Male,937
TXN0002367,2024-05-27,08:50:20,Nepalgunj Branch,Banke,Internet Banking,Bill Payment,N/A,Savings,10689.98,91,Issuer Unavailable,Reversed,49,Male,807
TXN0002368,2024-05-27,09:12:11,Bhaktapur Branch,Bhaktapur,ATM,Cash Withdrawal,Prepaid Card,Savings,3000.0,00,Approved,Success,18,Female,1359
TXN0002369,2024-05-27,09:35:59,New Baneshwor,Kathmandu,POS,Refund,Debit Card,Current,7141.64,00,Approved,Success,51,Female,1147
TXN0002370,2024-05-27,11:31:10,New Baneshwor,Kathmandu,POS,Refund,Debit Card,Savings,2760.54,00,Approved,Success,43,Female,516
TXN0002371,2024-05-27,14:40:08,Lalitpur Branch,Lalitpur,POS,Refund,Prepaid Card,Savings,2023.52,00,Approved,Success,40,Male,611
TXN0002372,2024-05-27,14:48:43,Janakpur Branch,Dhanusha,ATM,Balance Inquiry,Debit Card,Savings,0.0,51,Insufficient Funds,Timeout,27,Male,691
TXN0002373,2024-05-27,14:56:30,Janakpur Branch,Dhanusha,POS,Purchase,Debit Card,Savings,10579.61,00,Approved,Success,,Male,607
TXN0002374,2024-05-27,16:07:15,Janakpur Branch,Dhanusha,POS,Purchase,Debit Card,Savings,6480.22,00,Approved,Success,18,Male,941
TXN0002375,2024-05-27,16:38:09,Dhangadhi Branch,Kailali,Mobile Banking,Fund Transfer,N/A,Savings,20814.69,00,Approved,Success,27,Female,605
TXN0002376,2024-05-27,17:21:38,Dharan Branch,Sunsari,POS,Purchase,Debit Card,Savings,10237.27,00,Approved,Success,57,Female,664
TXN0002377,2024-05-27,17:33:54,Butwal Branch,Rupandehi,ATM,Cash Withdrawal,Debit Card,Savings,500.0,55,Incorrect PIN,Reversed,50,Female,2040
TXN0002378,2024-05-27,18:46:43,Bhaktapur Branch,Bhaktapur,Mobile Banking,Fund Transfer,N/A,Savings,42431.53,00,Approved,Success,38,Female,593
TXN0002379,2024-05-27,19:29:52,New Baneshwor,Kathmandu,ATM,Mini Statement,Debit Card,Savings,0.0,00,Approved,Success,44,Female,1111
TXN0002380,2024-05-28,07:59:37,Itahari Branch,Sunsari,Mobile Banking,Bill Payment,N/A,Current,2246.61,00,Approved,Success,27,Male,647
TXN0002381,2024-05-28,11:15:31,Pokhara Lakeside,Kaski,POS,Purchase,Debit Card,Savings,11917.21,00,Approved,Success,55,Female,461
TXN0002382,2024-05-28,13:34:36,Bharatpur Branch,Chitwan,POS,Purchase,Debit Card,Savings,8066.16,00,Approved,Success,18,Male,546
TXN0002383,2024-05-28,14:54:19,Birgunj Branch,Parsa,Branch Counter,Fund Transfer,N/A,Savings,64940.18,00,Approved,Success,32,Male,204
TXN0002384,2024-05-28,14:58:57,Biratnagar Main,Morang,POS,Refund,Debit Card,Savings,8355.27,00,Approved,Success,34,Female,800
TXN0002385,2024-05-28,15:08:52,Nepalgunj Branch,Banke,Branch Counter,Account Opening,N/A,Savings,0.0,00,Approved,Success,18,Male,600
TXN0002386,2024-05-28,16:36:51,Itahari Branch,Sunsari,ATM,Balance Inquiry,Prepaid Card,Fixed Deposit,0.0,61,Exceeds Withdrawal Limit,Timeout,39,Female,819
TXN0002387,2024-05-28,17:52:30,Lalitpur Branch,Lalitpur,Mobile Banking,Balance Inquiry,N/A,Current,0.0,00,Approved,Success,28,Female,591
TXN0002388,2024-05-28,18:44:02,Bharatpur Branch,Chitwan,ATM,PIN Change,Debit Card,Savings,0.0,00,Approved,Success,29,Female,578
TXN0002389,2024-05-28,20:48:22,Lalitpur Branch,Lalitpur,Mobile Banking,Fund Transfer,N/A,Savings,59609.99,00,Approved,Success,45,Male,370
TXN0002390,2024-05-29,02:16:40,Butwal Branch,Rupandehi,ATM,Cash Withdrawal,Debit Card,Savings,1000.0,14,Invalid Card,Failed,18,Female,874
TXN0002391,2024-05-29,05:29:53,Itahari Branch,Sunsari,Internet Banking,Bill Payment,N/A,Savings,2755.22,00,Approved,Success,32,Female,597
TXN0002392,2024-05-29,08:52:48,Pokhara Lakeside,Kaski,ATM,Cash Withdrawal,Debit Card,Savings,15000.0,00,Approved,Success,31,Male,1672
TXN0002393,2024-05-29,10:04:33,Itahari Branch,Sunsari,Mobile Banking,Bill Payment,N/A,Savings,4585.64,00,Approved,Success,34,Female,448
TXN0002394,2024-05-29,10:34:44,Pokhara Lakeside,Kaski,Mobile Banking,Mobile Top-up,N/A,Current,100.0,00,Approved,Success,21,Female,925
TXN0002395,2024-05-29,11:39:12,Kathmandu Main,Kathmandu,POS,Purchase,Debit Card,Savings,14782.34,00,Approved,Success,26,Female,531
TXN0002396,2024-05-29,11:52:05,Birgunj Branch,Parsa,Branch Counter,Cash Deposit,N/A,Current,4151.98,00,Approved,Success,53,Female,455
TXN0002397,2024-05-29,12:02:53,Bharatpur Branch,Chitwan,Mobile Banking,QR Payment,N/A,Savings,881.41,00,Approved,Success,35,Female,915
TXN0002398,2024-05-29,12:42:44,Biratnagar Main,Morang,ATM,Cash Withdrawal,Credit Card,Current,10000.0,00,Approved,Success,25,Female,1393
TXN0002399,2024-05-29,14:04:52,Lalitpur Branch,Lalitpur,Internet Banking,Balance Inquiry,N/A,Fixed Deposit,0.0,00,Approved,Success,46,Male,723
TXN0002400,2024-05-29,14:17:54,KATHMANDU MAIN,Kathmandu,Mobile Banking,QR Payment,N/A,Savings,458.43,00,Approved,Success,40,Male,437
TXN0002401,2024-05-29,15:26:57,Lalitpur Branch,Lalitpur,ATM,Cash Withdrawal,Credit Card,Savings,10000.0,00,Approved,Success,25,Male,1024
TXN0002401,2024-05-29,15:26:57,Lalitpur Branch,Lalitpur,ATM,Cash Withdrawal,Credit Card,Savings,10000.0,00,Approved,Success,25,Male,1024
TXN0002402,2024-05-29,17:38:12,Kathmandu Main,Kathmandu,ATM,Balance Inquiry,Debit Card,Savings,0.0,00,Approved,Success,43,Male,2097
TXN0002403,2024-05-29,19:58:45,New Baneshwor,Kathmandu,Mobile Banking,QR Payment,N/A,Savings,841.87,00,Approved,Success,43,Male,549
TXN0002404,2024-05-30,03:40:48,Nepalgunj Branch,Banke,POS,Purchase,Debit Card,Current,13692.77,00,Approved,Success,27,Male,571
TXN0002405,2024-05-30,06:23:10,Butwal Branch,Rupandehi,Branch Counter,Account Opening,N/A,Savings,0.0,00,Approved,Success,35,Female,575
TXN0002406,2024-05-30,07:04:03,Kathmandu Main,Kathmandu,Internet Banking,Bill Payment,N/A,Savings,7331.11,00,Approved,Success,44,Female,545
TXN0002407,2024-05-30,07:05:37,Bhaktapur Branch,Bhaktapur,ATM,Mini Statement,Credit Card,Savings,0.0,00,Approved,Success,18,Female,1432
TXN0002408,2024-05-30,08:16:11,Birgunj Branch,Parsa,ATM,Mini Statement,Debit Card,Fixed Deposit,0.0,00,Approved,Success,22,Male,1457
TXN0002409,2024-05-30,09:05:50,Biratnagar Main,Morang,Mobile Banking,Balance Inquiry,N/A,Savings,0.0,00,Approved,Success,51,Female,250
TXN0002410,2024-05-30,09:56:49,Itahari Branch,Sunsari,Mobile Banking,Balance Inquiry,N/A,Savings,0.0,91,Issuer Unavailable,Failed,20,Male,374
TXN0002411,2024-05-30,11:39:57,New Baneshwor,Kathmandu,ATM,Mini Statement,Prepaid Card,Savings,0.0,00,Approved,Success,37,Male,1333
TXN0002412,2024-05-30,16:17:36,Pokhara Lakeside,Kaski,Internet Banking,Balance Inquiry,N/A,Savings,0.0,00,Approved,Success,21,Female,613
TXN0002413,2024-05-30,16:53:10,Biratnagar Main,Morang,ATM,Balance Inquiry,Debit Card,Savings,0.0,00,Approved,Success,18,Male,1093
TXN0002414,2024-05-30,23:31:44,Biratnagar Main,Morang,Mobile Banking,Mobile Top-up,N/A,Savings,200.0,00,Approved,Success,21,Female,785
TXN0002415,2024-05-31,03:53:37,Nepalgunj Branch,Banke,ATM,PIN Change,Debit Card,Savings,0.0,00,Approved,Success,37,Male,718
TXN0002416,2024-05-31,07:48:56,Pokhara Lakeside,Kaski,ATM,Cash Withdrawal,Debit Card,Current,2500.0,00,Approved,Success,29,Male,822
TXN0002417,2024-05-31,07:59:18,Butwal Branch,Rupandehi,Mobile Banking,Fund Transfer,N/A,Current,26701.14,00,Approved,Success,35,Female,560
TXN0002418,2024-05-31,08:49:06,Nepalgunj Branch,Banke,Mobile Banking,Fund Transfer,N/A,Current,88408.06,00,Approved,Success,42,Female,1005
TXN0002419,2024-05-31,09:43:50,Butwal Branch,Rupandehi,ATM,PIN Change,Credit Card,Savings,0.0,14,Invalid Card,Failed,34,Male,962
TXN0002420,2024-05-31,10:55:30,Dhangadhi Branch,Kailali,POS,Purchase,Debit Card,Savings,2471.98,00,Approved,Success,36,Male,857
TXN0002421,2024-05-31,12:06:48,Janakpur Branch,Dhanusha,Mobile Banking,Bill Payment,N/A,Savings,5752.61,00,Approved,Success,33,Female,698
TXN0002422,2024-05-31,12:19:56,Biratnagar Main,Morang,POS,Purchase,Debit Card,Savings,5888.61,00,Approved,Success,46,Female,701
TXN0002423,2024-05-31,13:26:30,Nepalgunj Branch,Banke,POS,Refund,Debit Card,Savings,254.68,55,Incorrect PIN,Failed,37,Female,580
TXN0002424,2024-05-31,15:58:04,Dharan Branch,Sunsari,Branch Counter,Fund Transfer,N/A,Savings,55848.61,00,Approved,Success,25,Male,493
TXN0002425,2024-05-31,17:12:14,Biratnagar Main,Morang,ATM,Balance Inquiry,Debit Card,Current,0.0,00,Approved,Success,30,Female,1686
TXN0002426,2024-05-31,18:38:13,Dhangadhi Branch,Kailali,ATM,PIN Change,Debit Card,Savings,0.0,00,Approved,Success,27,Female,1084
TXN0002427,2024-05-31,21:36:37,New Baneshwor,Kathmandu,ATM,Balance Inquiry,Debit Card,Savings,0.0,00,Approved,Success,18,Male,1867
TXN0002428,2024-06-01,10:40:55,Bharatpur Branch,Chitwan,ATM,Mini Statement,Debit Card,Savings,0.0,00,Approved,Success,37,Male,1640
TXN0002429,2024-06-01,13:27:35,Pokhara Lakeside,Kaski,Mobile Banking,Fund Transfer,N/A,Savings,90392.97,00,Approved,Success,31,Male,841
TXN0002430,2024-06-01,14:23:13,Dharan Branch,Sunsari,POS,Purchase,Prepaid Card,Savings,3742.58,00,Approved,Success,22,Male,735
TXN0002431,2024-06-01,14:35:20,Lalitpur Branch,Lalitpur,ATM,Balance Inquiry,Debit Card,Savings,0.0,00,Approved,Success,40,Male,2000
TXN0002432,2024-06-02,06:08:45,Bharatpur Branch,Chitwan,Mobile Banking,Bill Payment,N/A,Savings,3310.31,00,Approved,Success,23,Female,669
TXN0002433,2024-06-02,07:26:49,Nepalgunj Branch,Banke,Mobile Banking,QR Payment,N/A,Fixed Deposit,1467.93,00,Approved,Success,51,Female,536
TXN0002434,2024-06-02,10:17:38,Butwal Branch,Rupandehi,Mobile Banking,QR Payment,N/A,Fixed Deposit,1671.6,00,Approved,Success,45,Male,584
TXN0002435,2024-06-02,11:33:38,New Baneshwor,Kathmandu,Mobile Banking,QR Payment,N/A,Savings,2037.02,00,Approved,Success,52,Male,227
TXN0002436,2024-06-02,12:35:53,Lalitpur Branch,Lalitpur,Internet Banking,Balance Inquiry,N/A,Savings,0.0,00,Approved,Success,27,Male,753
TXN0002437,2024-06-02,12:45:56,Hetauda Branch,Makwanpur,ATM,Mini Statement,Debit Card,Current,0.0,00,Approved,Success,37,Female,1669
TXN0002438,2024-06-02,13:08:05,Pokhara Lakeside,Kaski,ATM,Cash Withdrawal,Debit Card,Savings,2500.0,00,Approved,Success,23,Male,1276
TXN0002439,2024-06-02,13:09:43,Kathmandu Main,Kathmandu,ATM,Balance Inquiry,Debit Card,Savings,0.0,00,Approved,Success,40,Female,1402
TXN0002440,2024-06-02,13:29:33,Bharatpur Branch,Chitwan,ATM,Mini Statement,Debit Card,Fixed Deposit,0.0,00,Approved,Success,25,Male,966
TXN0002441,2024-06-02,14:22:59,Nepalgunj Branch,Banke,ATM,Mini Statement,Debit Card,Savings,0.0,00,Approved,Success,22,Male,1427
TXN0002442,2024-06-02,14:40:36,NEW BANESHWOR,Kathmandu,Mobile Banking,Bill Payment,N/A,Savings,10495.41,00,Approved,Success,20,Male,790
TXN0002443,2024-06-02,16:25:57,Janakpur Branch,Dhanusha,ATM,Balance Inquiry,Debit Card,Savings,0.0,00,Approved,Success,25,Female,1450
TXN0002444,2024-06-02,19:58:58,Birgunj Branch,Parsa,ATM,Cash Withdrawal,Debit Card,Savings,5000.0,00,Approved,Success,44,Female,840
TXN0002445,2024-06-03,10:15:16,Lalitpur Branch,Lalitpur,Internet Banking,Bill Payment,N/A,Savings,1072.17,00,Approved,Success,19,Male,621
TXN0002446,2024-06-03,11:36:06,Lalitpur Branch,Lalitpur,ATM,Balance Inquiry,Debit Card,Savings,0.0,00,Approved,Success,27,Male,713
TXN0002447,2024-06-03,13:01:43,Birgunj Branch,Parsa,Branch Counter,Fund Transfer,N/A,Current,48227.29,00,Approved,Success,49,Female,504
TXN0002448,2024-06-03,14:02:32,Bhaktapur Branch,Bhaktapur,Mobile Banking,Fund Transfer,N/A,Savings,30178.33,00,Approved,Success,30,Female,589
TXN0002449,2024-06-03,15:57:29,Butwal Branch,Rupandehi,Mobile Banking,Bill Payment,N/A,Current,8607.61,00,Approved,Success,39,Female,923
TXN0002450,2024-06-03,15:58:57,Butwal Branch,Rupandehi,Branch Counter,Cash Withdrawal,N/A,Current,3000.0,00,Approved,Success,18,Female,1109
TXN0002451,2024-06-03,16:37:07,New Baneshwor,Kathmandu,Internet Banking,Bill Payment,N/A,Current,3102.49,00,Approved,Success,41,Female,583
TXN0002452,2024-06-03,18:40:45,Bharatpur Branch,Chitwan,POS,Refund,Debit Card,Savings,4201.71,00,Approved,Success,18,Male,564
TXN0002453,2024-06-03,18:48:10,Nepalgunj Branch,Banke,Mobile Banking,Mobile Top-up,N/A,Savings,500.0,00,Approved,Success,38,Male,454
TXN0002454,2024-06-03,19:11:13,Pokhara Lakeside,Kaski,POS,Refund,Credit Card,Savings,8776.75,00,Approved,Success,33,Male,756
TXN0002455,2024-06-03,20:21:42,Biratnagar Main,Morang,POS,Refund,Debit Card,Current,2357.18,00,Approved,Success,36,Female,323
TXN0002455,2024-06-03,20:21:42,Biratnagar Main,Morang,POS,Refund,Debit Card,Current,2357.18,00,Approved,Success,36,Female,323
TXN0002456,2024-06-03,21:15:13,Kathmandu Main,Kathmandu,Mobile Banking,Fund Transfer,N/A,Savings,90531.24,00,Approved,Success,,Male,362
TXN0002457,2024-06-04,00:27:51,Nepalgunj Branch,Banke,ATM,Balance Inquiry,Debit Card,Savings,0.0,00,Approved,Success,18,Female,1234
TXN0002458,2024-06-04,04:22:35,Bharatpur Branch,Chitwan,ATM,PIN Change,Debit Card,Current,0.0,00,Approved,Success,18,Male,1221
TXN0002459,2024-06-04,06:55:54,Kathmandu Main,Kathmandu,Mobile Banking,QR Payment,N/A,Savings,417.24,00,Approved,Success,46,Female,656
TXN0002460,2024-06-04,07:14:18,Biratnagar Main,Morang,Mobile Banking,QR Payment,N/A,Savings,2832.86,00,Approved,Success,,Male,524
TXN0002461,2024-06-04,07:52:55,New Baneshwor,Kathmandu,POS,Purchase,Debit Card,Savings,8453.98,00,Approved,Success,27,Female,726
TXN0002462,2024-06-04,09:11:24,Birgunj Branch,Parsa,Internet Banking,Bill Payment,N/A,Current,10368.85,00,Approved,Success,40,Female,862
TXN0002463,2024-06-04,09:26:32,Butwal Branch,Rupandehi,ATM,PIN Change,Debit Card,Savings,0.0,00,Approved,Success,55,Female,881
TXN0002464,2024-06-04,10:12:48,Bharatpur Branch,Chitwan,Mobile Banking,Mobile Top-up,N/A,Savings,100.0,00,Approved,Success,43,Male,565
TXN0002465,2024-06-04,10:24:51,Lalitpur Branch,Lalitpur,ATM,Cash Withdrawal,Prepaid Card,Savings,15000.0,00,Approved,Success,34,Male,1552
TXN0002466,2024-06-04,11:45:24,Bhaktapur Branch,Bhaktapur,ATM,Cash Withdrawal,Debit Card,Current,15000.0,00,Approved,Success,18,Female,1719
TXN0002467,2024-06-04,12:00:58,Pokhara Lakeside,Kaski,Mobile Banking,Balance Inquiry,N/A,Savings,0.0,00,Approved,Success,30,Female,559
TXN0002468,2024-06-04,12:23:37,Pokhara Lakeside,Kaski,ATM,Cash Withdrawal,Debit Card,Savings,10000.0,00,Approved,Success,32,Male,1679
TXN0002469,2024-06-04,12:34:54,Hetauda Branch,Makwanpur,ATM,Mini Statement,Debit Card,Savings,0.0,00,Approved,Success,55,Male,1332
TXN0002470,2024-06-04,12:56:21,Bhaktapur Branch,Bhaktapur,ATM,Cash Withdrawal,Debit Card,Savings,5000.0,00,Approved,Success,35,Female,863
TXN0002471,2024-06-04,12:56:54,New Baneshwor,Kathmandu,Mobile Banking,Fund Transfer,N/A,Savings,27926.45,91,Issuer Unavailable,Failed,39,Female,874
TXN0002472,2024-06-04,13:00:59,Bharatpur Branch,Chitwan,ATM,Cash Withdrawal,Debit Card,Savings,1000.0,00,Approved,Success,18,Female,1927
TXN0002473,2024-06-04,13:23:04,Butwal Branch,Rupandehi,Mobile Banking,Mobile Top-up,N/A,Savings,1000.0,00,Approved,Success,27,Male,456
TXN0002474,2024-06-04,14:32:33,Bharatpur Branch,Chitwan,ATM,Cash Withdrawal,Debit Card,Savings,2500.0,00,Approved,Success,35,Female,1126
TXN0002475,2024-06-04,15:08:58,Dhangadhi Branch,Kailali,ATM,Mini Statement,Debit Card,Savings,0.0,00,Approved,Success,31,Male,746
TXN0002476,2024-06-04,15:43:34,Nepalgunj Branch,Banke,Internet Banking,Bill Payment,N/A,Savings,3955.78,00,Approved,Success,36,Female,276
TXN0002477,2024-06-04,16:17:35,Janakpur Branch,Dhanusha,ATM,Balance Inquiry,Debit Card,Current,0.0,00,Approved,Success,26,Female,1713
TXN0002478,2024-06-04,17:00:25,Birgunj Branch,Parsa,ATM,Balance Inquiry,Prepaid Card,Current,0.0,00,Approved,Success,31,Female,1112
TXN0002479,2024-06-04,18:50:50,Itahari Branch,Sunsari,Internet Banking,Balance Inquiry,N/A,Savings,0.0,00,Approved,Success,33,Male,564
TXN0002480,2024-06-04,23:39:24,Bhaktapur Branch,Bhaktapur,Mobile Banking,Balance Inquiry,N/A,Savings,0.0,00,Approved,Success,41,Female,80
TXN0002481,2024-06-05,06:31:34,Itahari Branch,Sunsari,Branch Counter,Cash Deposit,N/A,Savings,114119.58,00,Approved,Success,30,Male,612
TXN0002482,2024-06-05,09:06:50,Bharatpur Branch,Chitwan,ATM,PIN Change,Credit Card,Savings,0.0,00,Approved,Success,45,Female,1075
TXN0002483,2024-06-05,11:55:03,Kathmandu Main,Kathmandu,Mobile Banking,Bill Payment,N/A,Savings,5106.47,00,Approved,Success,44,Male,501
TXN0002484,2024-06-05,14:21:15,Nepalgunj Branch,Banke,Mobile Banking,Bill Payment,N/A,Savings,2859.53,00,Approved,Success,18,Male,1037
TXN0002485,2024-06-05,15:02:57,Nepalgunj Branch,Banke,Mobile Banking,QR Payment,N/A,Current,3501.56,14,Invalid Card,Failed,18,Male,793
TXN0002486,2024-06-05,15:22:44,Kathmandu Main,Kathmandu,POS,Purchase,Debit Card,Current,2619.61,00,Approved,Success,30,Female,370
TXN0002487,2024-06-05,15:27:21,Pokhara Lakeside,Kaski,Internet Banking,Bill Payment,N/A,Savings,1112.62,00,Approved,Success,40,Male,518
TXN0002488,2024-06-05,15:41:27,Dhangadhi Branch,Kailali,Mobile Banking,Bill Payment,N/A,Savings,9750.09,91,Issuer Unavailable,Failed,44,Male,605
TXN0002489,2024-06-05,17:44:18,Dharan Branch,Sunsari,ATM,Mini Statement,Debit Card,Savings,0.0,00,Approved,Success,31,Male,973
TXN0002490,2024-06-05,22:57:22,Biratnagar Main,Morang,Mobile Banking,Balance Inquiry,N/A,Current,0.0,00,Approved,Success,32,Female,784
TXN0002491,2024-06-06,00:10:22,Dharan Branch,Sunsari,ATM,Balance Inquiry,Credit Card,Savings,0.0,00,Approved,Success,25,Female,490
TXN0002492,2024-06-06,03:25:24,Hetauda Branch,Makwanpur,POS,Purchase,Credit Card,Current,866.51,55,Incorrect PIN,Reversed,24,Female,586
TXN0002493,2024-06-06,09:25:50,Nepalgunj Branch,Banke,POS,Refund,Debit Card,Savings,3070.61,00,Approved,Success,28,Male,537
TXN0002493,2024-06-06,09:25:50,Nepalgunj Branch,Banke,POS,Refund,Debit Card,Savings,3070.61,00,Approved,Success,28,Male,537
TXN0002494,2024-06-06,10:21:40,Bharatpur Branch,Chitwan,POS,Purchase,Debit Card,Savings,10199.89,00,Approved,Success,29,Female,848
TXN0002495,2024-06-06,10:38:41,Dharan Branch,Sunsari,Internet Banking,Statement Download,N/A,Savings,0.0,00,Approved,Success,25,Male,478
TXN0002496,2024-06-06,10:54:20,Lalitpur Branch,Lalitpur,ATM,Cash Withdrawal,Debit Card,Savings,500.0,00,Approved,Success,35,Male,1075
TXN0002497,2024-06-06,10:58:39,Hetauda Branch,Makwanpur,ATM,Mini Statement,Debit Card,Savings,0.0,00,Approved,Success,21,Female,273
TXN0002498,2024-06-06,11:36:33,Bhaktapur Branch,Bhaktapur,ATM,Balance Inquiry,Debit Card,Savings,0.0,51,Insufficient Funds,Timeout,22,Female,1480
TXN0002499,2024-06-06,12:12:32,Dhangadhi Branch,Kailali,POS,Refund,Debit Card,Savings,8527.02,00,Approved,Success,45,Male,353
TXN0002500,2024-06-06,12:38:48,Butwal Branch,Rupandehi,Branch Counter,Account Opening,N/A,Savings,0.0,00,Approved,Success,31,Female,821
TXN0002501,2024-06-06,12:41:38,Itahari Branch,Sunsari,Mobile Banking,Mobile Top-up,N/A,Savings,50.0,00,Approved,Success,25,Female,80
TXN0002502,2024-06-06,13:32:58,Bharatpur Branch,Chitwan,Internet Banking,Fund Transfer,N/A,Savings,30008.99,00,Approved,Success,38,Male,550
TXN0002503,2024-06-06,14:10:09,Nepalgunj Branch,Banke,Internet Banking,Balance Inquiry,N/A,Savings,0.0,00,Approved,Success,32,Female,747
TXN0002504,2024-06-06,16:08:15,New Baneshwor,Kathmandu,ATM,Balance Inquiry,Debit Card,Savings,0.0,00,Approved,Success,47,Female,1330
TXN0002505,2024-06-06,16:51:26,Butwal Branch,Rupandehi,ATM,Cash Withdrawal,Debit Card,Savings,1000.0,00,Approved,Success,42,Female,80
TXN0002506,2024-06-06,17:19:13,Itahari Branch,Sunsari,Mobile Banking,Balance Inquiry,N/A,Savings,0.0,00,Approved,Success,26,Female,603
TXN0002507,2024-06-06,21:28:24,Hetauda Branch,Makwanpur,ATM,Mini Statement,Debit Card,Savings,0.0,00,Approved,Success,35,Male,1564
TXN0002508,2024-06-07,00:16:27,Dhangadhi Branch,Kailali,POS,Purchase,Debit Card,Savings,13976.29,00,Approved,Success,32,Female,728
TXN0002509,2024-06-07,05:37:36,Dhangadhi Branch,Kailali,ATM,PIN Change,Debit Card,Savings,0.0,00,Approved,Success,26,Female,892
TXN0002510,2024-06-07,05:53:37,Hetauda Branch,Makwanpur,Mobile Banking,QR Payment,N/A,Savings,2851.83,00,Approved,Success,19,Male,396
TXN0002511,2024-06-07,06:20:12,Bhaktapur Branch,Bhaktapur,Internet Banking,Balance Inquiry,N/A,Savings,0.0,00,Approved,Success,50,Female,414
TXN0002512,2024-06-07,08:26:37,Hetauda Branch,Makwanpur,Mobile Banking,Mobile Top-up,N/A,Savings,500.0,00,Approved,Success,44,Female,690
TXN0002513,2024-06-07,09:56:02,New Baneshwor,Kathmandu,Internet Banking,Bill Payment,N/A,Savings,2697.18,00,Approved,Success,37,Male,424
TXN0002514,2024-06-07,10:38:27,Birgunj Branch,Parsa,Internet Banking,Bill Payment,N/A,Savings,10035.02,00,Approved,Success,18,Female,633
TXN0002515,2024-06-07,11:44:42,Nepalgunj Branch,Banke,ATM,PIN Change,Credit Card,Savings,0.0,51,Insufficient Funds,Failed,26,Male,1743
TXN0002516,2024-06-07,11:55:16,Bhaktapur Branch,Bhaktapur,ATM,PIN Change,Debit Card,Current,0.0,55,Incorrect PIN,Reversed,55,Female,895
TXN0002517,2024-06-07,12:02:19,Dhangadhi Branch,Kailali,Mobile Banking,Fund Transfer,N/A,Savings,84342.12,00,Approved,Success,47,Female,430
TXN0002518,2024-06-07,12:45:55,Bhaktapur Branch,Bhaktapur,Mobile Banking,Bill Payment,N/A,Current,9919.02,55,Incorrect PIN,Timeout,43,Male,592
TXN0002519,2024-06-07,12:47:58,Kathmandu Main,Kathmandu,POS,Refund,Debit Card,Current,5915.31,00,Approved,Success,25,Female,627
TXN0002520,2024-06-07,16:18:53,Janakpur Branch,Dhanusha,Mobile Banking,Balance Inquiry,N/A,Savings,0.0,51,Insufficient Funds,Failed,19,Female,767
TXN0002521,2024-06-07,16:32:55,Dharan Branch,Sunsari,Internet Banking,Statement Download,N/A,Savings,0.0,00,Approved,Success,25,Female,559
TXN0002522,2024-06-07,16:50:27,Kathmandu Main,Kathmandu,Mobile Banking,QR Payment,N/A,Current,471.98,14,Invalid Card,Reversed,0,Male,776
TXN0002523,2024-06-07,17:11:06,Biratnagar Main,Morang,ATM,PIN Change,Debit Card,Current,0.0,00,Approved,Success,39,Male,1100
TXN0002524,2024-06-07,17:25:53,Biratnagar Main,Morang,POS,Refund,Debit Card,Current,1143.85,00,Approved,Success,30,Female,594
TXN0002525,2024-06-07,17:47:50,Hetauda Branch,Makwanpur,ATM,PIN Change,Debit Card,Savings,0.0,00,Approved,Success,47,Male,1536
TXN0002526,2024-06-07,17:55:50,Itahari Branch,Sunsari,ATM,Mini Statement,Debit Card,Fixed Deposit,0.0,00,Approved,Success,32,Male,1337
TXN0002527,2024-06-07,19:17:58,Birgunj Branch,Parsa,ATM,Mini Statement,Debit Card,Savings,0.0,00,Approved,Success,41,Female,802
TXN0002528,2024-06-07,23:11:17,Biratnagar Main,Morang,POS,Purchase,Debit Card,Savings,14246.38,00,Approved,Success,,Male,493
TXN0002529,2024-06-07,23:44:27,Lalitpur Branch,Lalitpur,Mobile Banking,QR Payment,N/A,Current,1499.4,00,Approved,Success,29,Male,468
TXN0002530,2024-06-08,00:42:54,Hetauda Branch,Makwanpur,Internet Banking,Balance Inquiry,N/A,Current,0.0,00,Approved,Success,38,Male,469
TXN0002531,2024-06-08,04:49:44,Butwal Branch,Rupandehi,Internet Banking,Fund Transfer,N/A,Savings,26675.0,00,Approved,Success,36,Female,802
TXN0002532,2024-06-08,06:01:34,Birgunj Branch,Parsa,ATM,Balance Inquiry,Credit Card,Savings,0.0,00,Approved,Success,32,Male,270
TXN0002533,2024-06-08,06:06:49,Bhaktapur Branch,Bhaktapur,ATM,Mini Statement,Prepaid Card,Current,0.0,00,Approved,Success,18,Male,1479
TXN0002534,2024-06-08,09:48:35,Dhangadhi Branch,Kailali,POS,Refund,Debit Card,Savings,4813.87,00,Approved,Success,27,Male,574
TXN0002535,2024-06-08,10:50:30,Pokhara Lakeside,Kaski,ATM,Balance Inquiry,Debit Card,Savings,0.0,00,Approved,Success,18,Male,715
TXN0002536,2024-06-08,11:10:41,Dharan Branch,Sunsari,ATM,Cash Withdrawal,Debit Card,Savings,8000.0,00,Approved,Success,36,Male,477
TXN0002536,2024-06-08,11:10:41,Dharan Branch,Sunsari,ATM,Cash Withdrawal,Debit Card,Savings,8000.0,00,Approved,Success,36,Male,477
TXN0002537,2024-06-08,12:48:05,Pokhara Lakeside,Kaski,Internet Banking,Balance Inquiry,N/A,Savings,0.0,00,Approved,Success,,Male,922
TXN0002538,2024-06-08,14:21:15,Pokhara Lakeside,Kaski,Mobile Banking,Mobile Top-up,N/A,Savings,50.0,00,Approved,Success,41,Male,549
TXN0002539,2024-06-08,14:35:44,Bharatpur Branch,Chitwan,Internet Banking,Statement Download,N/A,Savings,0.0,00,Approved,Success,62,Male,341
TXN0002540,2024-06-08,14:58:36,Biratnagar Main,Morang,Mobile Banking,Fund Transfer,N/A,Savings,79638.24,00,Approved,Success,24,Female,621
TXN0002541,2024-06-08,15:17:46,Nepalgunj Branch,Banke,Mobile Banking,Mobile Top-up,N/A,Savings,50.0,00,Approved,Success,36,Female,344
TXN0002542,2024-06-08,18:10:36,Pokhara Lakeside,Kaski,ATM,Mini Statement,Debit Card,Savings,0.0,00,Approved,Success,21,Female,1187
TXN0002543,2024-06-08,20:03:30,Kathmandu Main,Kathmandu,ATM,Mini Statement,Credit Card,Savings,0.0,00,Approved,Success,35,Female,690
TXN0002544,2024-06-09,01:12:34,Itahari Branch,Sunsari,POS,Purchase,Debit Card,Current,13096.03,00,Approved,Success,47,Male,469
TXN0002545,2024-06-09,06:26:19,Kathmandu Main,Kathmandu,ATM,PIN Change,Prepaid Card,Current,0.0,00,Approved,Success,40,Female,1249
TXN0002546,2024-06-09,07:54:06,Dharan Branch,Sunsari,POS,Refund,Debit Card,Savings,4109.82,91,Issuer Unavailable,Failed,40,Female,270
TXN0002547,2024-06-09,09:36:53,Kathmandu Main,Kathmandu,POS,Purchase,Debit Card,Savings,14027.9,00,Approved,Success,29,Female,671
TXN0002548,2024-06-09,10:46:30,Kathmandu Main,Kathmandu,Mobile Banking,Bill Payment,N/A,Savings,5839.08,00,Approved,Success,26,Male,213
TXN0002549,2024-06-09,11:52:50,Butwal Branch,Rupandehi,ATM,PIN Change,Prepaid Card,Savings,0.0,00,Approved,Success,55,Female,1059
TXN0002550,2024-06-09,12:03:33,Janakpur Branch,Dhanusha,ATM,Mini Statement,Debit Card,Savings,0.0,00,Approved,Success,30,Male,1217
TXN0002551,2024-06-09,13:14:06,Hetauda Branch,Makwanpur,Mobile Banking,Bill Payment,N/A,Savings,5125.84,00,Approved,Success,18,Female,625
TXN0002552,2024-06-09,13:40:03,Birgunj Branch,Parsa,ATM,Cash Withdrawal,Prepaid Card,Savings,15000.0,00,Approved,Success,44,Male,1347
TXN0002553,2024-06-09,14:08:13,Dharan Branch,Sunsari,Mobile Banking,QR Payment,N/A,Savings,4596.31,00,Approved,Success,28,Male,163
TXN0002554,2024-06-09,16:10:20,Bhaktapur Branch,Bhaktapur,Mobile Banking,Bill Payment,N/A,Savings,3396.76,00,Approved,Success,22,Female,965
TXN0002555,2024-06-09,16:32:35,  Bharatpur Branch  ,Chitwan,Mobile Banking,Bill Payment,N/A,Savings,9249.36,00,Approved,Success,46,Female,952
TXN0002556,2024-06-09,18:47:25,Hetauda Branch,Makwanpur,Mobile Banking,Balance Inquiry,N/A,Savings,0.0,00,Approved,Success,40,Female,945
TXN0002557,2024-06-10,03:00:18,Kathmandu Main,Kathmandu,Mobile Banking,Mobile Top-up,N/A,Savings,500.0,00,Approved,Success,29,Female,666
TXN0002558,2024-06-10,04:46:36,Janakpur Branch,Dhanusha,Mobile Banking,Bill Payment,N/A,Savings,606.96,00,Approved,Success,18,Male,722
TXN0002559,2024-06-10,09:30:39,Hetauda Branch,Makwanpur,Mobile Banking,Fund Transfer,N/A,Savings,58310.32,00,Approved,Success,27,Female,473
TXN0002560,2024-06-10,09:37:47,Birgunj Branch,Parsa,Mobile Banking,Balance Inquiry,N/A,Savings,0.0,00,Approved,Success,55,Male,567
TXN0002561,2024-06-10,10:36:44,Nepalgunj Branch,Banke,ATM,Balance Inquiry,Credit Card,Savings,0.0,00,Approved,Success,24,Female,897
TXN0002562,2024-06-10,11:00:30,Biratnagar Main,Morang,ATM,Cash Withdrawal,Debit Card,Savings,3000.0,00,Approved,Success,26,Female,1427
TXN0002563,2024-06-10,11:00:33,Nepalgunj Branch,Banke,Internet Banking,Bill Payment,N/A,Savings,10730.7,00,Approved,Success,42,Female,260
TXN0002564,2024-06-10,11:34:21,Bharatpur Branch,Chitwan,POS,Purchase,Debit Card,Current,11940.58,00,Approved,Success,44,Male,552
TXN0002565,2024-06-10,12:15:13,Itahari Branch,Sunsari,ATM,PIN Change,Debit Card,Savings,0.0,00,Approved,Success,26,Female,1674
TXN0002566,2024-06-10,12:26:52,Birgunj Branch,Parsa,ATM,PIN Change,Prepaid Card,Current,0.0,00,Approved,Success,18,Male,938
TXN0002567,2024-06-10,15:09:29,Butwal Branch,Rupandehi,ATM,Mini Statement,Debit Card,Current,0.0,00,Approved,Success,29,Female,1607
TXN0002568,2024-06-10,16:06:05,Dharan Branch,Sunsari,Mobile Banking,Mobile Top-up,N/A,Savings,50.0,00,Approved,Success,31,Female,633
TXN0002569,2024-06-10,16:27:57,Janakpur Branch,Dhanusha,ATM,PIN Change,Debit Card,Savings,0.0,00,Approved,Success,47,Female,1708
TXN0002570,2024-06-10,16:30:33,Birgunj Branch,Parsa,Internet Banking,Balance Inquiry,N/A,Current,0.0,00,Approved,Success,38,Male,381
TXN0002571,2024-06-10,16:31:32,Birgunj Branch,Parsa,Mobile Banking,Mobile Top-up,N/A,Savings,100.0,00,Approved,Success,,Female,501
TXN0002572,2024-06-10,17:06:52,New Baneshwor,Kathmandu,POS,Purchase,Prepaid Card,Savings,11831.85,00,Approved,Success,18,Female,788
TXN0002573,2024-06-10,18:29:41,Lalitpur Branch,Lalitpur,Mobile Banking,QR Payment,N/A,Savings,4443.99,00,Approved,Success,47,Male,667
TXN0002574,2024-06-10,19:10:11,Janakpur Branch,Dhanusha,Mobile Banking,Bill Payment,N/A,Savings,4720.52,00,Approved,Success,,Male,547
TXN0002575,2024-06-10,19:32:02,Dharan Branch,Sunsari,ATM,PIN Change,Debit Card,Savings,0.0,00,Approved,Success,57,Female,1093
TXN0002576,2024-06-10,20:54:30,Nepalgunj Branch,Banke,Mobile Banking,QR Payment,N/A,Current,2310.6,00,Approved,Success,37,Male,337
TXN0002577,2024-06-10,22:44:43,Birgunj Branch,Parsa,ATM,Mini Statement,Debit Card,Savings,0.0,91,Issuer Unavailable,Timeout,41,Female,1828
TXN0002578,2024-06-10,23:58:18,Bhaktapur Branch,Bhaktapur,Mobile Banking,QR Payment,N/A,Savings,4764.01,00,Approved,Success,37,Female,642
TXN0002579,2024-06-11,02:20:46,Janakpur Branch,Dhanusha,ATM,Mini Statement,Debit Card,Current,0.0,00,Approved,Success,45,Male,1235
TXN0002580,2024-06-11,07:02:52,Janakpur Branch,Dhanusha,ATM,Cash Withdrawal,Debit Card,Savings,10000.0,00,Approved,Success,30,Male,1155
TXN0002581,2024-06-11,08:13:20,Itahari Branch,Sunsari,ATM,PIN Change,Debit Card,Savings,0.0,00,Approved,Success,41,Female,1255
TXN0002582,2024-06-11,11:42:38,Pokhara Lakeside,Kaski,ATM,PIN Change,Debit Card,Savings,0.0,00,Approved,Success,42,Female,846
TXN0002583,2024-06-11,11:58:46,Kathmandu Main,Kathmandu,POS,Refund,Debit Card,Savings,5528.65,55,Incorrect PIN,Reversed,56,Female,1151
TXN0002584,2024-06-11,13:25:53,Dharan Branch,Sunsari,Branch Counter,Fund Transfer,N/A,Savings,3734.25,00,Approved,Success,58,Male,961
TXN0002585,2024-06-11,13:27:25,Hetauda Branch,Makwanpur,Internet Banking,Balance Inquiry,N/A,Savings,0.0,51,Insufficient Funds,Timeout,39,Female,486
TXN0002586,2024-06-11,14:38:10,Kathmandu Main,Kathmandu,POS,Purchase,Debit Card,Savings,2896.35,00,Approved,Success,24,Male,547
TXN0002587,2024-06-11,15:08:40,Biratnagar Main,Morang,Mobile Banking,Balance Inquiry,N/A,Savings,0.0,00,Approved,Success,49,Male,364
TXN0002588,2024-06-11,15:24:59,Lalitpur Branch,Lalitpur,Mobile Banking,Bill Payment,N/A,Savings,11446.75,00,Approved,Success,49,Female,575
TXN0002589,2024-06-11,19:01:28,Dhangadhi Branch,Kailali,ATM,PIN Change,Debit Card,Current,0.0,00,Approved,Success,34,Female,1524
TXN0002590,2024-06-11,21:11:51,Pokhara Lakeside,Kaski,POS,Purchase,Debit Card,Savings,9410.5,00,Approved,Success,53,Female,902
TXN0002591,2024-06-11,21:43:57,Itahari Branch,Sunsari,Internet Banking,Bill Payment,N/A,Current,5597.82,00,Approved,Success,27,Male,368
TXN0002592,2024-06-12,04:29:20,Nepalgunj Branch,Banke,Mobile Banking,Mobile Top-up,N/A,Savings,100.0,00,Approved,Success,39,Male,261
TXN0002593,2024-06-12,04:37:02,Bhaktapur Branch,Bhaktapur,ATM,PIN Change,Debit Card,Savings,0.0,00,Approved,Success,32,Male,795
TXN0002594,2024-06-12,08:04:17,Butwal Branch,Rupandehi,Internet Banking,Fund Transfer,N/A,Savings,75279.11,00,Approved,Success,18,Female,674
TXN0002595,2024-06-12,08:20:08,Bhaktapur Branch,Bhaktapur,ATM,PIN Change,Debit Card,Fixed Deposit,0.0,00,Approved,Success,44,Female,1475
TXN0002596,2024-06-12,09:19:24,Janakpur Branch,Dhanusha,Mobile Banking,Balance Inquiry,N/A,Savings,0.0,00,Approved,Success,25,Female,977
TXN0002597,2024-06-12,09:24:21,Bhaktapur Branch,Bhaktapur,Branch Counter,Account Opening,N/A,Fixed Deposit,0.0,00,Approved,Success,31,Male,680
TXN0002598,2024-06-12,09:29:32,New Baneshwor,Kathmandu,POS,Purchase,Debit Card,Savings,673.85,00,Approved,Success,23,Female,566
TXN0002599,2024-06-12,10:18:22,Lalitpur Branch,Lalitpur,Mobile Banking,Fund Transfer,N/A,Savings,48363.14,00,Approved,Success,40,Female,663
TXN0002600,2024-06-12,10:25:00,Dharan Branch,Sunsari,POS,Purchase,Credit Card,Savings,3971.34,55,Incorrect PIN,Reversed,21,Female,814
TXN0002601,2024-06-12,10:46:05,Kathmandu Main,Kathmandu,Mobile Banking,Fund Transfer,N/A,Savings,74736.54,00,Approved,Success,33,Female,80
TXN0002602,2024-06-12,10:57:06,Itahari Branch,Sunsari,ATM,Balance Inquiry,Debit Card,Fixed Deposit,0.0,00,Approved,Success,38,Female,895
TXN0002603,2024-06-12,11:21:11,Bhaktapur Branch,Bhaktapur,ATM,Balance Inquiry,Debit Card,Current,0.0,55,Incorrect PIN,Failed,43,Female,1635
TXN0002604,2024-06-12,11:24:42,Kathmandu Main,Kathmandu,POS,Purchase,Credit Card,Savings,179.65,00,Approved,Success,39,Female,806
TXN0002605,2024-06-12,11:31:21,Dhangadhi Branch,Kailali,Internet Banking,Balance Inquiry,N/A,Savings,0.0,00,Approved,Success,18,Female,729
TXN0002606,2024-06-12,11:59:07,Bhaktapur Branch,Bhaktapur,POS,Refund,Debit Card,Savings,7413.98,00,Approved,Success,30,Female,300
TXN0002607,2024-06-12,12:47:59,Dhangadhi Branch,Kailali,Mobile Banking,Fund Transfer,N/A,Current,8455.22,00,Approved,Success,19,Female,549
TXN0002608,2024-06-12,13:07:11,Pokhara Lakeside,Kaski,Mobile Banking,Bill Payment,N/A,Current,8177.47,00,Approved,Success,40,Female,653
TXN0002609,2024-06-12,13:17:11,Birgunj Branch,Parsa,Mobile Banking,QR Payment,N/A,Current,4579.08,00,Approved,Success,26,Male,482
TXN0002610,2024-06-12,13:27:28,Pokhara Lakeside,Kaski,ATM,Mini Statement,Debit Card,Savings,0.0,00,Approved,Success,30,Female,1209
TXN0002611,2024-06-12,15:47:33,Butwal Branch,Rupandehi,Mobile Banking,Bill Payment,N/A,Savings,4565.17,00,Approved,Success,43,,915
TXN0002612,2024-06-12,16:50:39,Dharan Branch,Sunsari,ATM,Mini Statement,Credit Card,Savings,0.0,00,Approved,Success,30,Female,1512
TXN0002613,2024-06-12,17:38:19,Hetauda Branch,Makwanpur,Mobile Banking,Fund Transfer,N/A,Savings,79414.54,00,Approved,Success,36,Female,1114
TXN0002614,2024-06-12,18:40:14,Butwal Branch,Rupandehi,Internet Banking,Bill Payment,N/A,Savings,4714.6,00,Approved,Success,30,Male,606
TXN0002615,2024-06-12,19:18:59,Butwal Branch,Rupandehi,ATM,Balance Inquiry,Debit Card,Current,0.0,00,Approved,Success,18,Male,1292
TXN0002616,2024-06-12,22:35:00,Janakpur Branch,Dhanusha,POS,Purchase,Debit Card,Savings,8297.03,00,Approved,Success,18,Male,969
TXN0002617,2024-06-13,05:13:15,Lalitpur Branch,Lalitpur,ATM,Cash Withdrawal,Debit Card,Savings,15000.0,00,Approved,Success,53,Female,1364
TXN0002618,2024-06-13,09:03:22,Janakpur Branch,Dhanusha,Mobile Banking,Bill Payment,N/A,Savings,6314.2,00,Approved,Success,18,Female,685
TXN0002619,2024-06-13,11:30:56,Bhaktapur Branch,Bhaktapur,Branch Counter,Cash Withdrawal,N/A,Savings,10000.0,00,Approved,Success,35,Male,506
TXN0002620,2024-06-13,11:39:46,Kathmandu Main,Kathmandu,Mobile Banking,Bill Payment,N/A,Savings,6454.92,00,Approved,Success,29,Female,477
TXN0002621,2024-06-13,12:01:30,Pokhara Lakeside,Kaski,Mobile Banking,QR Payment,N/A,Savings,3249.25,00,Approved,Success,42,Female,631
TXN0002622,2024-06-13,12:16:07,Bhaktapur Branch,Bhaktapur,POS,Purchase,Debit Card,Current,426.77,00,Approved,Success,43,Female,487
TXN0002623,2024-06-13,12:18:54,Biratnagar Main,Morang,ATM,PIN Change,Debit Card,Savings,0.0,00,Approved,Success,18,Female,1484
TXN0002624,2024-06-13,12:20:16,Birgunj Branch,Parsa,Mobile Banking,Bill Payment,N/A,Savings,6096.99,00,Approved,Success,18,Male,847
TXN0002625,2024-06-13,12:38:27,Pokhara Lakeside,Kaski,Mobile Banking,Fund Transfer,N/A,Savings,63491.13,00,Approved,Success,18,Female,1319
TXN0002626,2024-06-13,13:22:04,Butwal Branch,Rupandehi,POS,Purchase,Debit Card,Savings,8711.81,00,Approved,Success,54,Male,251
TXN0002627,2024-06-13,13:44:44,Dhangadhi Branch,Kailali,POS,Purchase,Debit Card,Savings,5223.27,00,Approved,Success,31,Female,371
TXN0002628,2024-06-13,15:10:49,Birgunj Branch,Parsa,POS,Refund,Debit Card,Savings,3542.43,00,Approved,Success,35,Female,516
TXN0002629,2024-06-13,15:34:26,Birgunj Branch,Parsa,ATM,Mini Statement,Debit Card,Savings,0.0,00,Approved,Success,43,Male,1371
TXN0002630,2024-06-13,15:35:10,Bhaktapur Branch,Bhaktapur,Internet Banking,Bill Payment,N/A,Savings,2329.34,00,Approved,Success,31,Male,1016
TXN0002631,2024-06-13,15:47:39,Hetauda Branch,Makwanpur,Mobile Banking,Balance Inquiry,N/A,Current,0.0,00,Approved,Success,46,Female,898
TXN0002632,2024-06-13,15:55:39,Biratnagar Main,Morang,Mobile Banking,Balance Inquiry,N/A,Current,0.0,00,Approved,Success,25,Male,383
TXN0002633,2024-06-13,18:47:59,Butwal Branch,Rupandehi,POS,Refund,Debit Card,Savings,9023.0,00,Approved,Success,37,Female,780
TXN0002634,2024-06-13,20:41:39,Janakpur Branch,Dhanusha,Internet Banking,Statement Download,N/A,Savings,0.0,00,Approved,Success,54,Female,441
TXN0002635,2024-06-14,00:02:18,Bharatpur Branch,Chitwan,Mobile Banking,QR Payment,N/A,Savings,3840.26,51,Insufficient Funds,Reversed,26,Female,811
TXN0002636,2024-06-14,03:06:32,Birgunj Branch,Parsa,Mobile Banking,Balance Inquiry,N/A,Savings,0.0,00,Approved,Success,36,Male,1000
TXN0002637,2024-06-14,05:40:51,Hetauda Branch,Makwanpur,Internet Banking,Bill Payment,N/A,Savings,846.19,00,Approved,Success,48,Female,610
TXN0002638,2024-06-14,07:22:37,Butwal Branch,Rupandehi,Mobile Banking,Bill Payment,N/A,Fixed Deposit,691.74,00,Approved,Success,38,Female,645
TXN0002639,2024-06-14,11:42:25,Janakpur Branch,Dhanusha,ATM,Balance Inquiry,Debit Card,Savings,0.0,00,Approved,Success,23,Male,1137
TXN0002640,2024-06-14,12:35:12,Nepalgunj Branch,Banke,ATM,Mini Statement,Debit Card,Savings,0.0,00,Approved,Success,24,Male,1580
TXN0002641,2024-06-14,12:36:46,Pokhara Lakeside,Kaski,Mobile Banking,QR Payment,N/A,Current,2869.21,00,Approved,Success,18,Female,377
TXN0002642,2024-06-14,12:44:03,Itahari Branch,Sunsari,Mobile Banking,Fund Transfer,N/A,Savings,87386.39,51,Insufficient Funds,Timeout,56,Female,1048
TXN0002643,2024-06-14,13:07:12,Butwal Branch,Rupandehi,ATM,Mini Statement,Debit Card,Savings,0.0,00,Approved,Success,46,Female,1795
TXN0002644,2024-06-14,15:38:01,Dhangadhi Branch,Kailali,Mobile Banking,QR Payment,N/A,Current,1685.31,00,Approved,Success,33,Female,881
TXN0002645,2024-06-14,16:06:52,Dhangadhi Branch,Kailali,ATM,PIN Change,Debit Card,Savings,0.0,00,Approved,Success,46,Male,1515
TXN0002646,2024-06-14,16:11:35,Nepalgunj Branch,Banke,ATM,Cash Withdrawal,Debit Card,Savings,8000.0,00,Approved,Success,40,Female,1091
TXN0002647,2024-06-14,16:25:27,Itahari Branch,Sunsari,ATM,Cash Withdrawal,Debit Card,Savings,20000.0,00,Approved,Success,18,Female,1116
TXN0002648,2024-06-14,17:04:49,Bhaktapur Branch,Bhaktapur,Mobile Banking,Fund Transfer,N/A,Savings,49555.47,00,Approved,Success,37,Female,939
TXN0002649,2024-06-14,17:19:39,Bhaktapur Branch,Bhaktapur,Branch Counter,Cash Withdrawal,N/A,Current,8000.0,00,Approved,Success,32,Female,80
TXN0002650,2024-06-14,18:05:14,Dhangadhi Branch,Kailali,Mobile Banking,QR Payment,N/A,Current,3464.18,00,Approved,Success,25,Female,611
TXN0002651,2024-06-14,20:55:03,Biratnagar Main,Morang,Internet Banking,Statement Download,N/A,Savings,0.0,00,Approved,Success,44,Male,461
TXN0002651,2024-06-14,20:55:03,Biratnagar Main,Morang,Internet Banking,Statement Download,N/A,Savings,0.0,00,Approved,Success,44,Male,461
TXN0002652,2024-06-15,00:55:28,Bharatpur Branch,Chitwan,Mobile Banking,Mobile Top-up,N/A,Current,1000.0,00,Approved,Success,38,Male,744
TXN0002653,2024-06-15,06:36:08,Butwal Branch,Rupandehi,Internet Banking,Bill Payment,N/A,Savings,10253.13,96,System Malfunction,Failed,,Male,560
TXN0002654,2024-06-15,07:16:11,Biratnagar Main,Morang,Internet Banking,Bill Payment,N/A,Current,9678.23,00,Approved,Success,40,Female,206
TXN0002655,2024-06-15,08:46:18,Janakpur Branch,Dhanusha,ATM,Balance Inquiry,Debit Card,Savings,0.0,00,Approved,Success,28,Female,1330
TXN0002656,2024-06-15,09:02:16,Nepalgunj Branch,Banke,ATM,Mini Statement,Debit Card,Savings,0.0,00,Approved,Success,29,Male,1729
TXN0002657,2024-06-15,11:08:42,Dhangadhi Branch,Kailali,Internet Banking,Bill Payment,N/A,Current,7385.06,00,Approved,Success,27,Female,405
TXN0002658,2024-06-15,12:33:06,Biratnagar Main,Morang,Internet Banking,Balance Inquiry,N/A,Savings,0.0,00,Approved,Success,44,Male,572
TXN0002659,2024-06-15,14:14:17,Itahari Branch,Sunsari,ATM,Mini Statement,Credit Card,Current,0.0,00,Approved,Success,36,Female,1533
TXN0002660,2024-06-15,14:15:33,Dhangadhi Branch,Kailali,ATM,Cash Withdrawal,Prepaid Card,Savings,3000.0,00,Approved,Success,18,Male,1332
TXN0002661,2024-06-15,14:58:28,Kathmandu Main,Kathmandu,ATM,Mini Statement,Prepaid Card,Savings,0.0,00,Approved,Success,43,Female,1406
TXN0002662,2024-06-15,16:14:08,Dhangadhi Branch,Kailali,ATM,Balance Inquiry,Credit Card,Savings,0.0,00,Approved,Success,29,Male,1140
TXN0002663,2024-06-15,16:54:12,Bharatpur Branch,Chitwan,POS,Purchase,Debit Card,Savings,498.1,00,Approved,Success,28,Female,351
TXN0002664,2024-06-15,17:47:51,Dhangadhi Branch,Kailali,Internet Banking,Bill Payment,N/A,Savings,5302.23,00,Approved,Success,50,Male,813
TXN0002665,2024-06-15,20:27:49,Dharan Branch,Sunsari,Mobile Banking,Bill Payment,N/A,Savings,10524.26,00,Approved,Success,23,Female,93
TXN0002666,2024-06-16,00:22:54,Hetauda Branch,Makwanpur,Mobile Banking,Fund Transfer,N/A,Savings,73667.8,00,Approved,Success,20,Female,312
TXN0002667,2024-06-16,04:05:29,Bhaktapur Branch,Bhaktapur,POS,Purchase,Debit Card,Savings,2390.04,00,Approved,Success,37,Female,298
TXN0002668,2024-06-16,06:19:54,Dharan Branch,Sunsari,ATM,Mini Statement,Debit Card,Savings,0.0,00,Approved,Success,28,Female,1015
TXN0002669,2024-06-16,08:05:54,Dhangadhi Branch,Kailali,POS,Refund,Debit Card,Savings,5662.3,00,Approved,Success,54,Male,517
TXN0002670,2024-06-16,09:23:00,Janakpur Branch,Dhanusha,POS,Purchase,Debit Card,Current,333.93,00,Approved,Success,46,Male,748
TXN0002671,2024-06-16,10:05:07,HETAUDA BRANCH,Makwanpur,POS,Purchase,Debit Card,Savings,9489.33,00,Approved,Success,42,Female,790
TXN0002672,2024-06-16,10:14:19,Kathmandu Main,Kathmandu,ATM,Mini Statement,Debit Card,Savings,0.0,00,Approved,Success,18,Male,1847
TXN0002673,2024-06-16,10:21:45,Hetauda Branch,Makwanpur,ATM,PIN Change,Debit Card,Current,0.0,00,Approved,Success,56,Female,1304
TXN0002674,2024-06-16,12:28:14,Janakpur Branch,Dhanusha,Mobile Banking,Fund Transfer,N/A,Savings,25261.15,00,Approved,Success,29,Female,159
TXN0002675,2024-06-16,13:39:29,Bharatpur Branch,Chitwan,ATM,Cash Withdrawal,Debit Card,Savings,20000.0,00,Approved,Success,36,Male,1626
TXN0002676,2024-06-16,19:57:11,Kathmandu Main,Kathmandu,ATM,PIN Change,Credit Card,Savings,0.0,00,Approved,Success,18,Female,1155
TXN0002677,2024-06-16,20:38:06,Butwal Branch,Rupandehi,Mobile Banking,Mobile Top-up,N/A,Savings,200.0,00,Approved,Success,25,Female,423
TXN0002678,2024-06-17,01:43:07,New Baneshwor,Kathmandu,ATM,Mini Statement,Debit Card,Savings,0.0,00,Approved,Success,40,Male,320
TXN0002679,2024-06-17,08:14:40,Pokhara Lakeside,Kaski,ATM,Cash Withdrawal,Credit Card,Savings,8000.0,00,Approved,Success,46,Female,1496
TXN0002680,2024-06-17,10:03:23,Bharatpur Branch,Chitwan,Internet Banking,Statement Download,N/A,Savings,0.0,00,Approved,Success,49,Female,437
TXN0002681,2024-06-17,10:53:35,Birgunj Branch,Parsa,Internet Banking,Balance Inquiry,N/A,Savings,0.0,00,Approved,Success,44,Male,913
TXN0002682,2024-06-17,11:11:03,Hetauda Branch,Makwanpur,POS,Purchase,Debit Card,Savings,10841.36,00,Approved,Success,37,Female,813
TXN0002683,2024-06-17,11:36:04,Butwal Branch,Rupandehi,ATM,Cash Withdrawal,Prepaid Card,Savings,500.0,00,Approved,Success,19,Female,1306
TXN0002684,2024-06-17,11:36:45,Dharan Branch,Sunsari,ATM,Cash Withdrawal,Debit Card,Savings,1500.0,00,Approved,Success,38,Female,1219
TXN0002685,2024-06-17,11:42:50,Dhangadhi Branch,Kailali,ATM,Cash Withdrawal,Credit Card,Savings,20000.0,00,Approved,Success,18,Male,1225
TXN0002686,2024-06-17,12:19:51,Kathmandu Main,Kathmandu,ATM,PIN Change,Debit Card,Savings,0.0,00,Approved,Success,45,Female,1039
TXN0002687,2024-06-17,12:54:20,Dhangadhi Branch,Kailali,POS,Purchase,Debit Card,Savings,8613.37,96,System Malfunction,Timeout,48,Female,576
TXN0002688,2024-06-17,16:03:00,Dhangadhi Branch,Kailali,ATM,Balance Inquiry,Debit Card,Savings,0.0,00,Approved,Success,43,Male,1240
TXN0002689,2024-06-17,17:29:26,Bharatpur Branch,Chitwan,POS,Purchase,Credit Card,Savings,8386.77,00,Approved,Success,26,Male,622
TXN0002690,2024-06-17,18:40:10,Janakpur Branch,Dhanusha,POS,Refund,Debit Card,Savings,1517.66,00,Approved,Success,29,Female,368
TXN0002691,2024-06-17,20:46:16,Dharan Branch,Sunsari,ATM,Balance Inquiry,Debit Card,Savings,0.0,00,Approved,Success,37,Male,1173
TXN0002692,2024-06-17,22:42:24,Nepalgunj Branch,Banke,Branch Counter,Account Opening,N/A,Current,0.0,00,Approved,Success,38,Female,556
TXN0002693,2024-06-18,08:06:10,Biratnagar Main,Morang,Internet Banking,Balance Inquiry,N/A,Savings,0.0,00,Approved,Success,47,Female,789
TXN0002694,2024-06-18,09:05:40,Nepalgunj Branch,Banke,ATM,Cash Withdrawal,Debit Card,Savings,5000.0,00,Approved,Success,38,Female,2031
TXN0002695,2024-06-18,09:29:52,Biratnagar Main,Morang,ATM,Cash Withdrawal,Debit Card,Savings,15000.0,00,Approved,Success,42,Female,1190
TXN0002695,2024-06-18,09:29:52,Biratnagar Main,Morang,ATM,Cash Withdrawal,Debit Card,Savings,15000.0,00,Approved,Success,42,Female,1190
TXN0002696,2024-06-18,10:14:02,Itahari Branch,Sunsari,Mobile Banking,Mobile Top-up,N/A,Savings,200.0,00,Approved,Success,35,Female,435
TXN0002697,2024-06-18,11:32:05,Dhangadhi Branch,Kailali,Mobile Banking,Fund Transfer,N/A,Savings,52654.34,00,Approved,Success,28,Female,293
TXN0002698,2024-06-18,13:18:41,Itahari Branch,Sunsari,Mobile Banking,QR Payment,N/A,Savings,3328.45,00,Approved,Success,51,Female,547
TXN0002699,2024-06-18,13:24:11,New Baneshwor,Kathmandu,Mobile Banking,Balance Inquiry,N/A,Fixed Deposit,0.0,00,Approved,Success,68,Male,739
TXN0002700,2024-06-18,13:37:08,Hetauda Branch,Makwanpur,POS,Purchase,Debit Card,Savings,6167.53,00,Approved,Success,56,Male,441
TXN0002701,2024-06-18,13:40:47,LALITPUR BRANCH,Lalitpur,POS,Refund,Debit Card,Savings,1833.0,00,Approved,Success,46,Male,276
TXN0002702,2024-06-18,13:46:23,Dharan Branch,Sunsari,Internet Banking,Balance Inquiry,N/A,Savings,0.0,00,Approved,Success,37,Female,526
TXN0002703,2024-06-18,14:59:24,Bhaktapur Branch,Bhaktapur,POS,Refund,Credit Card,Savings,7941.79,00,Approved,Success,38,Male,389
TXN0002704,2024-06-18,15:47:00,New Baneshwor,Kathmandu,Mobile Banking,Fund Transfer,N/A,Savings,17259.2,00,Approved,Success,18,Female,756
TXN0002705,2024-06-18,16:35:57,Hetauda Branch,Makwanpur,Mobile Banking,Fund Transfer,N/A,Savings,8683.94,00,Approved,Success,28,Female,816
TXN0002706,2024-06-18,16:56:00,Kathmandu Main,Kathmandu,ATM,PIN Change,Debit Card,Current,0.0,96,System Malfunction,Failed,31,Female,1088
TXN0002707,2024-06-18,18:10:19,Bharatpur Branch,Chitwan,Mobile Banking,QR Payment,N/A,Savings,3856.87,00,Approved,Success,46,Male,896
TXN0002708,2024-06-18,19:07:44,Bhaktapur Branch,Bhaktapur,Mobile Banking,Mobile Top-up,N/A,Savings,50.0,00,Approved,Success,27,Male,958
TXN0002709,2024-06-18,19:57:13,Nepalgunj Branch,Banke,Internet Banking,Fund Transfer,N/A,Savings,34962.31,00,Approved,Success,22,Male,786
TXN0002710,2024-06-18,20:13:24,Biratnagar Main,Morang,POS,Purchase,Debit Card,Savings,14279.42,00,Approved,Success,49,Male,1005
TXN0002711,2024-06-18,20:28:51,Dharan Branch,Sunsari,Internet Banking,Balance Inquiry,N/A,Savings,0.0,00,Approved,Success,18,Male,978
TXN0002712,2024-06-19,02:08:52,Butwal Branch,Rupandehi,ATM,Cash Withdrawal,Debit Card,Savings,15000.0,00,Approved,Success,64,Female,659
TXN0002713,2024-06-19,07:49:00,Pokhara Lakeside,Kaski,ATM,Balance Inquiry,Debit Card,Savings,0.0,00,Approved,Success,37,Female,1127
TXN0002714,2024-06-19,08:03:38,New Baneshwor,Kathmandu,POS,Purchase,Debit Card,Savings,5560.11,00,Approved,Success,43,Female,500
TXN0002715,2024-06-19,09:25:17,Janakpur Branch,Dhanusha,ATM,Balance Inquiry,Debit Card,Savings,0.0,00,Approved,Success,32,Male,1415
TXN0002716,2024-06-19,09:47:57,Bhaktapur Branch,Bhaktapur,ATM,Mini Statement,Debit Card,Savings,0.0,00,Approved,Success,41,Male,825
TXN0002717,2024-06-19,10:11:51,Bhaktapur Branch,Bhaktapur,POS,Refund,Debit Card,Savings,6706.14,00,Approved,Success,41,Male,289
TXN0002718,2024-06-19,10:29:46,Pokhara Lakeside,Kaski,Mobile Banking,Fund Transfer,N/A,Savings,67309.52,00,Approved,Success,22,Female,931
TXN0002719,2024-06-19,10:37:51,Janakpur Branch,Dhanusha,POS,Refund,Credit Card,Current,100.14,00,Approved,Success,30,Male,833
TXN0002720,2024-06-19,10:38:44,Bhaktapur Branch,Bhaktapur,Internet Banking,Statement Download,N/A,Current,0.0,00,Approved,Success,18,Male,796
TXN0002721,2024-06-19,11:27:26,Dhangadhi Branch,Kailali,ATM,Balance Inquiry,Credit Card,Savings,0.0,00,Approved,Success,30,Male,1283
TXN0002722,2024-06-19,12:46:42,Butwal Branch,Rupandehi,Mobile Banking,Bill Payment,N/A,Current,9761.98,00,Approved,Success,26,Female,620
TXN0002723,2024-06-19,13:13:05,Pokhara Lakeside,Kaski,Mobile Banking,Fund Transfer,N/A,Savings,14409.43,51,Insufficient Funds,Timeout,40,Female,256
TXN0002724,2024-06-19,13:25:18,Lalitpur Branch,Lalitpur,pos,Refund,Debit Card,Current,8261.49,55,Incorrect PIN,Timeout,37,Male,960
TXN0002725,2024-06-19,15:55:19,Nepalgunj Branch,Banke,Mobile Banking,Mobile Top-up,N/A,Current,500.0,00,Approved,Success,54,Female,939
TXN0002726,2024-06-19,16:37:26,Hetauda Branch,Makwanpur,POS,Refund,Debit Card,Savings,4321.94,00,Approved,Success,38,Male,393
TXN0002727,2024-06-19,17:23:36,Bharatpur Branch,Chitwan,Internet Banking,Balance Inquiry,N/A,Savings,0.0,00,Approved,Success,36,Female,264
TXN0002728,2024-06-19,17:25:27,Bhaktapur Branch,Bhaktapur,Mobile Banking,Bill Payment,N/A,Savings,5593.48,00,Approved,Success,34,Male,376
TXN0002729,2024-06-19,18:41:52,Bhaktapur Branch,Bhaktapur,POS,Refund,Credit Card,Savings,4538.18,55,Incorrect PIN,Timeout,18,Male,757
TXN0002730,2024-06-19,18:53:33,Itahari Branch,Sunsari,Mobile Banking,Fund Transfer,N/A,Savings,25491.2,00,Approved,Success,32,Male,594
TXN0002731,2024-06-19,19:15:22,Bhaktapur Branch,Bhaktapur,Internet Banking,Fund Transfer,N/A,Fixed Deposit,74636.21,00,Approved,Success,36,Female,530
TXN0002732,2024-06-19,19:43:19,Dhangadhi Branch,Kailali,ATM,Cash Withdrawal,Credit Card,Savings,5000.0,00,Approved,Success,20,Male,846
TXN0002733,2024-06-19,20:55:39,Nepalgunj Branch,Banke,ATM,Balance Inquiry,Debit Card,Savings,0.0,00,Approved,Success,32,Female,1124
TXN0002734,2024-06-19,22:55:39,Dhangadhi Branch,Kailali,ATM,Balance Inquiry,Debit Card,Savings,0.0,05,Do Not Honor,Failed,30,Male,640
TXN0002735,2024-06-19,23:09:41,Birgunj Branch,Parsa,Internet Banking,Fund Transfer,N/A,Current,73249.91,00,Approved,Success,27,Female,604
TXN0002736,2024-06-20,06:52:52,Kathmandu Main,Kathmandu,ATM,Cash Withdrawal,Debit Card,Current,1500.0,00,Approved,Success,27,Female,1276
TXN0002737,2024-06-20,07:29:51,Biratnagar Main,Morang,Mobile Banking,Balance Inquiry,N/A,Savings,0.0,00,Approved,Success,28,Female,674
TXN0002738,2024-06-20,07:43:45,Nepalgunj Branch,Banke,POS,Refund,Debit Card,Current,4322.57,00,Approved,Success,36,Male,737
TXN0002739,2024-06-20,08:13:00,Butwal Branch,Rupandehi,POS,Refund,Debit Card,Savings,3795.72,00,Approved,Success,40,Male,897
TXN0002740,2024-06-20,10:28:58,Butwal Branch,Rupandehi,POS,Refund,Debit Card,Current,6366.83,96,System Malfunction,Timeout,44,Male,710
TXN0002741,2024-06-20,10:57:17,Itahari Branch,Sunsari,ATM,Cash Withdrawal,Debit Card,Current,15000.0,00,Approved,Success,29,Male,560
TXN0002742,2024-06-20,11:37:28,Bharatpur Branch,Chitwan,ATM,Cash Withdrawal,Prepaid Card,Savings,2500.0,51,Insufficient Funds,Failed,18,Male,960
TXN0002743,2024-06-20,13:32:28,Dhangadhi Branch,Kailali,ATM,PIN Change,Prepaid Card,Savings,0.0,00,Approved,Success,29,Male,1190
TXN0002744,2024-06-20,15:41:14,Itahari Branch,Sunsari,ATM,Mini Statement,Debit Card,Savings,0.0,00,Approved,Success,45,Female,742
TXN0002745,2024-06-20,16:10:51,Dharan Branch,Sunsari,Mobile Banking,Fund Transfer,N/A,Current,31401.61,00,Approved,Success,31,Male,704
TXN0002746,2024-06-20,16:18:08,Bharatpur Branch,Chitwan,Internet Banking,Bill Payment,N/A,Savings,11035.01,00,Approved,Success,18,Female,351
TXN0002747,2024-06-20,16:55:32,Dharan Branch,Sunsari,Internet Banking,Fund Transfer,N/A,Savings,3117.37,00,Approved,Success,39,Female,816
TXN0002748,2024-06-20,18:48:52,Hetauda Branch,Makwanpur,Mobile Banking,QR Payment,N/A,Savings,1841.79,00,Approved,Success,19,Male,372
TXN0002748,2024-06-20,18:48:52,Hetauda Branch,Makwanpur,Mobile Banking,QR Payment,N/A,Savings,1841.79,00,Approved,Success,19,Male,372
TXN0002749,2024-06-20,18:49:35,Butwal Branch,Rupandehi,POS,Purchase,Debit Card,Savings,11982.45,00,Approved,Success,25,Female,445
TXN0002750,2024-06-20,21:10:13,Itahari Branch,Sunsari,ATM,PIN Change,Prepaid Card,Savings,0.0,00,Approved,Success,26,Female,944
TXN0002751,2024-06-20,22:09:45,Itahari Branch,Sunsari,ATM,PIN Change,Credit Card,Savings,0.0,00,Approved,Success,47,Male,1155
TXN0002752,2024-06-21,06:34:14,New Baneshwor,Kathmandu,ATM,Mini Statement,Debit Card,Savings,0.0,00,Approved,Success,24,Male,181
TXN0002753,2024-06-21,07:06:43,Bhaktapur Branch,Bhaktapur,ATM,Balance Inquiry,Debit Card,Current,0.0,00,Approved,Success,42,Female,1253
TXN0002754,2024-06-21,07:15:56,Dhangadhi Branch,Kailali,ATM,Cash Withdrawal,Debit Card,Savings,1500.0,00,Approved,Success,22,Female,1181
TXN0002755,2024-06-21,08:03:37,Pokhara Lakeside,Kaski,Mobile Banking,Balance Inquiry,N/A,Savings,0.0,00,Approved,Success,18,Female,554
TXN0002756,2024-06-21,08:52:31,Bhaktapur Branch,Bhaktapur,Internet Banking,Statement Download,N/A,Savings,0.0,00,Approved,Success,24,Female,523
TXN0002757,2024-06-21,09:28:06,Dharan Branch,Sunsari,ATM,PIN Change,Debit Card,Savings,0.0,00,Approved,Success,24,Female,1333
TXN0002758,2024-06-21,10:01:07,Lalitpur Branch,Lalitpur,POS,Purchase,Debit Card,Savings,2055.62,00,Approved,Success,40,Female,527
TXN0002759,2024-06-21,10:12:57,Birgunj Branch,Parsa,ATM,PIN Change,Debit Card,Savings,0.0,00,Approved,Success,51,Male,1123
TXN0002760,2024-06-21,12:38:50,Kathmandu Main,Kathmandu,ATM,Balance Inquiry,Debit Card,Savings,0.0,00,Approved,Success,28,Female,792
TXN0002761,2024-06-21,13:18:49,Itahari Branch,Sunsari,ATM,PIN Change,Debit Card,Savings,0.0,00,Approved,Success,41,Female,1675
TXN0002762,2024-06-21,13:20:41,Birgunj Branch,Parsa,Internet Banking,Fund Transfer,N/A,Savings,60073.64,00,Approved,Success,34,Female,770
TXN0002763,2024-06-21,13:40:35,Lalitpur Branch,Lalitpur,POS,Purchase,Debit Card,Savings,831.06,00,Approved,Success,22,Female,799
TXN0002764,2024-06-21,16:14:59,Dharan Branch,Sunsari,Mobile Banking,Fund Transfer,N/A,Savings,80806.82,00,Approved,Success,18,Male,697
TXN0002765,2024-06-21,17:27:14,Bhaktapur Branch,Bhaktapur,Mobile Banking,Bill Payment,N/A,Savings,8143.77,00,Approved,Success,27,Female,157
TXN0002766,2024-06-21,17:31:23,Nepalgunj Branch,Banke,ATM,Balance Inquiry,Prepaid Card,Savings,0.0,00,Approved,Success,26,Male,728
TXN0002767,2024-06-21,18:32:13,  Itahari Branch  ,Sunsari,Mobile Banking,Mobile Top-up,N/A,Savings,200.0,00,Approved,Success,54,Female,255
TXN0002768,2024-06-21,20:57:10,Nepalgunj Branch,Banke,Branch Counter,Account Opening,N/A,Savings,0.0,00,Approved,Success,21,Male,862
TXN0002769,2024-06-21,21:09:59,Bharatpur Branch,Chitwan,ATM,Balance Inquiry,Prepaid Card,Savings,0.0,00,Approved,Success,24,Male,1278
TXN0002770,2024-06-21,23:16:19,Bharatpur Branch,Chitwan,POS,Refund,Prepaid Card,Savings,4027.83,00,Approved,Success,46,Female,732
TXN0002771,2024-06-21,23:54:02,Janakpur Branch,Dhanusha,Internet Banking,Statement Download,N/A,Savings,0.0,00,Approved,Success,28,Female,466
TXN0002772,2024-06-22,00:25:51,Lalitpur Branch,Lalitpur,ATM,Mini Statement,Credit Card,Current,0.0,00,Approved,Success,37,Female,1598
TXN0002773,2024-06-22,04:29:47,Hetauda Branch,Makwanpur,ATM,PIN Change,Credit Card,Savings,0.0,00,Approved,Success,29,Male,1439
TXN0002774,2024-06-22,05:58:30,Hetauda Branch,Makwanpur,Mobile Banking,Mobile Top-up,N/A,Savings,50.0,00,Approved,Success,18,Male,603
TXN0002775,2024-06-22,07:25:00,New Baneshwor,Kathmandu,Mobile Banking,Mobile Top-up,N/A,Savings,100.0,00,Approved,Success,29,Female,80
TXN0002776,2024-06-22,08:19:46,Itahari Branch,Sunsari,Mobile Banking,Balance Inquiry,N/A,Savings,0.0,00,Approved,Success,38,Male,695
TXN0002777,2024-06-22,09:39:08,Lalitpur Branch,Lalitpur,Mobile Banking,Bill Payment,N/A,Savings,3605.44,00,Approved,Success,41,Female,569
TXN0002778,2024-06-22,09:40:49,Dhangadhi Branch,Kailali,ATM,Mini Statement,Debit Card,Savings,0.0,00,Approved,Success,45,Female,1834
TXN0002779,2024-06-22,09:53:28,New Baneshwor,Kathmandu,ATM,Cash Withdrawal,Debit Card,Savings,-1000.0,00,Approved,Success,18,Male,1125
TXN0002780,2024-06-22,11:30:04,Dharan Branch,Sunsari,Mobile Banking,QR Payment,N/A,Savings,3015.62,00,Approved,Success,28,Male,803
TXN0002781,2024-06-22,11:48:37,Kathmandu Main,Kathmandu,POS,Purchase,Debit Card,Savings,11688.43,00,Approved,Success,37,Male,684
TXN0002782,2024-06-22,12:14:53,Itahari Branch,Sunsari,ATM,Balance Inquiry,Debit Card,Savings,0.0,00,Approved,Success,35,Female,1244
TXN0002783,2024-06-22,12:42:47,Biratnagar Main,Morang,POS,Purchase,Prepaid Card,Savings,13941.73,00,Approved,Success,33,Male,466
TXN0002784,2024-06-22,14:52:51,New Baneshwor,Kathmandu,Mobile Banking,QR Payment,N/A,Savings,71.88,55,Incorrect PIN,Timeout,30,Female,589
TXN0002785,2024-06-22,15:01:28,Hetauda Branch,Makwanpur,ATM,Cash Withdrawal,Debit Card,Savings,2000.0,00,Approved,Success,18,Male,1104
TXN0002786,2024-06-22,16:42:58,Bhaktapur Branch,Bhaktapur,Mobile Banking,Fund Transfer,N/A,Savings,33797.61,00,Approved,Success,23,,511
TXN0002787,2024-06-22,16:46:32,Biratnagar Main,Morang,Mobile Banking,Mobile Top-up,N/A,Current,1000.0,00,Approved,Success,,Male,767
TXN0002788,2024-06-22,18:42:49,Lalitpur Branch,Lalitpur,POS,Purchase,Debit Card,Savings,4448.09,91,Issuer Unavailable,Failed,25,Female,563
TXN0002789,2024-06-22,19:01:12,Bharatpur Branch,Chitwan,Internet Banking,Statement Download,N/A,Savings,0.0,00,Approved,Success,51,Female,601
TXN0002790,2024-06-22,19:28:59,Birgunj Branch,Parsa,Mobile Banking,Bill Payment,N/A,Savings,4188.47,91,Issuer Unavailable,Reversed,41,Male,718
TXN0002791,2024-06-23,09:33:41,Itahari Branch,Sunsari,ATM,PIN Change,Debit Card,Savings,0.0,00,Approved,Success,37,Male,716
TXN0002792,2024-06-23,10:30:22,Biratnagar Main,Morang,Mobile Banking,QR Payment,N/A,Savings,2071.97,00,Approved,Success,29,Female,755
TXN0002793,2024-06-23,11:58:30,Itahari Branch,Sunsari,ATM,Cash Withdrawal,Debit Card,Savings,10000.0,00,Approved,Success,31,Male,1140
TXN0002794,2024-06-23,12:05:44,Lalitpur Branch,Lalitpur,ATM,Mini Statement,Credit Card,Current,0.0,00,Approved,Success,18,Male,1731
TXN0002795,2024-06-23,13:32:27,Hetauda Branch,Makwanpur,ATM,PIN Change,Credit Card,Savings,0.0,00,Approved,Success,35,Female,1787
TXN0002796,2024-06-23,16:05:57,Dhangadhi Branch,Kailali,ATM,Balance Inquiry,Debit Card,Savings,0.0,00,Approved,Success,43,Male,1626
TXN0002797,2024-06-23,16:14:33,Dharan Branch,Sunsari,Internet Banking,Fund Transfer,N/A,Current,25917.51,00,Approved,Success,28,Female,668
TXN0002798,2024-06-23,17:05:48,Dhangadhi Branch,Kailali,Mobile Banking,Mobile Top-up,N/A,Savings,100.0,00,Approved,Success,35,Female,804
TXN0002799,2024-06-23,19:34:22,Itahari Branch,Sunsari,POS,Purchase,Prepaid Card,Savings,6167.04,00,Approved,Success,36,Female,544
TXN0002800,2024-06-23,19:42:27,Nepalgunj Branch,Banke,ATM,Balance Inquiry,Debit Card,Current,0.0,55,Incorrect PIN,Timeout,31,Female,851
TXN0002801,2024-06-23,21:20:52,Lalitpur Branch,Lalitpur,ATM,Cash Withdrawal,Debit Card,Savings,2000.0,00,Approved,Success,41,Female,1076
TXN0002802,2024-06-24,05:08:01,Janakpur Branch,Dhanusha,Branch Counter,Cash Deposit,N/A,Current,89155.36,00,Approved,Success,41,Male,375
TXN0002803,2024-06-24,05:13:48,Butwal Branch,Rupandehi,Mobile Banking,Bill Payment,N/A,Savings,11313.03,00,Approved,Success,,Female,475
TXN0002804,2024-06-24,07:54:33,Bhaktapur Branch,Bhaktapur,ATM,Mini Statement,Debit Card,Current,0.0,55,Incorrect PIN,Failed,21,Male,960
TXN0002805,2024-06-24,07:55:32,Dhangadhi Branch,Kailali,ATM,Balance Inquiry,Debit Card,Savings,0.0,00,Approved,Success,25,Female,1655
TXN0002806,2024-06-24,08:28:27,Janakpur Branch,Dhanusha,POS,Refund,Debit Card,Savings,4491.81,00,Approved,Success,42,Female,683
TXN0002807,2024-06-24,11:58:18,Bharatpur Branch,Chitwan,branch counter,Cash Deposit,N/A,Savings,8308.85,00,Approved,Success,49,Male,582
TXN0002808,2024-06-24,14:20:33,Lalitpur Branch,Lalitpur,Mobile Banking,Balance Inquiry,N/A,Savings,0.0,91,Issuer Unavailable,Timeout,18,Female,411
TXN0002809,2024-06-24,14:46:45,Janakpur Branch,Dhanusha,ATM,Cash Withdrawal,Debit Card,Savings,10000.0,00,Approved,Success,30,Male,1462
TXN0002810,2024-06-24,15:31:56,Lalitpur Branch,Lalitpur,POS,Refund,Debit Card,Savings,1056.05,00,Approved,Success,36,Male,562
TXN0002811,2024-06-24,15:35:04,Bharatpur Branch,Chitwan,Mobile Banking,Balance Inquiry,N/A,Savings,0.0,00,Approved,Success,26,Male,713
TXN0002812,2024-06-24,15:35:52,Lalitpur Branch,Lalitpur,Mobile Banking,QR Payment,N/A,Savings,4011.89,00,Approved,Success,43,Female,806
TXN0002813,2024-06-24,15:39:04,Dhangadhi Branch,Kailali,Mobile Banking,Fund Transfer,N/A,Savings,19823.43,00,Approved,Success,43,Male,290
TXN0002814,2024-06-24,16:10:56,Kathmandu Main,Kathmandu,Mobile Banking,QR Payment,N/A,Current,1237.48,00,Approved,Success,,Male,248
TXN0002815,2024-06-24,17:44:58,Biratnagar Main,Morang,Mobile Banking,Mobile Top-up,N/A,Current,1000.0,00,Approved,Success,58,Female,501
TXN0002816,2024-06-24,17:53:31,Dhangadhi Branch,Kailali,ATM,PIN Change,Debit Card,Fixed Deposit,0.0,00,Approved,Success,35,Female,1391
TXN0002817,2024-06-24,18:45:43,Dharan Branch,Sunsari,Internet Banking,Balance Inquiry,N/A,Savings,0.0,00,Approved,Success,44,Female,499
TXN0002818,2024-06-24,19:36:12,Butwal Branch,Rupandehi,POS,Purchase,Debit Card,Current,13133.8,00,Approved,Success,38,Female,1166
TXN0002819,2024-06-24,21:35:24,  Bhaktapur Branch  ,Bhaktapur,Internet Banking,Fund Transfer,N/A,Savings,30707.06,00,Approved,Success,36,Male,504
TXN0002820,2024-06-25,08:17:32,Birgunj Branch,Parsa,Mobile Banking,Fund Transfer,N/A,Savings,27870.39,00,Approved,Success,30,Female,688
TXN0002821,2024-06-25,09:08:47,Butwal Branch,Rupandehi,pos,Refund,Debit Card,Savings,6329.06,00,Approved,Success,18,Male,591
TXN0002822,2024-06-25,09:34:41,Dharan Branch,Sunsari,ATM,Balance Inquiry,Debit Card,Savings,0.0,00,Approved,Success,31,Female,1095
TXN0002823,2024-06-25,10:39:54,New Baneshwor,Kathmandu,Mobile Banking,Mobile Top-up,N/A,Savings,1000.0,00,Approved,Success,36,Male,917
TXN0002824,2024-06-25,10:59:34,Dhangadhi Branch,Kailali,Mobile Banking,Balance Inquiry,N/A,Savings,0.0,00,Approved,Success,40,Male,627
TXN0002825,2024-06-25,11:48:22,Pokhara Lakeside,Kaski,Branch Counter,Cash Deposit,N/A,Current,113470.43,00,Approved,Success,56,Male,684
TXN0002826,2024-06-25,15:43:32,Nepalgunj Branch,Banke,ATM,Cash Withdrawal,Debit Card,Savings,1000.0,00,Approved,Success,18,Male,1401
TXN0002827,2024-06-25,16:01:37,Janakpur Branch,Dhanusha,Internet Banking,Balance Inquiry,N/A,Savings,0.0,00,Approved,Success,26,Male,278
TXN0002828,2024-06-25,21:44:33,Kathmandu Main,Kathmandu,ATM,Cash Withdrawal,Debit Card,Savings,1500.0,00,Approved,Success,40,Female,1727
TXN0002829,2024-06-25,22:03:01,Biratnagar Main,Morang,ATM,Mini Statement,Prepaid Card,Savings,0.0,00,Approved,Success,25,Male,703
TXN0002830,2024-06-25,23:45:48,Lalitpur Branch,Lalitpur,Mobile Banking,Mobile Top-up,N/A,Savings,100.0,51,Insufficient Funds,Reversed,26,Male,898
TXN0002831,2024-06-26,06:39:03,Hetauda Branch,Makwanpur,ATM,Cash Withdrawal,Credit Card,Savings,8000.0,00,Approved,Success,42,Female,1336
TXN0002832,2024-06-26,08:22:03,Biratnagar Main,Morang,ATM,Mini Statement,Debit Card,Current,0.0,00,Approved,Success,18,Male,1095
TXN0002833,2024-06-26,12:29:42,Biratnagar Main,Morang,Mobile Banking,Mobile Top-up,N/A,Savings,1000.0,00,Approved,Success,32,Female,1088
TXN0002834,2024-06-26,12:37:06,Dhangadhi Branch,Kailali,Mobile Banking,Fund Transfer,N/A,Savings,26697.73,00,Approved,Success,36,Female,807
TXN0002835,2024-06-26,13:32:15,Hetauda Branch,Makwanpur,ATM,Mini Statement,Debit Card,Savings,0.0,96,System Malfunction,Failed,31,Male,802
TXN0002836,2024-06-26,13:49:12,Bharatpur Branch,Chitwan,ATM,Cash Withdrawal,Debit Card,Savings,1000.0,51,Insufficient Funds,Reversed,34,Male,1022
TXN0002837,2024-06-26,14:48:58,Kathmandu Main,Kathmandu,POS,Purchase,Debit Card,Savings,652.9,00,Approved,Success,25,Male,730
TXN0002838,2024-06-26,15:08:06,Butwal Branch,Rupandehi,Mobile Banking,QR Payment,N/A,Savings,1541.53,00,Approved,Success,45,Female,938
TXN0002839,2024-06-26,16:14:00,Bhaktapur Branch,Bhaktapur,ATM,Cash Withdrawal,Credit Card,Savings,20000.0,00,Approved,Success,40,Male,490
TXN0002840,2024-06-26,16:31:48,Lalitpur Branch,Lalitpur,Mobile Banking,Fund Transfer,N/A,Savings,44728.4,00,Approved,Success,20,Male,1087
TXN0002841,2024-06-26,19:05:35,Pokhara Lakeside,Kaski,Branch Counter,Cash Withdrawal,N/A,Savings,500.0,00,Approved,Success,38,Female,365
TXN0002842,2024-06-26,20:21:11,Lalitpur Branch,Lalitpur,Internet Banking,Bill Payment,N/A,Savings,8041.82,00,Approved,Success,41,Female,457
TXN0002843,2024-06-27,00:32:12,Pokhara Lakeside,Kaski,Mobile Banking,Bill Payment,N/A,Savings,2699.74,00,Approved,Success,18,,541
TXN0002844,2024-06-27,07:00:26,Birgunj Branch,Parsa,ATM,Mini Statement,Debit Card,Current,0.0,00,Approved,Success,45,Female,1647
TXN0002845,2024-06-27,08:46:27,Dhangadhi Branch,Kailali,ATM,Balance Inquiry,Credit Card,Current,0.0,51,Insufficient Funds,Failed,31,Male,969
TXN0002846,2024-06-27,11:53:39,JANAKPUR BRANCH,Dhanusha,Internet Banking,Balance Inquiry,N/A,Current,0.0,00,Approved,Success,35,Male,425
TXN0002847,2024-06-27,13:54:05,Hetauda Branch,Makwanpur,ATM,Mini Statement,Debit Card,Current,0.0,00,Approved,Success,45,Female,1162
TXN0002848,2024-06-27,15:47:34,Janakpur Branch,Dhanusha,Branch Counter,Account Opening,N/A,Savings,0.0,96,System Malfunction,Failed,30,Female,459
TXN0002849,2024-06-27,16:42:23,Bhaktapur Branch,Bhaktapur,ATM,Balance Inquiry,Prepaid Card,Savings,0.0,00,Approved,Success,33,Female,787
TXN0002850,2024-06-27,17:19:57,Bhaktapur Branch,Bhaktapur,ATM,Mini Statement,Debit Card,Savings,0.0,00,Approved,Success,24,Male,416
TXN0002851,2024-06-27,21:22:44,Bhaktapur Branch,Bhaktapur,ATM,Balance Inquiry,Credit Card,Savings,0.0,00,Approved,Success,35,Male,1388
TXN0002852,2024-06-28,00:51:36,New Baneshwor,Kathmandu,Mobile Banking,Fund Transfer,N/A,Savings,51718.01,00,Approved,Success,47,Female,567
TXN0002853,2024-06-28,03:36:24,Janakpur Branch,Dhanusha,ATM,PIN Change,Debit Card,Savings,0.0,00,Approved,Success,34,Male,482
TXN0002854,2024-06-28,08:31:39,Lalitpur Branch,Lalitpur,POS,Refund,Credit Card,Savings,3368.7,14,Invalid Card,Failed,45,Female,349
TXN0002855,2024-06-28,09:16:20,Nepalgunj Branch,Banke,ATM,Mini Statement,Debit Card,Savings,0.0,00,Approved,Success,43,Male,1331
TXN0002856,2024-06-28,11:00:42,Pokhara Lakeside,Kaski,Mobile Banking,QR Payment,N/A,Savings,4374.77,00,Approved,Success,34,Male,730
TXN0002857,2024-06-28,11:51:27,New Baneshwor,Kathmandu,POS,Refund,Debit Card,Savings,4841.2,00,Approved,Success,59,Male,1181
TXN0002858,2024-06-28,12:55:09,Pokhara Lakeside,Kaski,Internet Banking,Bill Payment,N/A,Savings,6760.91,00,Approved,Success,25,Female,529
TXN0002859,2024-06-28,13:04:50,Birgunj Branch,Parsa,POS,Purchase,Debit Card,Savings,1998.17,00,Approved,Success,43,Female,193
TXN0002860,2024-06-28,13:10:40,Hetauda Branch,Makwanpur,POS,Refund,Debit Card,Savings,319.86,00,Approved,Success,45,Female,661
TXN0002861,2024-06-28,14:04:59,Butwal Branch,Rupandehi,ATM,PIN Change,Debit Card,Savings,0.0,00,Approved,Success,41,Male,80
TXN0002862,2024-06-28,14:33:30,Dhangadhi Branch,Kailali,ATM,PIN Change,Debit Card,Savings,0.0,00,Approved,Success,52,Male,1371
TXN0002863,2024-06-28,14:57:06,Bharatpur Branch,Chitwan,Mobile Banking,Balance Inquiry,N/A,Savings,0.0,00,Approved,Success,38,Female,756
TXN0002864,2024-06-28,15:06:10,BIRGUNJ BRANCH,Parsa,Branch Counter,Cash Deposit,N/A,Savings,19258.56,00,Approved,Success,38,Male,539
TXN0002865,2024-06-28,15:17:01,Hetauda Branch,Makwanpur,POS,Purchase,Credit Card,Savings,6826.33,00,Approved,Success,39,Female,512
TXN0002866,2024-06-28,15:47:01,Janakpur Branch,Dhanusha,POS,Refund,Debit Card,Fixed Deposit,312.29,00,Approved,Success,38,Female,148
TXN0002867,2024-06-28,17:51:40,Itahari Branch,Sunsari,Mobile Banking,Mobile Top-up,N/A,Savings,1000.0,00,Approved,Success,24,Female,511
TXN0002868,2024-06-28,20:03:24,Lalitpur Branch,Lalitpur,Mobile Banking,QR Payment,N/A,Savings,2516.51,00,Approved,Success,41,Female,549
TXN0002869,2024-06-28,23:47:02,Hetauda Branch,Makwanpur,ATM,Cash Withdrawal,Debit Card,Savings,1500.0,00,Approved,Success,,Male,1013
TXN0002870,2024-06-29,09:34:07,Dharan Branch,Sunsari,ATM,PIN Change,Debit Card,Savings,0.0,00,Approved,Success,40,Female,746
TXN0002871,2024-06-29,09:42:57,BHARATPUR BRANCH,Chitwan,Mobile Banking,Mobile Top-up,N/A,Savings,500.0,00,Approved,Success,35,Female,495
TXN0002872,2024-06-29,10:23:40,Nepalgunj Branch,Banke,ATM,Cash Withdrawal,Debit Card,Current,3000.0,00,Approved,Success,47,Male,1715
TXN0002873,2024-06-29,11:09:14,Nepalgunj Branch,Banke,Internet Banking,Bill Payment,N/A,Savings,426.58,00,Approved,Success,34,Female,502
TXN0002874,2024-06-29,12:12:38,Dharan Branch,Sunsari,ATM,PIN Change,Debit Card,Current,0.0,00,Approved,Success,19,Female,819
TXN0002875,2024-06-29,12:45:03,Nepalgunj Branch,Banke,Internet Banking,Balance Inquiry,N/A,Current,0.0,00,Approved,Success,31,Female,949
TXN0002876,2024-06-29,12:59:22,Nepalgunj Branch,Banke,POS,Refund,Debit Card,Savings,1617.67,00,Approved,Success,55,Male,1239
TXN0002877,2024-06-29,16:52:10,Biratnagar Main,Morang,ATM,Balance Inquiry,Debit Card,Savings,0.0,00,Approved,Success,18,Male,1164
TXN0002878,2024-06-29,17:02:09,Butwal Branch,Rupandehi,ATM,Cash Withdrawal,Debit Card,Savings,1500.0,00,Approved,Success,34,Female,1611
TXN0002879,2024-06-29,17:34:53,Bhaktapur Branch,Bhaktapur,Internet Banking,Bill Payment,N/A,Savings,1498.75,00,Approved,Success,25,Male,554
TXN0002880,2024-06-29,20:55:44,Pokhara Lakeside,Kaski,ATM,Cash Withdrawal,Debit Card,Current,5000.0,00,Approved,Success,38,Female,961
TXN0002881,2024-06-29,21:43:08,Nepalgunj Branch,Banke,ATM,Balance Inquiry,Prepaid Card,Savings,0.0,00,Approved,Success,26,Male,996
TXN0002882,2024-06-30,04:49:04,New Baneshwor,Kathmandu,ATM,Mini Statement,Debit Card,Savings,0.0,00,Approved,Success,54,Female,566
TXN0002883,2024-06-30,06:13:54,New Baneshwor,Kathmandu,Branch Counter,Cash Withdrawal,N/A,Savings,3000.0,00,Approved,Success,18,Female,942
TXN0002884,2024-06-30,07:01:56,Birgunj Branch,Parsa,Internet Banking,Fund Transfer,N/A,Current,19963.93,00,Approved,Success,36,Female,542
TXN0002885,2024-06-30,08:30:58,Kathmandu Main,Kathmandu,Internet Banking,Bill Payment,N/A,Savings,3173.16,00,Approved,Success,49,Male,561
TXN0002886,2024-06-30,09:38:00,Kathmandu Main,Kathmandu,ATM,PIN Change,Credit Card,Savings,0.0,00,Approved,Success,39,Female,1080
TXN0002887,2024-06-30,10:24:50,New Baneshwor,Kathmandu,ATM,Cash Withdrawal,Debit Card,Current,8000.0,00,Approved,Success,60,Male,774
TXN0002888,2024-06-30,11:03:19,Bharatpur Branch,Chitwan,ATM,Mini Statement,Debit Card,Savings,0.0,00,Approved,Success,18,Male,1133
TXN0002889,2024-06-30,13:33:49,Dharan Branch,Sunsari,POS,Purchase,Debit Card,Savings,9450.51,00,Approved,Success,36,Male,898
TXN0002890,2024-06-30,13:36:55,Dhangadhi Branch,Kailali,ATM,PIN Change,Debit Card,Savings,0.0,51,Insufficient Funds,Failed,50,Female,1189
TXN0002891,2024-06-30,13:57:37,Dhangadhi Branch,Kailali,POS,Refund,Debit Card,Savings,1129.75,00,Approved,Success,45,Male,787
TXN0002892,2024-06-30,14:21:12,Hetauda Branch,Makwanpur,POS,Refund,Debit Card,Savings,5906.45,00,Approved,Success,37,Female,501
TXN0002893,2024-06-30,14:38:46,Itahari Branch,Sunsari,ATM,Cash Withdrawal,Debit Card,Current,2000.0,00,Approved,Success,18,Male,1656
TXN0002894,2024-06-30,16:50:42,Biratnagar Main,Morang,Internet Banking,Fund Transfer,N/A,Savings,24395.73,51,Insufficient Funds,Timeout,51,Female,450
TXN0002895,2024-06-30,17:01:20,Nepalgunj Branch,Banke,Mobile Banking,Bill Payment,N/A,Savings,527.91,00,Approved,Success,39,Female,983
TXN0002896,2024-06-30,17:21:55,Bhaktapur Branch,Bhaktapur,Mobile Banking,QR Payment,N/A,Fixed Deposit,3622.7,00,Approved,Success,26,Female,499
TXN0002897,2024-06-30,19:48:19,Butwal Branch,Rupandehi,ATM,Cash Withdrawal,Debit Card,Savings,10000.0,00,Approved,Success,30,Female,779
TXN0002898,2024-07-01,05:15:17,New Baneshwor,Kathmandu,Mobile Banking,Balance Inquiry,N/A,Savings,0.0,00,Approved,Success,19,Female,675
TXN0002899,2024-07-01,08:31:52,HETAUDA BRANCH,Makwanpur,Mobile Banking,Mobile Top-up,N/A,Savings,500.0,00,Approved,Success,28,Male,450
TXN0002900,2024-07-01,09:43:34,Itahari Branch,Sunsari,Mobile Banking,Fund Transfer,N/A,Savings,77667.82,00,Approved,Success,33,Male,495
TXN0002901,2024-07-01,10:17:31,Itahari Branch,Sunsari,POS,Refund,Debit Card,Savings,101.43,00,Approved,Success,37,Male,514
TXN0002902,2024-07-01,11:50:46,New Baneshwor,Kathmandu,Mobile Banking,Bill Payment,N/A,Current,7515.7,00,Approved,Success,21,Female,549
TXN0002903,2024-07-01,12:05:13,Itahari Branch,Sunsari,ATM,Cash Withdrawal,Debit Card,Current,2500.0,00,Approved,Success,38,Female,1546
TXN0002904,2024-07-01,12:27:52,Bhaktapur Branch,Bhaktapur,Internet Banking,Balance Inquiry,N/A,Savings,0.0,00,Approved,Success,53,Male,644
TXN0002905,2024-07-01,13:50:05,Dharan Branch,Sunsari,ATM,Cash Withdrawal,Debit Card,Current,5000.0,00,Approved,Success,27,Male,1196
TXN0002906,2024-07-01,17:16:50,Dharan Branch,Sunsari,POS,Refund,Debit Card,Current,3942.43,55,Incorrect PIN,Reversed,18,Female,508
TXN0002907,2024-07-01,17:23:55,Bharatpur Branch,Chitwan,Internet Banking,Fund Transfer,N/A,Savings,86614.2,51,Insufficient Funds,Failed,18,Female,808
TXN0002908,2024-07-02,04:22:26,Birgunj Branch,Parsa,Mobile Banking,Mobile Top-up,N/A,Savings,500.0,00,Approved,Success,42,Male,599
TXN0002909,2024-07-02,05:33:28,New Baneshwor,Kathmandu,Internet Banking,Balance Inquiry,N/A,Fixed Deposit,0.0,00,Approved,Success,25,Male,637
TXN0002910,2024-07-02,07:45:00,Itahari Branch,Sunsari,Branch Counter,Cash Withdrawal,N/A,Savings,5000.0,00,Approved,Success,33,Female,606
TXN0002911,2024-07-02,08:09:13,Itahari Branch,Sunsari,ATM,PIN Change,Debit Card,Savings,0.0,00,Approved,Success,41,Male,1132
TXN0002912,2024-07-02,08:50:13,Bhaktapur Branch,Bhaktapur,ATM,Balance Inquiry,Debit Card,Savings,0.0,00,Approved,Success,46,,427
TXN0002913,2024-07-02,09:56:50,KATHMANDU MAIN,Kathmandu,Branch Counter,Fund Transfer,N/A,Savings,9680.81,00,Approved,Success,22,Male,508
TXN0002914,2024-07-02,10:40:55,BHAKTAPUR BRANCH,Bhaktapur,POS,Refund,Debit Card,Savings,9656.46,00,Approved,Success,46,Male,816
TXN0002915,2024-07-02,13:42:29,Hetauda Branch,Makwanpur,ATM,Cash Withdrawal,Prepaid Card,Savings,15000.0,00,Approved,Success,36,Male,751
TXN0002916,2024-07-02,16:47:04,Dhangadhi Branch,Kailali,Mobile Banking,Balance Inquiry,N/A,Current,0.0,00,Approved,Success,28,Male,706
TXN0002917,2024-07-02,17:46:04,Butwal Branch,Rupandehi,POS,Purchase,Prepaid Card,Savings,12929.79,00,Approved,Success,41,Male,406
TXN0002918,2024-07-02,18:13:33,Kathmandu Main,Kathmandu,POS,Purchase,Debit Card,Savings,12524.06,00,Approved,Success,37,Female,724
TXN0002919,2024-07-03,01:48:47,Bhaktapur Branch,Bhaktapur,POS,Refund,Debit Card,Current,5343.1,96,System Malfunction,Timeout,37,Female,600
TXN0002920,2024-07-03,09:02:37,Bhaktapur Branch,Bhaktapur,Mobile Banking,Mobile Top-up,N/A,Savings,500.0,00,Approved,Success,58,Female,466
TXN0002921,2024-07-03,09:15:11,Biratnagar Main,Morang,Internet Banking,Fund Transfer,N/A,Savings,7383.49,00,Approved,Success,21,Female,783
TXN0002922,2024-07-03,10:19:29,Biratnagar Main,Morang,ATM,Cash Withdrawal,Debit Card,Savings,3000.0,00,Approved,Success,35,Female,1769
TXN0002922,2024-07-03,10:19:29,Biratnagar Main,Morang,ATM,Cash Withdrawal,Debit Card,Savings,3000.0,00,Approved,Success,35,Female,1769
TXN0002923,2024-07-03,10:54:38,New Baneshwor,Kathmandu,ATM,Balance Inquiry,Credit Card,Savings,0.0,00,Approved,Success,52,Female,1001
TXN0002924,2024-07-03,11:27:27,Lalitpur Branch,Lalitpur,POS,Purchase,Debit Card,Savings,12465.55,00,Approved,Success,29,Male,810
TXN0002925,2024-07-03,11:33:25,Lalitpur Branch,Lalitpur,POS,Purchase,Debit Card,Savings,1474.5,00,Approved,Success,40,Male,726
TXN0002926,2024-07-03,11:59:59,Hetauda Branch,Makwanpur,Internet Banking,Balance Inquiry,N/A,Savings,0.0,00,Approved,Success,21,Male,802
TXN0002927,2024-07-03,13:14:06,Dhangadhi Branch,Kailali,Mobile Banking,Mobile Top-up,N/A,Savings,50.0,51,Insufficient Funds,Reversed,28,Female,387
TXN0002928,2024-07-03,15:36:04,Dhangadhi Branch,Kailali,ATM,Cash Withdrawal,Debit Card,Savings,20000.0,00,Approved,Success,37,Male,932
TXN0002929,2024-07-03,18:30:56,Birgunj Branch,Parsa,ATM,Cash Withdrawal,Debit Card,Current,2500.0,00,Approved,Success,39,Male,1145
TXN0002930,2024-07-03,18:54:52,Nepalgunj Branch,Banke,ATM,Mini Statement,Credit Card,Savings,0.0,00,Approved,Success,29,Male,1215
TXN0002931,2024-07-03,21:54:02,Bhaktapur Branch,Bhaktapur,POS,Refund,Debit Card,Savings,5941.06,00,Approved,Success,40,Male,642
TXN0002932,2024-07-04,01:18:50,Hetauda Branch,Makwanpur,ATM,PIN Change,Credit Card,Savings,0.0,00,Approved,Success,29,Female,1062
TXN0002933,2024-07-04,05:55:59,New Baneshwor,Kathmandu,Mobile Banking,Balance Inquiry,N/A,Savings,0.0,00,Approved,Success,46,Male,645
TXN0002934,2024-07-04,07:51:27,Dharan Branch,Sunsari,Mobile Banking,Bill Payment,N/A,Savings,9149.54,00,Approved,Success,43,Female,789
TXN0002935,2024-07-04,09:31:20,Nepalgunj Branch,Banke,ATM,Mini Statement,Debit Card,Savings,0.0,00,Approved,Success,37,Male,1786
TXN0002936,2024-07-04,10:48:01,Birgunj Branch,Parsa,Mobile Banking,Bill Payment,N/A,Savings,6345.46,00,Approved,Success,53,Male,544
TXN0002937,2024-07-04,10:48:49,Dharan Branch,Sunsari,Mobile Banking,QR Payment,N/A,Savings,1363.94,61,Exceeds Withdrawal Limit,Failed,25,Male,136
TXN0002938,2024-07-04,10:58:29,Dhangadhi Branch,Kailali,ATM,Balance Inquiry,Debit Card,Savings,0.0,00,Approved,Success,21,Male,1622
TXN0002939,2024-07-04,11:39:22,Kathmandu Main,Kathmandu,POS,Refund,Debit Card,Savings,313.96,00,Approved,Success,49,Female,528
TXN0002940,2024-07-04,14:00:59,Janakpur Branch,Dhanusha,ATM,Mini Statement,Debit Card,Savings,0.0,00,Approved,Success,19,,1059
TXN0002941,2024-07-04,14:07:49,Hetauda Branch,Makwanpur,Internet Banking,Fund Transfer,N/A,Savings,4908.98,00,Approved,Success,52,Female,369
TXN0002942,2024-07-04,14:24:24,New Baneshwor,Kathmandu,ATM,Balance Inquiry,Debit Card,Savings,0.0,00,Approved,Success,39,Female,1393
TXN0002943,2024-07-04,14:52:36,Biratnagar Main,Morang,ATM,PIN Change,Debit Card,Savings,0.0,00,Approved,Success,46,Male,1091
TXN0002944,2024-07-04,16:04:05,Biratnagar Main,Morang,POS,Purchase,Debit Card,Savings,5109.96,00,Approved,Success,23,Female,324
TXN0002945,2024-07-04,16:29:35,Hetauda Branch,Makwanpur,Mobile Banking,Mobile Top-up,N/A,Savings,200.0,00,Approved,Success,56,Male,280
TXN0002946,2024-07-04,17:14:46,Dharan Branch,Sunsari,ATM,Cash Withdrawal,Debit Card,Savings,3000.0,00,Approved,Success,34,Male,522
TXN0002947,2024-07-04,18:43:10,Biratnagar Main,Morang,Internet Banking,Statement Download,N/A,Savings,0.0,00,Approved,Success,32,Male,507
TXN0002948,2024-07-04,19:31:54,Hetauda Branch,Makwanpur,ATM,Balance Inquiry,Debit Card,Savings,0.0,00,Approved,Success,37,Female,1271
TXN0002949,2024-07-04,22:05:59,Dhangadhi Branch,Kailali,Mobile Banking,Mobile Top-up,N/A,Savings,100.0,00,Approved,Success,36,Female,1065
TXN0002950,2024-07-05,07:34:07,Biratnagar Main,Morang,Mobile Banking,QR Payment,N/A,Savings,1026.19,00,Approved,Success,33,Female,379
TXN0002951,2024-07-05,07:41:49,New Baneshwor,Kathmandu,Mobile Banking,Balance Inquiry,N/A,Savings,0.0,00,Approved,Success,27,Female,804
TXN0002952,2024-07-05,08:00:27,Dhangadhi Branch,Kailali,ATM,PIN Change,Debit Card,Savings,0.0,00,Approved,Success,42,Female,1496
TXN0002953,2024-07-05,08:28:03,Dharan Branch,Sunsari,Mobile Banking,Bill Payment,N/A,Current,10249.17,00,Approved,Success,48,Male,689
TXN0002954,2024-07-05,10:21:33,Itahari Branch,Sunsari,POS,Purchase,Debit Card,Savings,4509.06,00,Approved,Success,31,Male,496
TXN0002955,2024-07-05,11:02:31,Dhangadhi Branch,Kailali,ATM,Balance Inquiry,Debit Card,Savings,0.0,00,Approved,Success,18,Male,1450
TXN0002956,2024-07-05,11:34:27,Lalitpur Branch,Lalitpur,ATM,Mini Statement,Debit Card,Savings,0.0,00,Approved,Success,47,Female,1197
TXN0002957,2024-07-05,15:11:00,Hetauda Branch,Makwanpur,Internet Banking,Statement Download,N/A,Savings,0.0,55,Incorrect PIN,Failed,47,Female,1089
TXN0002958,2024-07-05,15:42:36,Lalitpur Branch,Lalitpur,Mobile Banking,Fund Transfer,N/A,Savings,88263.17,00,Approved,Success,35,Female,836
TXN0002959,2024-07-05,16:06:02,Bhaktapur Branch,Bhaktapur,POS,Refund,Debit Card,Savings,2437.36,00,Approved,Success,45,Female,149
TXN0002960,2024-07-05,16:40:43,Dharan Branch,Sunsari,POS,Purchase,Credit Card,Savings,8343.94,00,Approved,Success,38,Male,237
TXN0002961,2024-07-05,16:40:52,Kathmandu Main,Kathmandu,Internet Banking,Balance Inquiry,N/A,Savings,0.0,00,Approved,Success,23,Female,846
TXN0002962,2024-07-05,16:42:08,Janakpur Branch,Dhanusha,Mobile Banking,Bill Payment,N/A,Savings,1931.07,00,Approved,Success,49,Female,267
TXN0002963,2024-07-05,18:03:04,Dharan Branch,Sunsari,Mobile Banking,QR Payment,N/A,Savings,402.61,00,Approved,Success,,Male,517
TXN0002964,2024-07-05,19:30:51,Kathmandu Main,Kathmandu,pos,Purchase,Debit Card,Savings,14617.21,00,Approved,Success,51,Male,481
TXN0002965,2024-07-05,19:52:47,Pokhara Lakeside,Kaski,ATM,Mini Statement,Debit Card,Savings,0.0,00,Approved,Success,31,Female,972
TXN0002966,2024-07-05,19:57:12,Nepalgunj Branch,Banke,Mobile Banking,Balance Inquiry,N/A,Savings,0.0,91,Issuer Unavailable,Failed,46,Male,315
TXN0002967,2024-07-05,21:15:59,Janakpur Branch,Dhanusha,ATM,PIN Change,Debit Card,Current,0.0,00,Approved,Success,36,Female,526
TXN0002968,2024-07-05,21:51:44,Bhaktapur Branch,Bhaktapur,Mobile Banking,Balance Inquiry,N/A,Savings,0.0,00,Approved,Success,37,Male,718
TXN0002969,2024-07-05,22:03:03,Janakpur Branch,Dhanusha,ATM,Mini Statement,Debit Card,Savings,0.0,00,Approved,Success,36,Female,357
TXN0002970,2024-07-05,22:31:02,Bhaktapur Branch,Bhaktapur,ATM,Cash Withdrawal,Debit Card,Savings,8000.0,96,System Malfunction,Reversed,31,Male,1021
TXN0002971,2024-07-06,08:41:25,Lalitpur Branch,Lalitpur,ATM,Balance Inquiry,Debit Card,Savings,0.0,00,Approved,Success,27,Female,919
TXN0002972,2024-07-06,08:43:27,Bhaktapur Branch,Bhaktapur,Mobile Banking,Mobile Top-up,N/A,Savings,500.0,00,Approved,Success,40,Female,632
TXN0002973,2024-07-06,08:50:31,Hetauda Branch,Makwanpur,ATM,Mini Statement,Debit Card,Savings,0.0,00,Approved,Success,22,Female,1863
TXN0002974,2024-07-06,09:26:16,Biratnagar Main,Morang,POS,Purchase,Debit Card,Current,4232.08,00,Approved,Success,26,Male,800
TXN0002975,2024-07-06,11:03:29,Kathmandu Main,Kathmandu,POS,Purchase,Debit Card,Current,841.74,00,Approved,Success,38,Female,983
TXN0002976,2024-07-06,11:16:26,Butwal Branch,Rupandehi,Branch Counter,Cash Withdrawal,N/A,Current,15000.0,00,Approved,Success,26,Female,420
TXN0002977,2024-07-06,12:32:49,Nepalgunj Branch,Banke,Mobile Banking,Bill Payment,N/A,Savings,9754.96,00,Approved,Success,28,Female,634
TXN0002978,2024-07-06,13:37:27,Janakpur Branch,Dhanusha,Mobile Banking,Balance Inquiry,N/A,Savings,0.0,00,Approved,Success,44,Female,572
TXN0002979,2024-07-06,14:53:09,  Kathmandu Main  ,Kathmandu,Mobile Banking,Mobile Top-up,N/A,Savings,200.0,00,Approved,Success,38,Male,667
TXN0002980,2024-07-06,17:25:47,Janakpur Branch,Dhanusha,ATM,Balance Inquiry,Debit Card,Current,0.0,00,Approved,Success,36,Female,1629
TXN0002981,2024-07-06,17:30:18,Dharan Branch,Sunsari,Mobile Banking,Bill Payment,N/A,Savings,6933.46,00,Approved,Success,22,Female,454
TXN0002982,2024-07-06,23:05:02,Hetauda Branch,Makwanpur,Mobile Banking,Balance Inquiry,N/A,Savings,0.0,00,Approved,Success,43,Male,460
TXN0002983,2024-07-07,06:44:37,Itahari Branch,Sunsari,Mobile Banking,Fund Transfer,N/A,Savings,73174.26,00,Approved,Success,33,Female,797
TXN0002984,2024-07-07,08:12:47,Bharatpur Branch,Chitwan,atm,PIN Change,Debit Card,Savings,0.0,00,Approved,Success,44,Female,950
TXN0002984,2024-07-07,08:12:47,Bharatpur Branch,Chitwan,atm,PIN Change,Debit Card,Savings,0.0,00,Approved,Success,44,Female,950
TXN0002985,2024-07-07,10:05:21,Bhaktapur Branch,Bhaktapur,ATM,Cash Withdrawal,Debit Card,Savings,1000.0,00,Approved,Success,40,Male,1396
TXN0002986,2024-07-07,10:54:55,Kathmandu Main,Kathmandu,ATM,PIN Change,Credit Card,Savings,0.0,00,Approved,Success,44,Male,538
TXN0002987,2024-07-07,11:02:05,Nepalgunj Branch,Banke,Mobile Banking,Balance Inquiry,N/A,Savings,0.0,00,Approved,Success,40,Male,747
TXN0002988,2024-07-07,11:26:05,Bhaktapur Branch,Bhaktapur,pos,Refund,Debit Card,Savings,9487.2,00,Approved,Success,19,Male,986
TXN0002989,2024-07-07,12:41:46,Dharan Branch,Sunsari,POS,Refund,Credit Card,Current,166.39,00,Approved,Success,35,Female,635
TXN0002990,2024-07-07,14:58:47,Dhangadhi Branch,Kailali,POS,Refund,Debit Card,Savings,1571.5,00,Approved,Success,51,Female,912
TXN0002991,2024-07-07,15:36:02,Hetauda Branch,Makwanpur,ATM,Mini Statement,Credit Card,Current,0.0,00,Approved,Success,46,Female,1186
TXN0002992,2024-07-07,16:59:25,Dharan Branch,Sunsari,ATM,Mini Statement,Debit Card,Savings,0.0,00,Approved,Success,30,Female,1246
TXN0002993,2024-07-07,17:02:27,Janakpur Branch,Dhanusha,Mobile Banking,QR Payment,N/A,Savings,3672.0,55,Incorrect PIN,Reversed,31,Female,586
TXN0002994,2024-07-07,18:18:42,Pokhara Lakeside,Kaski,ATM,Balance Inquiry,Debit Card,Savings,0.0,61,Exceeds Withdrawal Limit,Timeout,46,Male,1210
TXN0002995,2024-07-07,18:23:30,New Baneshwor,Kathmandu,POS,Refund,Debit Card,Savings,3773.95,00,Approved,Success,64,Female,959
TXN0002996,2024-07-07,20:24:53,Kathmandu Main,Kathmandu,ATM,Balance Inquiry,Credit Card,Savings,0.0,00,Approved,Success,,Female,1785
TXN0002997,2024-07-08,08:41:27,Biratnagar Main,Morang,POS,Purchase,Debit Card,Savings,12221.64,00,Approved,Success,38,Male,578
TXN0002998,2024-07-08,09:52:32,Bhaktapur Branch,Bhaktapur,Mobile Banking,Mobile Top-up,N/A,Savings,100.0,00,Approved,Success,40,Female,645
TXN0002999,2024-07-08,10:15:18,Kathmandu Main,Kathmandu,POS,Purchase,Debit Card,Savings,4281.18,91,Issuer Unavailable,Timeout,44,Female,559
TXN0003000,2024-07-08,10:22:46,Dharan Branch,Sunsari,Internet Banking,Bill Payment,N/A,Savings,3376.06,00,Approved,Success,23,Female,846
TXN0003001,2024-07-08,12:17:59,Bhaktapur Branch,Bhaktapur,POS,Purchase,Debit Card,Savings,2819.43,00,Approved,Success,44,Female,565
TXN0003002,2024-07-08,12:35:31,Bharatpur Branch,Chitwan,POS,Purchase,Debit Card,Savings,11625.64,00,Approved,Success,50,Male,498
TXN0003003,2024-07-08,12:49:18,Biratnagar Main,Morang,ATM,Balance Inquiry,Debit Card,Savings,0.0,00,Approved,Success,18,Female,619
TXN0003004,2024-07-08,13:31:18,Lalitpur Branch,Lalitpur,Mobile Banking,Fund Transfer,N/A,Savings,81815.71,00,Approved,Success,51,Male,883
TXN0003005,2024-07-08,13:36:50,ITAHARI BRANCH,Sunsari,POS,Purchase,Prepaid Card,Savings,13090.92,00,Approved,Success,62,Female,261
TXN0003006,2024-07-08,13:45:19,Butwal Branch,Rupandehi,ATM,PIN Change,Debit Card,Current,0.0,00,Approved,Success,46,Male,1464
TXN0003007,2024-07-08,13:49:40,Bharatpur Branch,Chitwan,ATM,Balance Inquiry,Debit Card,Savings,0.0,00,Approved,Success,51,Male,1887
TXN0003008,2024-07-08,14:12:10,Kathmandu Main,Kathmandu,Mobile Banking,Bill Payment,N/A,Savings,11368.41,00,Approved,Success,18,Female,792
TXN0003009,2024-07-08,14:21:30,Bhaktapur Branch,Bhaktapur,ATM,Mini Statement,Debit Card,Savings,0.0,00,Approved,Success,30,Female,1051
TXN0003010,2024-07-08,14:33:27,Itahari Branch,Sunsari,ATM,Mini Statement,Debit Card,Savings,0.0,00,Approved,Success,43,Female,1474
TXN0003011,2024-07-08,14:36:12,Pokhara Lakeside,Kaski,POS,Refund,Debit Card,Current,832.49,96,System Malfunction,Timeout,29,Male,673
TXN0003012,2024-07-08,15:48:14,New Baneshwor,Kathmandu,Mobile Banking,Mobile Top-up,N/A,Savings,50.0,51,Insufficient Funds,Timeout,27,Female,837
TXN0003013,2024-07-08,15:57:31,Itahari Branch,Sunsari,Mobile Banking,Mobile Top-up,N/A,Savings,200.0,00,Approved,Success,25,Male,442
TXN0003014,2024-07-08,16:34:48,Dhangadhi Branch,Kailali,ATM,PIN Change,Prepaid Card,Savings,0.0,00,Approved,Success,23,Female,1601
TXN0003015,2024-07-08,17:04:34,Birgunj Branch,Parsa,Internet Banking,Statement Download,N/A,Savings,0.0,00,Approved,Success,46,Male,802
TXN0003016,2024-07-08,17:04:44,Birgunj Branch,Parsa,ATM,Cash Withdrawal,Debit Card,Savings,20000.0,00,Approved,Success,28,Female,1446
TXN0003017,2024-07-08,19:39:34,Bhaktapur Branch,Bhaktapur,ATM,Mini Statement,Debit Card,Savings,0.0,00,Approved,Success,25,Female,1706
TXN0003018,2024-07-08,23:51:44,Itahari Branch,Sunsari,Mobile Banking,Fund Transfer,N/A,Savings,35079.12,00,Approved,Success,39,Female,654
TXN0003019,2024-07-09,10:15:03,Birgunj Branch,Parsa,Internet Banking,Statement Download,N/A,Savings,0.0,00,Approved,Success,37,Female,551
TXN0003020,2024-07-09,10:38:06,Janakpur Branch,Dhanusha,Mobile Banking,Mobile Top-up,N/A,Savings,200.0,00,Approved,Success,37,Female,110
TXN0003021,2024-07-09,11:17:42,Kathmandu Main,Kathmandu,Internet Banking,Fund Transfer,N/A,Savings,91933.93,00,Approved,Success,41,Male,574
TXN0003022,2024-07-09,11:30:09,Dhangadhi Branch,Kailali,ATM,Cash Withdrawal,Credit Card,Savings,15000.0,00,Approved,Success,27,Female,904
TXN0003023,2024-07-09,12:13:32,Bhaktapur Branch,Bhaktapur,Mobile Banking,Bill Payment,N/A,Savings,9688.39,00,Approved,Success,52,Female,609
TXN0003024,2024-07-09,13:51:01,Bhaktapur Branch,Bhaktapur,POS,Refund,Debit Card,Savings,8889.82,00,Approved,Success,20,Female,732
TXN0003025,2024-07-09,14:11:57,Janakpur Branch,Dhanusha,Mobile Banking,Balance Inquiry,N/A,Current,0.0,00,Approved,Success,32,,907
TXN0003026,2024-07-09,14:36:03,Itahari Branch,Sunsari,ATM,Mini Statement,Debit Card,Savings,0.0,00,Approved,Success,25,Male,1841
TXN0003027,2024-07-09,14:59:43,Itahari Branch,Sunsari,Branch Counter,Account Opening,N/A,Savings,0.0,00,Approved,Success,40,Male,736
TXN0003028,2024-07-09,15:57:16,Pokhara Lakeside,Kaski,ATM,PIN Change,Debit Card,Savings,0.0,00,Approved,Success,44,Male,739
TXN0003029,2024-07-09,19:13:00,Bharatpur Branch,Chitwan,Branch Counter,Account Opening,N/A,Savings,0.0,00,Approved,Success,26,Female,945
TXN0003030,2024-07-09,19:40:47,Bharatpur Branch,Chitwan,Mobile Banking,Mobile Top-up,N/A,Savings,50.0,00,Approved,Success,32,Male,674
TXN0003031,2024-07-10,01:07:49,Birgunj Branch,Parsa,Mobile Banking,Mobile Top-up,N/A,Savings,200.0,00,Approved,Success,41,Male,639
TXN0003032,2024-07-10,07:29:29,Butwal Branch,Rupandehi,ATM,Balance Inquiry,Debit Card,Savings,0.0,00,Approved,Success,33,Male,1068
TXN0003033,2024-07-10,08:22:34,New Baneshwor,Kathmandu,ATM,Cash Withdrawal,Debit Card,Savings,20000.0,00,Approved,Success,37,Female,553
TXN0003034,2024-07-10,08:44:23,Bhaktapur Branch,Bhaktapur,ATM,Mini Statement,Debit Card,Savings,0.0,00,Approved,Success,46,Male,1170
TXN0003035,2024-07-10,10:28:14,New Baneshwor,Kathmandu,ATM,Balance Inquiry,Debit Card,Savings,0.0,00,Approved,Success,45,Male,334
TXN0003036,2024-07-10,10:49:12,Butwal Branch,Rupandehi,POS,Purchase,Debit Card,Current,1614.77,00,Approved,Success,47,Female,791
TXN0003037,2024-07-10,11:19:03,Butwal Branch,Rupandehi,ATM,Cash Withdrawal,Debit Card,Savings,2500.0,05,Do Not Honor,Failed,36,Male,857
TXN0003038,2024-07-10,11:39:17,Kathmandu Main,Kathmandu,Internet Banking,Statement Download,N/A,Savings,0.0,00,Approved,Success,23,Female,708
TXN0003039,2024-07-10,13:16:42,Janakpur Branch,Dhanusha,Mobile Banking,Balance Inquiry,N/A,Savings,0.0,00,Approved,Success,33,Female,630
TXN0003040,2024-07-10,15:37:58,Birgunj Branch,Parsa,Branch Counter,Fund Transfer,N/A,Savings,65989.33,05,Do Not Honor,Reversed,32,Male,566
TXN0003041,2024-07-10,16:28:35,Nepalgunj Branch,Banke,Branch Counter,Fund Transfer,N/A,Savings,35652.99,51,Insufficient Funds,Timeout,41,Female,561
TXN0003042,2024-07-10,17:13:58,Birgunj Branch,Parsa,POS,Refund,Debit Card,Savings,8715.64,00,Approved,Success,38,Female,80
TXN0003043,2024-07-10,18:27:16,Birgunj Branch,Parsa,Mobile Banking,Fund Transfer,N/A,Savings,87413.84,00,Approved,Success,23,Female,743
TXN0003044,2024-07-10,18:28:47,Hetauda Branch,Makwanpur,Mobile Banking,Balance Inquiry,N/A,Savings,0.0,00,Approved,Success,24,Female,596
TXN0003045,2024-07-10,19:21:19,Bhaktapur Branch,Bhaktapur,ATM,Mini Statement,Debit Card,Savings,0.0,00,Approved,Success,18,Male,1413
TXN0003046,2024-07-10,20:51:20,Dhangadhi Branch,Kailali,Mobile Banking,QR Payment,N/A,Savings,3807.27,91,Issuer Unavailable,Failed,40,Female,417
TXN0003047,2024-07-11,06:28:53,Kathmandu Main,Kathmandu,Mobile Banking,QR Payment,N/A,Savings,4058.06,00,Approved,Success,40,Male,648
TXN0003048,2024-07-11,10:10:38,Bharatpur Branch,Chitwan,POS,Refund,Debit Card,Savings,7616.5,00,Approved,Success,43,Female,149
TXN0003049,2024-07-11,11:17:01,Bhaktapur Branch,Bhaktapur,POS,Purchase,Prepaid Card,Savings,2307.76,00,Approved,Success,34,Male,675
TXN0003050,2024-07-11,12:21:09,Bharatpur Branch,Chitwan,Internet Banking,Fund Transfer,N/A,Savings,54413.92,55,Incorrect PIN,Failed,21,Female,723
TXN0003051,2024-07-11,13:26:12,Kathmandu Main,Kathmandu,Mobile Banking,Mobile Top-up,N/A,Savings,200.0,51,Insufficient Funds,Reversed,,Female,473
TXN0003052,2024-07-11,13:35:34,Janakpur Branch,Dhanusha,Internet Banking,Fund Transfer,N/A,Current,13514.0,00,Approved,Success,49,Male,229
TXN0003053,2024-07-11,16:59:35,New Baneshwor,Kathmandu,ATM,Mini Statement,Debit Card,Savings,0.0,55,Incorrect PIN,Timeout,24,Male,1395
TXN0003054,2024-07-11,18:25:43,Dharan Branch,Sunsari,Mobile Banking,QR Payment,N/A,Savings,1434.05,00,Approved,Success,56,Female,676
TXN0003055,2024-07-12,02:37:36,Nepalgunj Branch,Banke,Mobile Banking,Bill Payment,N/A,Savings,1921.65,00,Approved,Success,37,Female,853
TXN0003056,2024-07-12,08:53:59,Pokhara Lakeside,Kaski,Branch Counter,Cash Withdrawal,N/A,Current,10000.0,00,Approved,Success,57,Male,1047
TXN0003057,2024-07-12,09:55:40,Itahari Branch,Sunsari,ATM,PIN Change,Debit Card,Savings,0.0,00,Approved,Success,34,Male,1486
TXN0003058,2024-07-12,10:34:04,Janakpur Branch,Dhanusha,ATM,Mini Statement,Debit Card,Current,0.0,00,Approved,Success,43,Male,973
TXN0003059,2024-07-12,12:06:32,Biratnagar Main,Morang,ATM,Balance Inquiry,Debit Card,Fixed Deposit,0.0,00,Approved,Success,18,Male,1657
TXN0003060,2024-07-12,12:39:38,Bharatpur Branch,Chitwan,ATM,Cash Withdrawal,Debit Card,Current,10000.0,00,Approved,Success,42,Male,716
TXN0003061,2024-07-12,13:33:01,Janakpur Branch,Dhanusha,ATM,Cash Withdrawal,Debit Card,Savings,15000.0,00,Approved,Success,28,Male,1112
TXN0003062,2024-07-12,14:14:58,Kathmandu Main,Kathmandu,POS,Refund,Credit Card,Savings,1160.03,00,Approved,Success,48,Male,793
TXN0003063,2024-07-12,17:43:07,Itahari Branch,Sunsari,Mobile Banking,Balance Inquiry,N/A,Savings,0.0,00,Approved,Success,48,Male,165
TXN0003064,2024-07-12,21:52:26,Butwal Branch,Rupandehi,POS,Refund,Credit Card,Savings,7034.29,00,Approved,Success,43,Male,121
TXN0003065,2024-07-13,03:57:58,Birgunj Branch,Parsa,ATM,Cash Withdrawal,Credit Card,Current,10000.0,00,Approved,Success,32,Male,1098
TXN0003066,2024-07-13,08:50:25,Pokhara Lakeside,Kaski,Internet Banking,Bill Payment,N/A,Savings,9236.61,51,Insufficient Funds,Timeout,52,Female,794
TXN0003067,2024-07-13,08:58:38,Nepalgunj Branch,Banke,Mobile Banking,QR Payment,N/A,Fixed Deposit,1888.59,00,Approved,Success,37,Female,783
TXN0003068,2024-07-13,10:11:16,Janakpur Branch,Dhanusha,Internet Banking,Bill Payment,N/A,Current,7354.89,00,Approved,Success,52,Female,834
TXN0003069,2024-07-13,10:58:23,Dhangadhi Branch,Kailali,POS,Purchase,Credit Card,Savings,7336.25,00,Approved,Success,21,Male,1000
TXN0003070,2024-07-13,10:58:47,Pokhara Lakeside,Kaski,ATM,Cash Withdrawal,Credit Card,Savings,500.0,00,Approved,Success,46,Female,1423
TXN0003071,2024-07-13,11:35:27,Pokhara Lakeside,Kaski,ATM,Balance Inquiry,Debit Card,Savings,0.0,00,Approved,Success,56,Female,1477
TXN0003072,2024-07-13,11:54:22,Bharatpur Branch,Chitwan,Mobile Banking,Balance Inquiry,N/A,Savings,0.0,00,Approved,Success,45,Male,365
TXN0003073,2024-07-13,11:57:25,Nepalgunj Branch,Banke,ATM,Mini Statement,Prepaid Card,Savings,0.0,00,Approved,Success,48,Female,1075
TXN0003074,2024-07-13,12:47:21,New Baneshwor,Kathmandu,ATM,PIN Change,Debit Card,Savings,0.0,00,Approved,Success,51,Male,1519
TXN0003075,2024-07-13,12:59:24,Kathmandu Main,Kathmandu,POS,Purchase,Debit Card,Savings,13604.0,00,Approved,Success,18,Female,801
TXN0003076,2024-07-13,13:13:12,Dhangadhi Branch,Kailali,ATM,PIN Change,Debit Card,Savings,0.0,00,Approved,Success,18,Female,1676
TXN0003077,2024-07-13,13:14:29,Janakpur Branch,Dhanusha,POS,Refund,Debit Card,Savings,6415.55,00,Approved,Success,35,Female,976
TXN0003078,2024-07-13,13:15:10,Birgunj Branch,Parsa,ATM,Mini Statement,Debit Card,Savings,0.0,00,Approved,Success,50,Male,975
TXN0003079,2024-07-13,13:56:02,Hetauda Branch,Makwanpur,Mobile Banking,Mobile Top-up,N/A,Savings,100.0,00,Approved,Success,29,Female,599
TXN0003080,2024-07-13,15:07:48,Dhangadhi Branch,Kailali,POS,Refund,Debit Card,Savings,6418.68,00,Approved,Success,29,Female,952
TXN0003081,2024-07-13,16:18:47,Pokhara Lakeside,Kaski,Mobile Banking,Bill Payment,N/A,Savings,1569.97,00,Approved,Success,31,Male,826
TXN0003082,2024-07-13,18:04:07,Birgunj Branch,Parsa,Mobile Banking,Fund Transfer,N/A,Current,30854.7,00,Approved,Success,41,Female,257
TXN0003083,2024-07-13,22:48:44,ITAHARI BRANCH,Sunsari,ATM,Balance Inquiry,Debit Card,Savings,0.0,00,Approved,Success,47,Female,967
TXN0003084,2024-07-14,04:06:27,Nepalgunj Branch,Banke,Branch Counter,Cash Withdrawal,N/A,Current,8000.0,00,Approved,Success,31,Female,449
TXN0003085,2024-07-14,07:03:41,Biratnagar Main,Morang,Mobile Banking,Mobile Top-up,N/A,Savings,500.0,00,Approved,Success,32,Female,937
TXN0003086,2024-07-14,07:16:25,Lalitpur Branch,Lalitpur,Mobile Banking,Bill Payment,N/A,Savings,1421.6,00,Approved,Success,28,Female,104
TXN0003087,2024-07-14,07:37:41,Kathmandu Main,Kathmandu,Mobile Banking,Fund Transfer,N/A,Savings,66330.92,00,Approved,Success,38,Male,628
TXN0003088,2024-07-14,07:53:08,Itahari Branch,Sunsari,Mobile Banking,Mobile Top-up,N/A,Savings,200.0,00,Approved,Success,35,Male,427
TXN0003089,2024-07-14,08:10:07,Bharatpur Branch,Chitwan,ATM,Balance Inquiry,Debit Card,Savings,0.0,00,Approved,Success,30,Male,1007
TXN0003090,2024-07-14,08:15:24,New Baneshwor,Kathmandu,Mobile Banking,Balance Inquiry,N/A,Savings,0.0,00,Approved,Success,34,Male,944
TXN0003091,2024-07-14,08:25:09,Biratnagar Main,Morang,Mobile Banking,Balance Inquiry,N/A,Current,0.0,00,Approved,Success,31,Female,873
TXN0003092,2024-07-14,08:55:23,Butwal Branch,Rupandehi,Internet Banking,Fund Transfer,N/A,Current,95207.33,00,Approved,Success,30,Female,876
TXN0003093,2024-07-14,09:50:34,Dharan Branch,Sunsari,Branch Counter,Cash Withdrawal,N/A,Savings,2000.0,00,Approved,Success,50,Male,797
TXN0003094,2024-07-14,12:05:47,Hetauda Branch,Makwanpur,ATM,Balance Inquiry,Debit Card,Current,0.0,00,Approved,Success,18,Male,1321
TXN0003095,2024-07-14,13:57:12,New Baneshwor,Kathmandu,ATM,Cash Withdrawal,Debit Card,Savings,500.0,00,Approved,Success,30,Male,823
TXN0003096,2024-07-14,16:46:37,Dhangadhi Branch,Kailali,ATM,Balance Inquiry,Debit Card,Savings,0.0,00,Approved,Success,42,Female,1385
TXN0003097,2024-07-14,17:53:09,Dhangadhi Branch,Kailali,Mobile Banking,Balance Inquiry,N/A,Savings,0.0,00,Approved,Success,42,Male,143
TXN0003098,2024-07-14,20:39:12,Birgunj Branch,Parsa,Internet Banking,Balance Inquiry,N/A,Savings,0.0,00,Approved,Success,48,Male,370
TXN0003099,2024-07-14,22:07:53,Lalitpur Branch,Lalitpur,Mobile Banking,Mobile Top-up,N/A,Fixed Deposit,50.0,00,Approved,Success,57,Male,559
TXN0003100,2024-07-15,02:35:19,Biratnagar Main,Morang,ATM,Mini Statement,Debit Card,Savings,0.0,00,Approved,Success,28,Male,1628
TXN0003101,2024-07-15,10:08:53,Nepalgunj Branch,Banke,ATM,Mini Statement,Prepaid Card,Savings,0.0,00,Approved,Success,31,Male,841
TXN0003102,2024-07-15,11:06:01,Nepalgunj Branch,Banke,POS,Refund,Credit Card,Savings,5025.68,00,Approved,Success,34,Male,499
TXN0003103,2024-07-15,11:19:19,Pokhara Lakeside,Kaski,POS,Refund,Debit Card,Current,6484.26,00,Approved,Success,52,Female,528
TXN0003104,2024-07-15,11:51:14,Hetauda Branch,Makwanpur,ATM,Mini Statement,Debit Card,Savings,0.0,00,Approved,Success,29,Male,1411
TXN0003105,2024-07-15,11:55:05,New Baneshwor,Kathmandu,ATM,Balance Inquiry,Debit Card,Savings,0.0,05,Do Not Honor,Failed,33,Female,1290
TXN0003106,2024-07-15,12:12:34,Dhangadhi Branch,Kailali,Internet Banking,Balance Inquiry,N/A,Savings,0.0,00,Approved,Success,40,Male,873
TXN0003107,2024-07-15,12:32:09,Hetauda Branch,Makwanpur,POS,Purchase,Debit Card,Current,1388.13,00,Approved,Success,45,Male,80
TXN0003108,2024-07-15,14:05:37,Kathmandu Main,Kathmandu,Mobile Banking,Balance Inquiry,N/A,Current,0.0,00,Approved,Success,18,Male,412
TXN0003109,2024-07-15,15:38:45,Bharatpur Branch,Chitwan,Mobile Banking,Mobile Top-up,N/A,Savings,100.0,00,Approved,Success,23,Female,203
TXN0003110,2024-07-15,15:51:13,Lalitpur Branch,Lalitpur,ATM,Cash Withdrawal,Debit Card,Savings,2000.0,00,Approved,Success,62,Male,718
TXN0003111,2024-07-15,16:10:20,Butwal Branch,Rupandehi,ATM,Mini Statement,Debit Card,Savings,0.0,00,Approved,Success,20,Female,1245
TXN0003112,2024-07-15,17:43:21,Dharan Branch,Sunsari,ATM,Mini Statement,Debit Card,Savings,0.0,00,Approved,Success,37,Female,535
TXN0003113,2024-07-15,18:14:15,New Baneshwor,Kathmandu,ATM,Cash Withdrawal,Prepaid Card,Savings,-15000.0,96,System Malfunction,Reversed,37,Male,1007
TXN0003114,2024-07-15,19:04:24,Dhangadhi Branch,Kailali,POS,Purchase,Debit Card,Savings,7254.04,00,Approved,Success,43,Female,615
TXN0003115,2024-07-16,09:43:39,Dhangadhi Branch,Kailali,Mobile Banking,Bill Payment,N/A,Savings,2475.47,00,Approved,Success,38,Female,519
TXN0003116,2024-07-16,10:16:35,Butwal Branch,Rupandehi,Branch Counter,Cash Deposit,N/A,Savings,73772.73,00,Approved,Success,41,Female,482
TXN0003117,2024-07-16,10:25:29,Nepalgunj Branch,Banke,ATM,Mini Statement,Prepaid Card,Savings,0.0,00,Approved,Success,31,,659
TXN0003118,2024-07-16,10:48:18,Bharatpur Branch,Chitwan,Internet Banking,Bill Payment,N/A,Current,1320.25,00,Approved,Success,36,Male,1291
TXN0003119,2024-07-16,11:35:31,Itahari Branch,Sunsari,ATM,PIN Change,Debit Card,Fixed Deposit,0.0,00,Approved,Success,30,Male,1034
TXN0003120,2024-07-16,12:07:41,Dharan Branch,Sunsari,ATM,Balance Inquiry,Debit Card,Savings,0.0,00,Approved,Success,38,Female,786
TXN0003121,2024-07-16,12:25:08,Biratnagar Main,Morang,Mobile Banking,Fund Transfer,N/A,Savings,34005.57,00,Approved,Success,25,Male,432
TXN0003121,2024-07-16,12:25:08,Biratnagar Main,Morang,Mobile Banking,Fund Transfer,N/A,Savings,34005.57,00,Approved,Success,25,Male,432
TXN0003122,2024-07-16,12:58:27,Bhaktapur Branch,Bhaktapur,ATM,Balance Inquiry,Debit Card,Current,0.0,00,Approved,Success,41,Male,1030
TXN0003123,2024-07-16,14:46:53,Kathmandu Main,Kathmandu,ATM,Cash Withdrawal,Debit Card,Savings,500.0,00,Approved,Success,32,Female,1648
TXN0003124,2024-07-16,14:58:57,Itahari Branch,Sunsari,ATM,Balance Inquiry,Debit Card,Savings,0.0,61,Exceeds Withdrawal Limit,Timeout,24,Female,635
TXN0003125,2024-07-16,15:12:45,Dharan Branch,Sunsari,ATM,PIN Change,Debit Card,Savings,0.0,00,Approved,Success,23,Male,764
TXN0003126,2024-07-16,15:39:03,Kathmandu Main,Kathmandu,ATM,Mini Statement,Debit Card,Savings,0.0,00,Approved,Success,46,Male,1206
TXN0003127,2024-07-16,17:38:31,Nepalgunj Branch,Banke,ATM,Cash Withdrawal,Debit Card,Savings,2500.0,00,Approved,Success,47,Male,1509
TXN0003127,2024-07-16,17:38:31,Nepalgunj Branch,Banke,ATM,Cash Withdrawal,Debit Card,Savings,2500.0,00,Approved,Success,47,Male,1509
TXN0003128,2024-07-16,18:25:27,Bharatpur Branch,Chitwan,POS,Purchase,Debit Card,Current,5330.0,00,Approved,Success,72,Male,694
TXN0003129,2024-07-16,20:19:01,Janakpur Branch,Dhanusha,Mobile Banking,Mobile Top-up,N/A,Savings,100.0,00,Approved,Success,52,Male,693
TXN0003130,2024-07-16,20:20:37,Dhangadhi Branch,Kailali,ATM,PIN Change,Debit Card,Savings,0.0,00,Approved,Success,43,Female,1334
TXN0003131,2024-07-16,20:52:07,Hetauda Branch,Makwanpur,ATM,Mini Statement,Debit Card,Current,0.0,00,Approved,Success,27,Male,1048
TXN0003132,2024-07-17,03:23:13,Itahari Branch,Sunsari,POS,Refund,Debit Card,Savings,4207.36,00,Approved,Success,22,Female,617
TXN0003133,2024-07-17,06:11:01,Hetauda Branch,Makwanpur,ATM,PIN Change,Debit Card,Current,0.0,00,Approved,Success,39,Female,558
TXN0003134,2024-07-17,08:22:46,Birgunj Branch,Parsa,ATM,Mini Statement,Debit Card,Savings,0.0,00,Approved,Success,47,Female,1183
TXN0003135,2024-07-17,08:35:32,Butwal Branch,Rupandehi,Mobile Banking,QR Payment,N/A,Current,118.03,91,Issuer Unavailable,Failed,34,Male,517
TXN0003136,2024-07-17,10:28:48,Lalitpur Branch,Lalitpur,ATM,Mini Statement,Credit Card,Current,0.0,00,Approved,Success,30,Male,1188
TXN0003137,2024-07-17,10:34:15,Biratnagar Main,Morang,Branch Counter,Cash Deposit,N/A,Current,173506.79,51,Insufficient Funds,Reversed,25,Male,1190
TXN0003138,2024-07-17,11:24:43,Biratnagar Main,Morang,Mobile Banking,Bill Payment,N/A,Savings,2426.92,00,Approved,Success,39,Male,488
TXN0003139,2024-07-17,11:43:28,Janakpur Branch,Dhanusha,POS,Refund,Prepaid Card,Savings,3694.41,14,Invalid Card,Failed,24,Female,240
TXN0003140,2024-07-17,12:01:34,Pokhara Lakeside,Kaski,Internet Banking,Statement Download,N/A,Current,0.0,51,Insufficient Funds,Reversed,26,Female,850
TXN0003141,2024-07-17,12:24:54,Butwal Branch,Rupandehi,Internet Banking,Statement Download,N/A,Savings,0.0,00,Approved,Success,26,Male,532
TXN0003142,2024-07-17,12:54:33,Itahari Branch,Sunsari,Mobile Banking,Bill Payment,N/A,Fixed Deposit,9896.76,00,Approved,Success,37,Male,574
TXN0003143,2024-07-17,13:23:59,Bhaktapur Branch,Bhaktapur,Mobile Banking,Bill Payment,N/A,Savings,695.01,00,Approved,Success,21,Male,918
TXN0003144,2024-07-17,14:56:12,Lalitpur Branch,Lalitpur,ATM,Cash Withdrawal,Debit Card,Savings,500.0,00,Approved,Success,60,Male,789
TXN0003145,2024-07-17,15:37:28,Bharatpur Branch,Chitwan,Mobile Banking,Balance Inquiry,N/A,Current,0.0,00,Approved,Success,36,Female,691
TXN0003146,2024-07-17,16:02:14,Pokhara Lakeside,Kaski,Internet Banking,Statement Download,N/A,Savings,0.0,00,Approved,Success,37,Male,499
TXN0003147,2024-07-17,16:12:33,Janakpur Branch,Dhanusha,POS,Purchase,Credit Card,Savings,14286.55,55,Incorrect PIN,Failed,18,Male,793
TXN0003148,2024-07-17,16:39:35,Biratnagar Main,Morang,Internet Banking,Statement Download,N/A,Fixed Deposit,0.0,00,Approved,Success,47,Female,80
TXN0003149,2024-07-17,17:47:38,Bharatpur Branch,Chitwan,Mobile Banking,Mobile Top-up,N/A,Current,50.0,00,Approved,Success,29,Female,968
TXN0003150,2024-07-17,19:45:02,Bharatpur Branch,Chitwan,Mobile Banking,Mobile Top-up,N/A,Savings,500.0,00,Approved,Success,35,Female,809
TXN0003151,2024-07-18,03:45:53,Dhangadhi Branch,Kailali,ATM,PIN Change,Debit Card,Savings,0.0,00,Approved,Success,44,Male,2166
TXN0003152,2024-07-18,07:25:44,Lalitpur Branch,Lalitpur,Mobile Banking,Fund Transfer,N/A,Savings,42700.61,00,Approved,Success,36,Male,477
TXN0003153,2024-07-18,07:34:35,Lalitpur Branch,Lalitpur,ATM,Cash Withdrawal,Debit Card,Savings,500.0,00,Approved,Success,29,Male,1591
TXN0003154,2024-07-18,07:46:45,Bharatpur Branch,Chitwan,Mobile Banking,Mobile Top-up,N/A,Savings,50.0,00,Approved,Success,33,Male,684
TXN0003155,2024-07-18,09:53:40,Dharan Branch,Sunsari,Internet Banking,Balance Inquiry,N/A,Savings,0.0,00,Approved,Success,19,Female,722
TXN0003156,2024-07-18,11:08:02,Dhangadhi Branch,Kailali,Mobile Banking,Balance Inquiry,N/A,Savings,0.0,00,Approved,Success,18,Female,732
TXN0003157,2024-07-18,11:31:12,Nepalgunj Branch,Banke,ATM,Balance Inquiry,Debit Card,Savings,0.0,00,Approved,Success,42,Male,1120
TXN0003158,2024-07-18,11:47:17,Pokhara Lakeside,Kaski,ATM,PIN Change,Debit Card,Savings,0.0,00,Approved,Success,30,Male,629
TXN0003159,2024-07-18,12:19:15,Kathmandu Main,Kathmandu,ATM,PIN Change,Debit Card,Fixed Deposit,0.0,00,Approved,Success,25,Female,1470
TXN0003160,2024-07-18,12:54:19,Butwal Branch,Rupandehi,Mobile Banking,Fund Transfer,N/A,Current,78229.81,00,Approved,Success,52,Male,772
TXN0003161,2024-07-18,14:34:53,Kathmandu Main,Kathmandu,POS,Purchase,Debit Card,Savings,572.56,00,Approved,Success,30,,394
TXN0003162,2024-07-18,15:04:59,Hetauda Branch,Makwanpur,POS,Refund,Debit Card,Current,1139.88,91,Issuer Unavailable,Reversed,25,Female,789
TXN0003163,2024-07-18,15:45:14,Bharatpur Branch,Chitwan,Mobile Banking,QR Payment,N/A,Savings,2522.57,00,Approved,Success,24,Male,384
TXN0003164,2024-07-18,16:32:33,Butwal Branch,Rupandehi,Mobile Banking,Mobile Top-up,N/A,Savings,100.0,00,Approved,Success,37,Female,317
TXN0003165,2024-07-18,17:23:48,Biratnagar Main,Morang,Branch Counter,Account Opening,N/A,Savings,0.0,55,Incorrect PIN,Failed,32,Female,446
TXN0003166,2024-07-18,18:03:31,Janakpur Branch,Dhanusha,Mobile Banking,Bill Payment,N/A,Savings,1988.05,00,Approved,Success,47,Female,549
TXN0003167,2024-07-18,18:53:58,Kathmandu Main,Kathmandu,ATM,Cash Withdrawal,Debit Card,Savings,1000.0,00,Approved,Success,48,Male,1366
TXN0003168,2024-07-18,22:03:14,Butwal Branch,Rupandehi,ATM,Mini Statement,Debit Card,Savings,0.0,00,Approved,Success,21,Female,1444
TXN0003169,2024-07-18,23:42:42,Janakpur Branch,Dhanusha,ATM,Cash Withdrawal,Debit Card,Savings,2500.0,00,Approved,Success,18,Male,1269
TXN0003170,2024-07-19,05:05:13,Itahari Branch,Sunsari,POS,Refund,Debit Card,Savings,179.91,00,Approved,Success,31,Female,513
TXN0003171,2024-07-19,11:20:33,Bhaktapur Branch,Bhaktapur,ATM,PIN Change,Credit Card,Current,0.0,00,Approved,Success,46,Male,1052
TXN0003172,2024-07-19,11:33:46,Bharatpur Branch,Chitwan,ATM,Balance Inquiry,Prepaid Card,Savings,0.0,00,Approved,Success,24,Female,1261
TXN0003173,2024-07-19,17:11:19,Nepalgunj Branch,Banke,ATM,Cash Withdrawal,Debit Card,Current,1000.0,00,Approved,Success,18,Female,1605
TXN0003174,2024-07-19,18:12:07,Bharatpur Branch,Chitwan,ATM,PIN Change,Debit Card,Savings,0.0,00,Approved,Success,45,Male,1489
TXN0003175,2024-07-20,00:19:59,Pokhara Lakeside,Kaski,ATM,Balance Inquiry,Credit Card,Savings,0.0,00,Approved,Success,18,Female,487
TXN0003176,2024-07-20,02:10:40,Birgunj Branch,Parsa,POS,Refund,Debit Card,Savings,967.52,00,Approved,Success,25,Male,397
TXN0003177,2024-07-20,07:26:32,Itahari Branch,Sunsari,ATM,PIN Change,Debit Card,Savings,0.0,00,Approved,Success,46,Male,1268
TXN0003178,2024-07-20,08:09:15,Janakpur Branch,Dhanusha,Mobile Banking,QR Payment,N/A,Savings,3008.37,00,Approved,Success,28,Female,730
TXN0003179,2024-07-20,09:33:38,Lalitpur Branch,Lalitpur,ATM,Cash Withdrawal,Debit Card,Current,8000.0,00,Approved,Success,44,Male,1609
TXN0003180,2024-07-20,09:52:00,Hetauda Branch,Makwanpur,ATM,PIN Change,Debit Card,Fixed Deposit,0.0,00,Approved,Success,23,Male,1595
TXN0003181,2024-07-20,11:14:17,Janakpur Branch,Dhanusha,POS,Refund,Debit Card,Savings,9852.42,00,Approved,Success,18,Female,500
TXN0003182,2024-07-20,11:52:20,Nepalgunj Branch,Banke,Branch Counter,Fund Transfer,N/A,Fixed Deposit,63103.11,00,Approved,Success,51,Male,401
TXN0003183,2024-07-20,13:46:29,BUTWAL BRANCH,Rupandehi,ATM,PIN Change,Prepaid Card,Savings,0.0,00,Approved,Success,21,Female,1591
TXN0003184,2024-07-20,13:52:55,Biratnagar Main,Morang,Internet Banking,Bill Payment,N/A,Savings,11375.13,00,Approved,Success,39,Male,880
TXN0003185,2024-07-20,13:54:06,Birgunj Branch,Parsa,POS,Purchase,Debit Card,Savings,4292.21,00,Approved,Success,44,Female,288
TXN0003186,2024-07-20,13:55:56,Dhangadhi Branch,Kailali,Mobile Banking,QR Payment,N/A,Savings,235.5,00,Approved,Success,44,Female,410
TXN0003187,2024-07-20,15:36:20,Hetauda Branch,Makwanpur,ATM,Balance Inquiry,Debit Card,Savings,0.0,00,Approved,Success,52,Male,1198
TXN0003188,2024-07-20,15:46:25,Nepalgunj Branch,Banke,ATM,Balance Inquiry,Debit Card,Savings,0.0,00,Approved,Success,38,Male,1693
TXN0003189,2024-07-20,16:41:39,Bhaktapur Branch,Bhaktapur,ATM,Cash Withdrawal,Debit Card,Current,15000.0,00,Approved,Success,24,Female,652
TXN0003190,2024-07-20,18:23:47,Lalitpur Branch,Lalitpur,ATM,Cash Withdrawal,Debit Card,Savings,10000.0,00,Approved,Success,43,Female,823
TXN0003191,2024-07-20,18:59:11,Bharatpur Branch,Chitwan,ATM,Mini Statement,Debit Card,Savings,0.0,51,Insufficient Funds,Timeout,43,Female,1529
TXN0003192,2024-07-21,06:28:41,Kathmandu Main,Kathmandu,Internet Banking,Balance Inquiry,N/A,Fixed Deposit,0.0,00,Approved,Success,46,Male,420
TXN0003193,2024-07-21,08:20:45,Janakpur Branch,Dhanusha,Mobile Banking,Bill Payment,N/A,Savings,7091.7,00,Approved,Success,18,Female,586
TXN0003194,2024-07-21,08:22:47,Pokhara Lakeside,Kaski,ATM,Mini Statement,Debit Card,Savings,0.0,00,Approved,Success,52,Female,1160
TXN0003195,2024-07-21,10:36:49,Biratnagar Main,Morang,ATM,PIN Change,Debit Card,Savings,0.0,00,Approved,Success,18,Male,1090
TXN0003196,2024-07-21,10:59:07,Itahari Branch,Sunsari,Mobile Banking,Fund Transfer,N/A,Current,36179.63,00,Approved,Success,33,Female,290
TXN0003197,2024-07-21,11:27:33,Itahari Branch,Sunsari,ATM,PIN Change,Credit Card,Savings,0.0,00,Approved,Success,24,Male,1243
TXN0003198,2024-07-21,14:28:34,Nepalgunj Branch,Banke,Mobile Banking,Mobile Top-up,N/A,Savings,500.0,00,Approved,Success,45,Male,748
TXN0003199,2024-07-21,20:18:02,Itahari Branch,Sunsari,ATM,Mini Statement,Debit Card,Current,0.0,00,Approved,Success,39,Female,991
TXN0003200,2024-07-21,20:59:03,Nepalgunj Branch,Banke,Mobile Banking,Balance Inquiry,N/A,Fixed Deposit,0.0,00,Approved,Success,30,Female,353
TXN0003201,2024-07-21,23:51:14,New Baneshwor,Kathmandu,ATM,PIN Change,Credit Card,Savings,0.0,00,Approved,Success,25,Female,1377
TXN0003202,2024-07-22,06:01:06,Dharan Branch,Sunsari,ATM,Cash Withdrawal,Debit Card,Savings,10000.0,51,Insufficient Funds,Failed,36,Female,1092
TXN0003203,2024-07-22,09:24:51,Hetauda Branch,Makwanpur,ATM,PIN Change,Debit Card,Fixed Deposit,0.0,00,Approved,Success,34,,1271
TXN0003204,2024-07-22,09:41:12,Lalitpur Branch,Lalitpur,Mobile Banking,Fund Transfer,N/A,Savings,55555.02,00,Approved,Success,21,Female,219
TXN0003205,2024-07-22,11:14:24,Bharatpur Branch,Chitwan,Mobile Banking,QR Payment,N/A,Savings,4246.83,00,Approved,Success,29,Female,349
TXN0003206,2024-07-22,12:07:44,Bhaktapur Branch,Bhaktapur,ATM,Balance Inquiry,Debit Card,Savings,0.0,55,Incorrect PIN,Failed,22,Male,1193
TXN0003207,2024-07-22,13:11:48,Lalitpur Branch,Lalitpur,ATM,PIN Change,Debit Card,Savings,0.0,51,Insufficient Funds,Timeout,32,Female,1064
TXN0003208,2024-07-22,13:23:03,Biratnagar Main,Morang,Branch Counter,Cash Deposit,N/A,Current,46349.64,00,Approved,Success,30,Male,926
TXN0003209,2024-07-22,13:54:09,Lalitpur Branch,Lalitpur,ATM,PIN Change,Debit Card,Savings,0.0,00,Approved,Success,23,Male,706
TXN0003210,2024-07-22,15:49:56,Kathmandu Main,Kathmandu,Mobile Banking,Fund Transfer,N/A,Savings,83129.9,00,Approved,Success,50,Male,544
TXN0003211,2024-07-22,20:55:05,Itahari Branch,Sunsari,POS,Refund,Debit Card,Savings,7111.97,00,Approved,Success,28,Female,825
TXN0003212,2024-07-22,22:58:28,New Baneshwor,Kathmandu,ATM,Mini Statement,Debit Card,Savings,0.0,00,Approved,Success,23,Female,898
TXN0003213,2024-07-23,10:58:06,Bhaktapur Branch,Bhaktapur,ATM,PIN Change,Debit Card,Savings,0.0,51,Insufficient Funds,Reversed,37,Male,1474
TXN0003214,2024-07-23,11:14:38,Birgunj Branch,Parsa,POS,Purchase,Debit Card,Savings,1503.59,00,Approved,Success,39,Male,931
TXN0003215,2024-07-23,13:34:31,Birgunj Branch,Parsa,POS,Purchase,Debit Card,Savings,9614.02,00,Approved,Success,57,,650
TXN0003216,2024-07-23,16:04:16,Bhaktapur Branch,Bhaktapur,Mobile Banking,Balance Inquiry,N/A,Savings,0.0,00,Approved,Success,34,Female,702
TXN0003217,2024-07-23,19:16:35,Bharatpur Branch,Chitwan,ATM,PIN Change,Debit Card,Fixed Deposit,0.0,00,Approved,Success,38,Male,891
TXN0003218,2024-07-24,01:40:58,Dhangadhi Branch,Kailali,Mobile Banking,QR Payment,N/A,Savings,3956.77,00,Approved,Success,27,Male,942
TXN0003219,2024-07-24,02:06:49,Janakpur Branch,Dhanusha,Mobile Banking,Mobile Top-up,N/A,Savings,1000.0,00,Approved,Success,54,Female,458
TXN0003220,2024-07-24,07:01:54,Lalitpur Branch,Lalitpur,Mobile Banking,Mobile Top-up,N/A,Savings,50.0,00,Approved,Success,32,Male,648
TXN0003221,2024-07-24,08:04:29,Itahari Branch,Sunsari,Mobile Banking,Fund Transfer,N/A,Savings,5970.76,00,Approved,Success,5,Male,493
TXN0003222,2024-07-24,08:13:10,Janakpur Branch,Dhanusha,ATM,Mini Statement,Debit Card,Current,0.0,00,Approved,Success,18,Female,1820
TXN0003223,2024-07-24,09:00:57,Janakpur Branch,Dhanusha,Mobile Banking,Balance Inquiry,N/A,Current,0.0,00,Approved,Success,21,Male,524
TXN0003224,2024-07-24,11:00:15,Dhangadhi Branch,Kailali,ATM,Balance Inquiry,Debit Card,Current,0.0,00,Approved,Success,35,Female,1978
TXN0003225,2024-07-24,11:24:18,Dhangadhi Branch,Kailali,Mobile Banking,Fund Transfer,N/A,Savings,21986.59,51,Insufficient Funds,Failed,46,Male,744
TXN0003226,2024-07-24,11:54:53,Hetauda Branch,Makwanpur,ATM,PIN Change,Debit Card,Savings,0.0,00,Approved,Success,31,Male,1105
TXN0003227,2024-07-24,12:22:50,Itahari Branch,Sunsari,Mobile Banking,QR Payment,N/A,Current,3602.65,00,Approved,Success,26,Female,490
TXN0003228,2024-07-24,13:50:03,Biratnagar Main,Morang,Mobile Banking,Bill Payment,N/A,Savings,9328.8,00,Approved,Success,41,Female,843
TXN0003228,2024-07-24,13:50:03,Biratnagar Main,Morang,Mobile Banking,Bill Payment,N/A,Savings,9328.8,00,Approved,Success,41,Female,843
TXN0003229,2024-07-24,15:12:56,Janakpur Branch,Dhanusha,Mobile Banking,Mobile Top-up,N/A,Savings,500.0,00,Approved,Success,33,,475
TXN0003230,2024-07-24,15:26:08,Lalitpur Branch,Lalitpur,Mobile Banking,Fund Transfer,N/A,Savings,36869.8,00,Approved,Success,18,Female,710
TXN0003231,2024-07-24,15:33:25,Birgunj Branch,Parsa,ATM,Cash Withdrawal,Debit Card,Current,8000.0,00,Approved,Success,26,Female,1379
TXN0003232,2024-07-24,16:43:27,Hetauda Branch,Makwanpur,ATM,PIN Change,Debit Card,Savings,0.0,00,Approved,Success,18,Male,1107
TXN0003233,2024-07-24,16:46:04,Itahari Branch,Sunsari,ATM,Mini Statement,Debit Card,Savings,0.0,00,Approved,Success,22,Female,1330
TXN0003234,2024-07-24,17:30:57,Birgunj Branch,Parsa,Mobile Banking,Mobile Top-up,N/A,Savings,1000.0,00,Approved,Success,39,Female,209
TXN0003235,2024-07-24,18:12:03,Lalitpur Branch,Lalitpur,POS,Purchase,Debit Card,Current,14907.83,00,Approved,Success,,Male,423
TXN0003236,2024-07-24,20:31:15,Pokhara Lakeside,Kaski,Mobile Banking,Mobile Top-up,N/A,Savings,50.0,00,Approved,Success,43,Female,326
TXN0003237,2024-07-24,21:06:45,Nepalgunj Branch,Banke,Internet Banking,Statement Download,N/A,Savings,0.0,00,Approved,Success,25,Male,652
TXN0003238,2024-07-24,23:52:10,Nepalgunj Branch,Banke,ATM,Cash Withdrawal,Prepaid Card,Savings,3000.0,91,Issuer Unavailable,Reversed,18,Male,1654
TXN0003239,2024-07-25,07:37:00,Butwal Branch,Rupandehi,Mobile Banking,Fund Transfer,N/A,Current,42307.03,00,Approved,Success,34,Male,681
TXN0003240,2024-07-25,08:10:40,Nepalgunj Branch,Banke,ATM,Balance Inquiry,Debit Card,Savings,0.0,00,Approved,Success,30,Female,1281
TXN0003241,2024-07-25,09:06:49,Dharan Branch,Sunsari,ATM,Balance Inquiry,Debit Card,Savings,0.0,00,Approved,Success,33,Female,375
TXN0003242,2024-07-25,09:43:46,Butwal Branch,Rupandehi,ATM,PIN Change,Credit Card,Current,0.0,00,Approved,Success,27,Male,1150
TXN0003243,2024-07-25,09:50:52,  Nepalgunj Branch  ,Banke,ATM,Mini Statement,Debit Card,Savings,0.0,00,Approved,Success,22,Male,547
TXN0003244,2024-07-25,10:57:56,Janakpur Branch,Dhanusha,Mobile Banking,Bill Payment,N/A,Savings,11739.17,00,Approved,Success,32,Male,231
TXN0003245,2024-07-25,11:19:12,Kathmandu Main,Kathmandu,POS,Refund,Debit Card,Savings,1179.98,00,Approved,Success,54,Male,338
TXN0003246,2024-07-25,13:02:46,Pokhara Lakeside,Kaski,ATM,Cash Withdrawal,Prepaid Card,Savings,10000.0,00,Approved,Success,39,Female,1655
TXN0003247,2024-07-25,14:24:42,Hetauda Branch,Makwanpur,Branch Counter,Fund Transfer,N/A,Savings,84884.32,00,Approved,Success,31,Male,270
TXN0003248,2024-07-25,14:48:03,Hetauda Branch,Makwanpur,Internet Banking,Fund Transfer,N/A,Current,46466.65,00,Approved,Success,18,Female,559
TXN0003249,2024-07-25,15:20:58,Janakpur Branch,Dhanusha,ATM,Cash Withdrawal,Credit Card,Savings,20000.0,00,Approved,Success,37,Male,1045
TXN0003250,2024-07-25,15:25:01,Biratnagar Main,Morang,ATM,PIN Change,Debit Card,Savings,0.0,00,Approved,Success,,Female,1101
TXN0003251,2024-07-25,15:38:42,Itahari Branch,Sunsari,Internet Banking,Bill Payment,N/A,Savings,6766.55,00,Approved,Success,26,Male,712
TXN0003252,2024-07-25,17:46:58,Dhangadhi Branch,Kailali,Mobile Banking,Balance Inquiry,N/A,Savings,0.0,00,Approved,Success,30,Female,668
TXN0003253,2024-07-25,18:04:57,Hetauda Branch,Makwanpur,ATM,Cash Withdrawal,Debit Card,Fixed Deposit,15000.0,00,Approved,Success,33,Male,1385
TXN0003254,2024-07-25,20:38:11,Birgunj Branch,Parsa,Internet Banking,Statement Download,N/A,Savings,0.0,00,Approved,Success,18,Male,642
TXN0003255,2024-07-25,21:37:14,Bharatpur Branch,Chitwan,POS,Purchase,Prepaid Card,Savings,4209.0,91,Issuer Unavailable,Failed,32,Female,171
TXN0003256,2024-07-26,00:49:14,Birgunj Branch,Parsa,ATM,Mini Statement,Debit Card,Savings,0.0,00,Approved,Success,19,Male,1238
TXN0003257,2024-07-26,06:50:17,Itahari Branch,Sunsari,ATM,Mini Statement,Debit Card,Savings,0.0,05,Do Not Honor,Reversed,40,Male,1015
TXN0003258,2024-07-26,07:24:24,Biratnagar Main,Morang,POS,Purchase,Prepaid Card,Savings,12438.12,00,Approved,Success,52,Male,581
TXN0003259,2024-07-26,10:42:35,Birgunj Branch,Parsa,Mobile Banking,Mobile Top-up,N/A,Savings,50.0,00,Approved,Success,38,Female,807
TXN0003260,2024-07-26,11:29:17,Hetauda Branch,Makwanpur,Mobile Banking,Balance Inquiry,N/A,Savings,0.0,00,Approved,Success,22,,549
TXN0003261,2024-07-26,11:40:10,Biratnagar Main,Morang,Internet Banking,Fund Transfer,N/A,Savings,924.66,00,Approved,Success,18,,534
TXN0003262,2024-07-26,12:09:59,Butwal Branch,Rupandehi,ATM,Mini Statement,Credit Card,Savings,0.0,00,Approved,Success,38,Male,1890
TXN0003263,2024-07-26,12:18:16,Biratnagar Main,Morang,ATM,Balance Inquiry,Debit Card,Savings,0.0,00,Approved,Success,24,Male,1179
TXN0003264,2024-07-26,12:33:40,New Baneshwor,Kathmandu,Mobile Banking,QR Payment,N/A,Current,4041.79,00,Approved,Success,58,Female,933
TXN0003265,2024-07-26,13:00:13,Pokhara Lakeside,Kaski,ATM,PIN Change,Debit Card,Savings,0.0,00,Approved,Success,35,Male,779
TXN0003266,2024-07-26,13:34:18,New Baneshwor,Kathmandu,Mobile Banking,Balance Inquiry,N/A,Savings,0.0,00,Approved,Success,31,Male,194
TXN0003267,2024-07-26,14:30:26,Dharan Branch,Sunsari,ATM,Mini Statement,Debit Card,Savings,0.0,00,Approved,Success,55,Female,1101
TXN0003268,2024-07-26,15:15:20,Kathmandu Main,Kathmandu,Mobile Banking,Bill Payment,N/A,Savings,8436.84,00,Approved,Success,43,Male,547
TXN0003269,2024-07-26,17:05:08,Butwal Branch,Rupandehi,Internet Banking,Statement Download,N/A,Savings,0.0,96,System Malfunction,Reversed,23,,80
TXN0003270,2024-07-26,18:20:23,Bharatpur Branch,Chitwan,ATM,Balance Inquiry,Debit Card,Savings,0.0,00,Approved,Success,23,Male,1243
TXN0003271,2024-07-26,19:46:20,Hetauda Branch,Makwanpur,ATM,Cash Withdrawal,Debit Card,Savings,15000.0,00,Approved,Success,18,Male,1847
TXN0003272,2024-07-26,20:25:37,Dharan Branch,Sunsari,Mobile Banking,Bill Payment,N/A,Savings,657.97,55,Incorrect PIN,Failed,30,Female,869
TXN0003273,2024-07-26,21:40:27,Dharan Branch,Sunsari,Internet Banking,Bill Payment,N/A,Savings,7258.82,00,Approved,Success,45,Male,977
TXN0003273,2024-07-26,21:40:27,Dharan Branch,Sunsari,Internet Banking,Bill Payment,N/A,Savings,7258.82,00,Approved,Success,45,Male,977
TXN0003274,2024-07-26,21:47:01,Bhaktapur Branch,Bhaktapur,ATM,Balance Inquiry,Prepaid Card,Current,0.0,00,Approved,Success,18,Female,1556
TXN0003275,2024-07-27,07:14:17,New Baneshwor,Kathmandu,ATM,Balance Inquiry,Debit Card,Current,0.0,00,Approved,Success,18,Female,1521
TXN0003276,2024-07-27,07:31:07,New Baneshwor,Kathmandu,ATM,Mini Statement,Debit Card,Savings,0.0,00,Approved,Success,28,Male,1452
TXN0003277,2024-07-27,08:01:24,Butwal Branch,Rupandehi,ATM,Mini Statement,Debit Card,Current,0.0,00,Approved,Success,27,Female,1266
TXN0003278,2024-07-27,08:18:28,Dhangadhi Branch,Kailali,Mobile Banking,Mobile Top-up,N/A,Current,200.0,00,Approved,Success,36,Male,811
TXN0003279,2024-07-27,09:01:46,Janakpur Branch,Dhanusha,ATM,Balance Inquiry,Debit Card,Savings,0.0,00,Approved,Success,28,Female,1111
TXN0003280,2024-07-27,09:18:21,Butwal Branch,Rupandehi,POS,Refund,Credit Card,Savings,4996.33,00,Approved,Success,25,Female,630
TXN0003281,2024-07-27,10:09:43,Bharatpur Branch,Chitwan,Internet Banking,Fund Transfer,N/A,Current,15443.57,00,Approved,Success,23,,824
TXN0003282,2024-07-27,10:26:03,Bharatpur Branch,Chitwan,ATM,Mini Statement,Debit Card,Savings,0.0,00,Approved,Success,33,Female,767
TXN0003283,2024-07-27,10:45:32,Pokhara Lakeside,Kaski,branch counter,Cash Deposit,N/A,Current,107422.6,00,Approved,Success,30,Male,699
TXN0003284,2024-07-27,11:23:12,New Baneshwor,Kathmandu,POS,Refund,Debit Card,Savings,9696.81,51,Insufficient Funds,Failed,27,Male,594
TXN0003285,2024-07-27,13:06:02,Hetauda Branch,Makwanpur,Mobile Banking,Mobile Top-up,N/A,Savings,50.0,00,Approved,Success,33,Female,417
TXN0003286,2024-07-27,13:51:10,Bhaktapur Branch,Bhaktapur,ATM,Balance Inquiry,Debit Card,Savings,0.0,00,Approved,Success,24,Male,906
TXN0003287,2024-07-27,14:26:44,Pokhara Lakeside,Kaski,ATM,Cash Withdrawal,Debit Card,Savings,1000.0,00,Approved,Success,32,Female,1567
TXN0003288,2024-07-27,15:03:44,Bharatpur Branch,Chitwan,Mobile Banking,Fund Transfer,N/A,Current,7451.71,00,Approved,Success,52,Female,122
TXN0003289,2024-07-28,05:13:21,Pokhara Lakeside,Kaski,atm,Mini Statement,Debit Card,Savings,0.0,00,Approved,Success,18,Female,1455
TXN0003290,2024-07-28,08:44:02,Dharan Branch,Sunsari,ATM,PIN Change,Debit Card,Savings,0.0,00,Approved,Success,35,Male,1153
TXN0003291,2024-07-28,09:43:31,Pokhara Lakeside,Kaski,Mobile Banking,Mobile Top-up,N/A,Savings,500.0,00,Approved,Success,35,,546
TXN0003292,2024-07-28,09:48:56,Hetauda Branch,Makwanpur,Mobile Banking,Bill Payment,N/A,Current,1190.83,00,Approved,Success,38,Female,559
TXN0003293,2024-07-28,10:46:14,Birgunj Branch,Parsa,ATM,Mini Statement,Debit Card,Savings,0.0,00,Approved,Success,26,Male,1340
TXN0003294,2024-07-28,11:06:02,Kathmandu Main,Kathmandu,POS,Refund,Debit Card,Savings,333.47,00,Approved,Success,50,Female,831
TXN0003295,2024-07-28,11:28:08,Dhangadhi Branch,Kailali,Internet Banking,Bill Payment,N/A,Savings,993.4,00,Approved,Success,29,Female,1085
TXN0003296,2024-07-28,11:32:51,Biratnagar Main,Morang,ATM,Balance Inquiry,Debit Card,Savings,0.0,00,Approved,Success,29,Female,1684
TXN0003297,2024-07-28,12:26:48,Itahari Branch,Sunsari,ATM,Balance Inquiry,Prepaid Card,Savings,0.0,00,Approved,Success,41,Female,1273
TXN0003298,2024-07-28,12:45:31,Bhaktapur Branch,Bhaktapur,Mobile Banking,QR Payment,N/A,Savings,1206.87,05,Do Not Honor,Reversed,22,Female,866
TXN0003299,2024-07-28,12:49:20,Dhangadhi Branch,Kailali,ATM,PIN Change,Debit Card,Savings,0.0,00,Approved,Success,38,Female,899
TXN0003300,2024-07-28,12:59:41,Pokhara Lakeside,Kaski,POS,Purchase,Debit Card,Current,1229.42,00,Approved,Success,48,Male,195
TXN0003301,2024-07-28,13:34:19,Bhaktapur Branch,Bhaktapur,Mobile Banking,Bill Payment,N/A,Fixed Deposit,5676.72,00,Approved,Success,34,Female,591
TXN0003302,2024-07-28,16:11:00,Itahari Branch,Sunsari,Mobile Banking,QR Payment,N/A,Current,2283.74,00,Approved,Success,47,Male,528
TXN0003303,2024-07-28,17:27:57,Dhangadhi Branch,Kailali,ATM,Mini Statement,Debit Card,Savings,0.0,00,Approved,Success,30,Female,1137
TXN0003304,2024-07-28,17:31:58,New Baneshwor,Kathmandu,Internet Banking,Statement Download,N/A,Savings,0.0,00,Approved,Success,28,Female,80
TXN0003305,2024-07-28,17:37:44,Butwal Branch,Rupandehi,Mobile Banking,Mobile Top-up,N/A,Savings,500.0,00,Approved,Success,57,Female,840
TXN0003306,2024-07-28,19:02:34,Pokhara Lakeside,Kaski,ATM,Balance Inquiry,Debit Card,Savings,0.0,00,Approved,Success,18,Male,1215
TXN0003307,2024-07-28,20:13:29,Lalitpur Branch,Lalitpur,ATM,PIN Change,Prepaid Card,Savings,0.0,00,Approved,Success,31,Female,1667
TXN0003308,2024-07-28,23:25:48,Dhangadhi Branch,Kailali,ATM,Balance Inquiry,Debit Card,Savings,0.0,00,Approved,Success,24,Female,1376
TXN0003309,2024-07-28,23:30:37,Hetauda Branch,Makwanpur,Mobile Banking,Bill Payment,N/A,Savings,3256.38,00,Approved,Success,24,Female,712
TXN0003310,2024-07-29,07:25:04,Butwal Branch,Rupandehi,ATM,Cash Withdrawal,Debit Card,Savings,3000.0,00,Approved,Success,38,Female,787
TXN0003311,2024-07-29,09:28:58,Dhangadhi Branch,Kailali,POS,Refund,Debit Card,Savings,8385.78,00,Approved,Success,63,Female,416
TXN0003312,2024-07-29,09:59:46,Butwal Branch,Rupandehi,ATM,Balance Inquiry,Debit Card,Savings,0.0,00,Approved,Success,34,Female,949
TXN0003313,2024-07-29,11:44:15,Pokhara Lakeside,Kaski,Mobile Banking,Bill Payment,N/A,Savings,10011.8,00,Approved,Success,18,Female,253
TXN0003314,2024-07-29,11:54:49,Kathmandu Main,Kathmandu,ATM,Balance Inquiry,Prepaid Card,Savings,0.0,00,Approved,Success,48,Male,1151
TXN0003315,2024-07-29,12:09:45,Dhangadhi Branch,Kailali,ATM,Mini Statement,Debit Card,Savings,0.0,00,Approved,Success,18,Female,892
TXN0003316,2024-07-29,12:43:13,Biratnagar Main,Morang,Internet Banking,Balance Inquiry,N/A,Savings,0.0,00,Approved,Success,42,Female,398
TXN0003317,2024-07-29,14:14:51,Hetauda Branch,Makwanpur,Mobile Banking,Balance Inquiry,N/A,Current,0.0,00,Approved,Success,30,Male,603
TXN0003318,2024-07-29,15:55:51,Pokhara Lakeside,Kaski,Mobile Banking,Mobile Top-up,N/A,Savings,50.0,00,Approved,Success,26,Male,851
TXN0003319,2024-07-29,16:04:55,Lalitpur Branch,Lalitpur,Branch Counter,Fund Transfer,N/A,Savings,40286.43,00,Approved,Success,47,Female,677
TXN0003320,2024-07-29,16:08:39,Bhaktapur Branch,Bhaktapur,Mobile Banking,QR Payment,N/A,Savings,1327.04,00,Approved,Success,26,Female,428
TXN0003321,2024-07-29,16:58:19,Dharan Branch,Sunsari,ATM,Balance Inquiry,Debit Card,Savings,0.0,00,Approved,Success,44,Female,1950
TXN0003322,2024-07-29,17:42:30,Bharatpur Branch,Chitwan,ATM,Cash Withdrawal,Debit Card,Savings,8000.0,00,Approved,Success,41,Female,1886
TXN0003323,2024-07-29,18:29:46,Lalitpur Branch,Lalitpur,Mobile Banking,QR Payment,N/A,Savings,2041.04,00,Approved,Success,18,Female,1075
TXN0003324,2024-07-29,19:31:07,Dharan Branch,Sunsari,POS,Purchase,Debit Card,Current,11864.81,51,Insufficient Funds,Timeout,31,Male,554
TXN0003325,2024-07-30,00:02:00,Pokhara Lakeside,Kaski,ATM,Mini Statement,Debit Card,Savings,0.0,00,Approved,Success,55,Female,1841
TXN0003326,2024-07-30,06:14:05,Pokhara Lakeside,Kaski,Mobile Banking,QR Payment,N/A,Savings,3002.87,00,Approved,Success,24,Female,375
TXN0003327,2024-07-30,09:31:09,Janakpur Branch,Dhanusha,ATM,Cash Withdrawal,Debit Card,Savings,2000.0,00,Approved,Success,25,Male,893
TXN0003328,2024-07-30,09:34:55,Birgunj Branch,Parsa,ATM,Mini Statement,Credit Card,Fixed Deposit,0.0,00,Approved,Success,37,Female,1355
TXN0003329,2024-07-30,09:39:29,Janakpur Branch,Dhanusha,Internet Banking,Statement Download,N/A,Savings,0.0,00,Approved,Success,18,Male,651
TXN0003330,2024-07-30,10:44:05,Dharan Branch,Sunsari,Mobile Banking,Mobile Top-up,N/A,Savings,200.0,00,Approved,Success,41,Male,213
TXN0003331,2024-07-30,10:50:03,Lalitpur Branch,Lalitpur,Mobile Banking,Mobile Top-up,N/A,Current,200.0,00,Approved,Success,18,Male,1159
TXN0003332,2024-07-30,13:17:37,Pokhara Lakeside,Kaski,ATM,Cash Withdrawal,Debit Card,Savings,5000.0,00,Approved,Success,54,Male,1459
TXN0003333,2024-07-30,13:26:43,Birgunj Branch,Parsa,POS,Refund,Debit Card,Fixed Deposit,8777.56,00,Approved,Success,51,Female,311
TXN0003334,2024-07-30,15:18:12,Nepalgunj Branch,Banke,Internet Banking,Bill Payment,N/A,Current,8845.16,00,Approved,Success,55,Female,167
TXN0003335,2024-07-30,17:28:10,Bharatpur Branch,Chitwan,ATM,Cash Withdrawal,Debit Card,Savings,5000.0,00,Approved,Success,29,Male,1341
TXN0003336,2024-07-30,17:42:23,Butwal Branch,Rupandehi,POS,Purchase,Debit Card,Savings,1440.71,00,Approved,Success,20,Male,567
TXN0003337,2024-07-30,18:41:24,Pokhara Lakeside,Kaski,POS,Purchase,Debit Card,Savings,13506.2,00,Approved,Success,41,Female,607
TXN0003338,2024-07-30,18:58:56,Pokhara Lakeside,Kaski,ATM,Balance Inquiry,Debit Card,Savings,0.0,00,Approved,Success,33,Male,998
TXN0003339,2024-07-30,20:07:29,Biratnagar Main,Morang,Mobile Banking,Bill Payment,N/A,Savings,9810.46,00,Approved,Success,56,Female,307
TXN0003340,2024-07-31,09:16:55,Butwal Branch,Rupandehi,Mobile Banking,Bill Payment,N/A,Savings,4481.74,00,Approved,Success,28,Male,776
TXN0003341,2024-07-31,09:55:10,Janakpur Branch,Dhanusha,ATM,PIN Change,Debit Card,Savings,0.0,00,Approved,Success,50,Male,1549
TXN0003342,2024-07-31,10:21:46,Janakpur Branch,Dhanusha,ATM,Mini Statement,Debit Card,Savings,0.0,61,Exceeds Withdrawal Limit,Failed,43,Male,1170
TXN0003343,2024-07-31,11:39:50,Kathmandu Main,Kathmandu,Mobile Banking,Balance Inquiry,N/A,Savings,0.0,00,Approved,Success,40,Female,949
TXN0003344,2024-07-31,12:30:24,Biratnagar Main,Morang,ATM,Cash Withdrawal,Debit Card,Savings,20000.0,00,Approved,Success,35,Male,1255
TXN0003345,2024-07-31,12:31:20,Janakpur Branch,Dhanusha,ATM,Cash Withdrawal,Debit Card,Savings,5000.0,00,Approved,Success,30,Female,2124
TXN0003346,2024-07-31,12:36:17,Janakpur Branch,Dhanusha,ATM,Mini Statement,Debit Card,Savings,0.0,00,Approved,Success,37,Male,1521
TXN0003347,2024-07-31,12:49:30,Dhangadhi Branch,Kailali,Branch Counter,Cash Withdrawal,N/A,Current,20000.0,00,Approved,Success,43,Male,674
TXN0003348,2024-07-31,13:04:01,Bhaktapur Branch,Bhaktapur,ATM,Mini Statement,Debit Card,Fixed Deposit,0.0,00,Approved,Success,49,Female,1545
TXN0003349,2024-07-31,14:01:03,Dhangadhi Branch,Kailali,Mobile Banking,Fund Transfer,N/A,Savings,41222.38,00,Approved,Success,45,Female,644
TXN0003350,2024-07-31,14:41:46,Nepalgunj Branch,Banke,POS,Purchase,Prepaid Card,Savings,2659.47,00,Approved,Success,40,Female,343
TXN0003351,2024-07-31,15:48:15,Kathmandu Main,Kathmandu,ATM,Balance Inquiry,Credit Card,Savings,0.0,00,Approved,Success,36,Male,580
TXN0003352,2024-07-31,17:09:46,Biratnagar Main,Morang,ATM,Cash Withdrawal,Prepaid Card,Savings,10000.0,00,Approved,Success,36,Female,1666
TXN0003353,2024-07-31,18:12:42,Itahari Branch,Sunsari,Mobile Banking,Bill Payment,N/A,Savings,8422.74,00,Approved,Success,33,Male,243
TXN0003354,2024-07-31,18:15:40,Hetauda Branch,Makwanpur,ATM,PIN Change,Debit Card,Savings,0.0,00,Approved,Success,36,Female,2047
TXN0003355,2024-07-31,18:45:13,Lalitpur Branch,Lalitpur,ATM,PIN Change,Debit Card,Savings,0.0,00,Approved,Success,47,Male,1759
TXN0003356,2024-07-31,19:30:51,Janakpur Branch,Dhanusha,ATM,Balance Inquiry,Debit Card,Fixed Deposit,0.0,00,Approved,Success,54,Female,810
TXN0003357,2024-08-01,06:49:52,Pokhara Lakeside,Kaski,Mobile Banking,Mobile Top-up,N/A,Savings,100.0,00,Approved,Success,45,Female,615
TXN0003358,2024-08-01,07:12:21,Bharatpur Branch,Chitwan,ATM,Balance Inquiry,Prepaid Card,Current,0.0,00,Approved,Success,18,Female,1669
TXN0003359,2024-08-01,08:16:33,Dharan Branch,Sunsari,ATM,Balance Inquiry,Debit Card,Current,0.0,00,Approved,Success,18,Male,491
TXN0003360,2024-08-01,09:23:23,Birgunj Branch,Parsa,ATM,Cash Withdrawal,Debit Card,Savings,5000.0,00,Approved,Success,63,Male,1733
TXN0003361,2024-08-01,09:30:12,Butwal Branch,Rupandehi,Mobile Banking,Bill Payment,N/A,Savings,1734.0,00,Approved,Success,36,Male,709
TXN0003362,2024-08-01,11:42:57,Janakpur Branch,Dhanusha,Mobile Banking,Fund Transfer,N/A,Savings,78624.09,00,Approved,Success,30,Female,134
TXN0003363,2024-08-01,13:06:27,Biratnagar Main,Morang,ATM,Cash Withdrawal,Debit Card,Current,8000.0,00,Approved,Success,36,Male,1433
TXN0003364,2024-08-01,13:29:48,Janakpur Branch,Dhanusha,POS,Refund,Debit Card,Savings,3835.33,00,Approved,Success,38,Male,484
TXN0003365,2024-08-01,14:44:25,Butwal Branch,Rupandehi,ATM,Balance Inquiry,Debit Card,Fixed Deposit,0.0,00,Approved,Success,34,Female,1745
TXN0003366,2024-08-01,17:28:27,Pokhara Lakeside,Kaski,Internet Banking,Balance Inquiry,N/A,Savings,0.0,00,Approved,Success,48,Male,652
TXN0003367,2024-08-01,18:34:15,Hetauda Branch,Makwanpur,Mobile Banking,Bill Payment,N/A,Savings,850.48,00,Approved,Success,18,Male,503
TXN0003368,2024-08-01,19:30:53,Lalitpur Branch,Lalitpur,Mobile Banking,Bill Payment,N/A,Savings,10651.23,61,Exceeds Withdrawal Limit,Timeout,45,Male,365
TXN0003369,2024-08-02,10:41:56,Lalitpur Branch,Lalitpur,POS,Refund,Debit Card,Savings,7491.53,00,Approved,Success,66,Female,80
TXN0003370,2024-08-02,11:11:30,Lalitpur Branch,Lalitpur,Mobile Banking,Fund Transfer,N/A,Savings,12617.95,00,Approved,Success,45,Female,482
TXN0003371,2024-08-02,11:17:42,Pokhara Lakeside,Kaski,Internet Banking,Balance Inquiry,N/A,Savings,0.0,00,Approved,Success,41,Male,480
TXN0003372,2024-08-02,11:32:43,Pokhara Lakeside,Kaski,POS,Purchase,Debit Card,Current,3423.62,51,Insufficient Funds,Failed,31,Male,503
TXN0003373,2024-08-02,13:11:24,Bharatpur Branch,Chitwan,ATM,Mini Statement,Credit Card,Savings,0.0,00,Approved,Success,50,Female,603
TXN0003374,2024-08-02,14:01:53,Pokhara Lakeside,Kaski,ATM,Mini Statement,Debit Card,Savings,0.0,00,Approved,Success,36,Female,1178
TXN0003375,2024-08-02,15:04:29,Biratnagar Main,Morang,ATM,PIN Change,Debit Card,Savings,0.0,00,Approved,Success,56,Male,1567
TXN0003376,2024-08-02,15:18:53,Biratnagar Main,Morang,Mobile Banking,Balance Inquiry,N/A,Savings,0.0,00,Approved,Success,18,Male,493
TXN0003377,2024-08-02,15:31:35,Lalitpur Branch,Lalitpur,Mobile Banking,QR Payment,N/A,Savings,1089.69,00,Approved,Success,20,Male,547
TXN0003378,2024-08-02,15:36:35,Dharan Branch,Sunsari,ATM,Mini Statement,Debit Card,Savings,0.0,00,Approved,Success,48,Male,287
TXN0003379,2024-08-02,15:40:01,New Baneshwor,Kathmandu,ATM,PIN Change,Debit Card,Current,0.0,00,Approved,Success,54,Male,2094
TXN0003380,2024-08-02,16:09:32,New Baneshwor,Kathmandu,ATM,Balance Inquiry,Prepaid Card,Savings,0.0,91,Issuer Unavailable,Reversed,60,Female,626
TXN0003381,2024-08-02,16:32:29,Pokhara Lakeside,Kaski,ATM,PIN Change,Debit Card,Savings,0.0,00,Approved,Success,55,Male,1484
TXN0003382,2024-08-02,17:21:20,Biratnagar Main,Morang,ATM,Balance Inquiry,Prepaid Card,Savings,0.0,00,Approved,Success,29,Female,1089
TXN0003383,2024-08-02,18:45:31,Pokhara Lakeside,Kaski,ATM,Mini Statement,Credit Card,Current,0.0,00,Approved,Success,29,Female,1298
TXN0003384,2024-08-02,20:39:23,Nepalgunj Branch,Banke,ATM,Mini Statement,Debit Card,Savings,0.0,00,Approved,Success,20,Female,682
TXN0003385,2024-08-03,02:28:32,Lalitpur Branch,Lalitpur,Mobile Banking,Balance Inquiry,N/A,Savings,0.0,00,Approved,Success,35,Female,796
TXN0003386,2024-08-03,07:15:31,Birgunj Branch,Parsa,Internet Banking,Balance Inquiry,N/A,Savings,0.0,00,Approved,Success,39,Male,676
TXN0003387,2024-08-03,08:49:13,Hetauda Branch,Makwanpur,ATM,Mini Statement,Debit Card,Current,0.0,00,Approved,Success,44,Female,1603
TXN0003388,2024-08-03,10:32:48,Hetauda Branch,Makwanpur,POS,Refund,Credit Card,Savings,904.69,00,Approved,Success,20,Female,577
TXN0003389,2024-08-03,11:48:18,Bhaktapur Branch,Bhaktapur,Internet Banking,Fund Transfer,N/A,Current,48973.37,00,Approved,Success,30,Female,134
TXN0003390,2024-08-03,13:45:17,Dharan Branch,Sunsari,Mobile Banking,Mobile Top-up,N/A,Savings,50.0,00,Approved,Success,18,Male,560
TXN0003391,2024-08-03,14:51:42,Birgunj Branch,Parsa,ATM,PIN Change,Debit Card,Savings,0.0,00,Approved,Success,20,Male,1351
TXN0003392,2024-08-03,14:53:32,Dhangadhi Branch,Kailali,Mobile Banking,Balance Inquiry,N/A,Current,0.0,00,Approved,Success,43,Female,425
TXN0003393,2024-08-03,15:28:54,Pokhara Lakeside,Kaski,Mobile Banking,Bill Payment,N/A,Savings,11182.85,00,Approved,Success,18,Female,565
TXN0003394,2024-08-03,16:45:08,Janakpur Branch,Dhanusha,ATM,Mini Statement,Debit Card,Savings,0.0,00,Approved,Success,48,Female,1337
TXN0003395,2024-08-03,17:17:25,New Baneshwor,Kathmandu,ATM,PIN Change,Credit Card,Savings,0.0,00,Approved,Success,45,Female,891
TXN0003396,2024-08-03,21:41:41,Birgunj Branch,Parsa,ATM,Balance Inquiry,Debit Card,Savings,0.0,00,Approved,Success,29,Female,2053
TXN0003397,2024-08-04,00:59:58,Kathmandu Main,Kathmandu,Branch Counter,Account Opening,N/A,Savings,0.0,00,Approved,Success,39,Male,418
TXN0003398,2024-08-04,07:28:54,Janakpur Branch,Dhanusha,ATM,Cash Withdrawal,Debit Card,Current,1000.0,00,Approved,Success,33,Female,744
TXN0003399,2024-08-04,08:44:16,Birgunj Branch,Parsa,ATM,Cash Withdrawal,Debit Card,Savings,8000.0,00,Approved,Success,37,Male,1684
TXN0003400,2024-08-04,12:41:29,Kathmandu Main,Kathmandu,Internet Banking,Fund Transfer,N/A,Savings,52662.55,00,Approved,Success,56,Female,668
TXN0003401,2024-08-04,13:38:29,New Baneshwor,Kathmandu,Mobile Banking,Balance Inquiry,N/A,Savings,0.0,00,Approved,Success,33,Male,631
TXN0003402,2024-08-04,14:08:51,Kathmandu Main,Kathmandu,ATM,Cash Withdrawal,Prepaid Card,Savings,2000.0,00,Approved,Success,51,Female,1494
TXN0003403,2024-08-04,16:19:09,Dhangadhi Branch,Kailali,ATM,Cash Withdrawal,Debit Card,Savings,15000.0,00,Approved,Success,34,,951
TXN0003404,2024-08-04,17:03:07,Bharatpur Branch,Chitwan,Mobile Banking,Fund Transfer,N/A,Fixed Deposit,35939.97,00,Approved,Success,41,Male,617
TXN0003405,2024-08-04,17:23:07,Butwal Branch,Rupandehi,Internet Banking,Fund Transfer,N/A,Savings,55698.8,00,Approved,Success,36,Male,400
TXN0003406,2024-08-04,19:33:16,Dharan Branch,Sunsari,Mobile Banking,Fund Transfer,N/A,Current,39132.64,00,Approved,Success,25,Female,221
TXN0003407,2024-08-04,19:39:38,Birgunj Branch,Parsa,POS,Refund,Credit Card,Savings,9405.99,00,Approved,Success,36,Female,473
TXN0003408,2024-08-04,20:17:57,Bharatpur Branch,Chitwan,Branch Counter,Cash Withdrawal,N/A,Current,20000.0,00,Approved,Success,25,Female,704
TXN0003409,2024-08-05,00:02:49,Biratnagar Main,Morang,ATM,Balance Inquiry,Debit Card,Savings,0.0,00,Approved,Success,45,Female,807
TXN0003410,2024-08-05,01:00:31,Kathmandu Main,Kathmandu,Internet Banking,Balance Inquiry,N/A,Savings,0.0,00,Approved,Success,33,Male,950
TXN0003411,2024-08-05,03:34:54,Dharan Branch,Sunsari,Branch Counter,Cash Deposit,N/A,Savings,92787.48,00,Approved,Success,35,Male,1024
TXN0003412,2024-08-05,07:30:11,Bharatpur Branch,Chitwan,ATM,Mini Statement,Prepaid Card,Savings,0.0,00,Approved,Success,40,Female,1243
TXN0003413,2024-08-05,08:52:29,Biratnagar Main,Morang,POS,Refund,Debit Card,Savings,8762.22,00,Approved,Success,43,Male,845
TXN0003414,2024-08-05,10:05:27,Hetauda Branch,Makwanpur,Mobile Banking,Bill Payment,N/A,Savings,11801.55,00,Approved,Success,36,Female,479
TXN0003415,2024-08-05,10:11:18,Kathmandu Main,Kathmandu,Mobile Banking,Fund Transfer,N/A,Savings,69608.9,00,Approved,Success,40,Male,723
TXN0003416,2024-08-05,10:40:20,Birgunj Branch,Parsa,POS,Purchase,Debit Card,Savings,8312.07,00,Approved,Success,31,Male,164
TXN0003417,2024-08-05,11:05:37,Janakpur Branch,Dhanusha,Mobile Banking,Mobile Top-up,N/A,Savings,100.0,00,Approved,Success,32,Female,387
TXN0003418,2024-08-05,11:16:27,Butwal Branch,Rupandehi,ATM,Mini Statement,Prepaid Card,Savings,0.0,00,Approved,Success,37,Female,1642
TXN0003419,2024-08-05,11:41:16,Butwal Branch,Rupandehi,Branch Counter,Fund Transfer,N/A,Savings,30766.93,00,Approved,Success,50,Male,320
TXN0003420,2024-08-05,12:15:41,Dharan Branch,Sunsari,Mobile Banking,Bill Payment,N/A,Savings,8722.77,00,Approved,Success,25,Female,574
TXN0003421,2024-08-05,15:03:18,Butwal Branch,Rupandehi,POS,Refund,Prepaid Card,Savings,6494.41,00,Approved,Success,60,Male,782
TXN0003422,2024-08-05,15:46:37,Kathmandu Main,Kathmandu,Mobile Banking,QR Payment,N/A,Savings,2370.24,00,Approved,Success,75,Male,222
TXN0003423,2024-08-05,17:18:24,Bharatpur Branch,Chitwan,POS,Purchase,Credit Card,Savings,4912.06,96,System Malfunction,Failed,25,Male,436
TXN0003424,2024-08-05,17:58:29,Biratnagar Main,Morang,Internet Banking,Balance Inquiry,N/A,Savings,0.0,00,Approved,Success,20,Female,491
TXN0003425,2024-08-05,18:52:44,Lalitpur Branch,Lalitpur,ATM,Cash Withdrawal,Debit Card,Savings,3000.0,00,Approved,Success,34,Male,1271
TXN0003426,2024-08-05,19:57:23,Lalitpur Branch,Lalitpur,ATM,Cash Withdrawal,Debit Card,Current,5000.0,00,Approved,Success,,Female,1415
TXN0003427,2024-08-05,20:26:42,Hetauda Branch,Makwanpur,Mobile Banking,Bill Payment,N/A,Savings,10310.9,00,Approved,Success,35,Male,595
TXN0003428,2024-08-06,03:22:11,Dhangadhi Branch,Kailali,POS,Refund,Debit Card,Savings,8481.39,00,Approved,Success,31,Male,505
TXN0003429,2024-08-06,03:50:42,Kathmandu Main,Kathmandu,ATM,Balance Inquiry,Debit Card,Current,0.0,00,Approved,Success,44,Male,839
TXN0003430,2024-08-06,09:08:10,Kathmandu Main,Kathmandu,POS,Purchase,Debit Card,Savings,6708.29,00,Approved,Success,56,Male,526
TXN0003431,2024-08-06,09:41:43,Lalitpur Branch,Lalitpur,ATM,Cash Withdrawal,Debit Card,Savings,3000.0,00,Approved,Success,28,Male,1264
TXN0003432,2024-08-06,10:03:16,Kathmandu Main,Kathmandu,Mobile Banking,Balance Inquiry,N/A,Savings,0.0,00,Approved,Success,45,Male,476
TXN0003433,2024-08-06,10:30:25,ITAHARI BRANCH,Sunsari,ATM,Cash Withdrawal,Debit Card,Current,10000.0,05,Do Not Honor,Timeout,20,,1186
TXN0003434,2024-08-06,10:35:27,Pokhara Lakeside,Kaski,Mobile Banking,Fund Transfer,N/A,Savings,83471.33,00,Approved,Success,,Male,407
TXN0003435,2024-08-06,11:02:16,Lalitpur Branch,Lalitpur,Mobile Banking,QR Payment,N/A,Fixed Deposit,1452.73,00,Approved,Success,18,Female,316
TXN0003436,2024-08-06,12:27:24,Bhaktapur Branch,Bhaktapur,Branch Counter,Cash Withdrawal,N/A,Savings,1500.0,00,Approved,Success,28,Male,390
TXN0003437,2024-08-06,12:47:36,Butwal Branch,Rupandehi,ATM,PIN Change,Debit Card,Savings,0.0,00,Approved,Success,43,Female,1085
TXN0003438,2024-08-06,12:51:27,Biratnagar Main,Morang,ATM,Cash Withdrawal,Debit Card,Current,8000.0,00,Approved,Success,27,Male,1087
TXN0003439,2024-08-06,13:04:31,Birgunj Branch,Parsa,Mobile Banking,Mobile Top-up,N/A,Savings,50.0,00,Approved,Success,18,Male,646
TXN0003440,2024-08-06,13:08:34,Bharatpur Branch,Chitwan,Branch Counter,Fund Transfer,N/A,Savings,18797.25,00,Approved,Success,51,Male,614
TXN0003441,2024-08-06,13:21:18,Hetauda Branch,Makwanpur,ATM,PIN Change,Debit Card,Current,0.0,00,Approved,Success,34,Male,1490
TXN0003442,2024-08-06,16:06:23,Bharatpur Branch,Chitwan,ATM,Mini Statement,Prepaid Card,Savings,0.0,00,Approved,Success,33,Male,1303
TXN0003443,2024-08-06,16:26:18,New Baneshwor,Kathmandu,Internet Banking,Statement Download,N/A,Savings,0.0,00,Approved,Success,18,Female,771
TXN0003444,2024-08-06,16:26:51,Birgunj Branch,Parsa,ATM,Mini Statement,Debit Card,Savings,0.0,96,System Malfunction,Timeout,51,Female,1537
TXN0003445,2024-08-06,17:00:16,Lalitpur Branch,Lalitpur,Mobile Banking,QR Payment,N/A,Savings,4932.62,00,Approved,Success,18,Female,588
TXN0003446,2024-08-07,00:00:19,LALITPUR BRANCH,Lalitpur,Mobile Banking,Fund Transfer,N/A,Savings,63366.56,51,Insufficient Funds,Timeout,28,Female,348
TXN0003447,2024-08-07,01:02:03,Biratnagar Main,Morang,Mobile Banking,Bill Payment,N/A,Current,8741.39,00,Approved,Success,33,Male,990
TXN0003448,2024-08-07,06:15:30,Biratnagar Main,Morang,ATM,Balance Inquiry,Debit Card,Savings,0.0,96,System Malfunction,Timeout,26,Female,1770
TXN0003449,2024-08-07,09:16:51,New Baneshwor,Kathmandu,POS,Refund,Debit Card,Savings,2417.92,00,Approved,Success,32,Male,937
TXN0003450,2024-08-07,09:39:56,Janakpur Branch,Dhanusha,ATM,Mini Statement,Debit Card,Savings,0.0,00,Approved,Success,35,Male,1471
TXN0003451,2024-08-07,10:35:33,Butwal Branch,Rupandehi,POS,Refund,Debit Card,Savings,3660.98,51,Insufficient Funds,Timeout,40,Female,521
TXN0003452,2024-08-07,11:52:30,Dhangadhi Branch,Kailali,ATM,Mini Statement,Debit Card,Savings,0.0,00,Approved,Success,27,Female,951
TXN0003453,2024-08-07,12:15:57,Bharatpur Branch,Chitwan,Internet Banking,Statement Download,N/A,Savings,0.0,00,Approved,Success,54,Male,581
TXN0003454,2024-08-07,12:54:12,Bharatpur Branch,Chitwan,ATM,PIN Change,Debit Card,Savings,0.0,00,Approved,Success,42,Male,1069
TXN0003455,2024-08-07,12:58:57,Kathmandu Main,Kathmandu,ATM,Mini Statement,Debit Card,Current,0.0,00,Approved,Success,,Male,1227
TXN0003456,2024-08-07,14:41:40,Kathmandu Main,Kathmandu,POS,Purchase,Prepaid Card,Savings,292.46,00,Approved,Success,37,Female,467
TXN0003457,2024-08-07,15:40:52,Kathmandu Main,Kathmandu,ATM,Balance Inquiry,Debit Card,Savings,0.0,00,Approved,Success,40,Male,1056
TXN0003458,2024-08-07,16:23:48,Nepalgunj Branch,Banke,ATM,PIN Change,Debit Card,Savings,0.0,00,Approved,Success,23,Female,1183
TXN0003459,2024-08-07,17:46:31,Lalitpur Branch,Lalitpur,Internet Banking,Statement Download,N/A,Current,0.0,00,Approved,Success,41,Female,610
TXN0003460,2024-08-08,07:32:09,Pokhara Lakeside,Kaski,Internet Banking,Statement Download,N/A,Savings,0.0,00,Approved,Success,18,Male,270
TXN0003461,2024-08-08,10:12:05,Pokhara Lakeside,Kaski,Mobile Banking,Mobile Top-up,N/A,Savings,1000.0,51,Insufficient Funds,Failed,29,Female,802
TXN0003462,2024-08-08,10:32:37,New Baneshwor,Kathmandu,POS,Purchase,Debit Card,Savings,6054.84,00,Approved,Success,38,Male,870
TXN0003463,2024-08-08,11:05:08,Biratnagar Main,Morang,ATM,Cash Withdrawal,Debit Card,Savings,20000.0,00,Approved,Success,35,Male,489
TXN0003464,2024-08-08,12:29:58,Biratnagar Main,Morang,ATM,PIN Change,Debit Card,Savings,0.0,00,Approved,Success,36,Male,1054
TXN0003465,2024-08-08,13:17:59,Birgunj Branch,Parsa,Branch Counter,Cash Deposit,N/A,Savings,8447.36,00,Approved,Success,18,Female,187
TXN0003466,2024-08-08,13:26:40,Bharatpur Branch,Chitwan,ATM,Balance Inquiry,Debit Card,Savings,0.0,91,Issuer Unavailable,Failed,52,Female,1249
TXN0003467,2024-08-08,13:27:04,Nepalgunj Branch,Banke,Branch Counter,Fund Transfer,N/A,Savings,26125.76,00,Approved,Success,29,Male,805
TXN0003468,2024-08-08,13:52:09,Pokhara Lakeside,Kaski,ATM,Cash Withdrawal,Debit Card,Savings,8000.0,00,Approved,Success,21,Female,663
TXN0003469,2024-08-08,14:04:06,Birgunj Branch,Parsa,POS,Purchase,Credit Card,Savings,12905.59,00,Approved,Success,36,Male,485
TXN0003470,2024-08-08,14:18:58,Lalitpur Branch,Lalitpur,POS,Refund,Debit Card,Savings,102.93,00,Approved,Success,51,Male,362
TXN0003471,2024-08-08,14:53:30,New Baneshwor,Kathmandu,ATM,Mini Statement,Debit Card,Savings,0.0,00,Approved,Success,45,Female,1358
TXN0003472,2024-08-08,15:08:41,Bhaktapur Branch,Bhaktapur,ATM,PIN Change,Debit Card,Savings,0.0,51,Insufficient Funds,Failed,37,Male,1365
TXN0003473,2024-08-08,16:59:48,Butwal Branch,Rupandehi,ATM,Cash Withdrawal,Credit Card,Savings,2000.0,00,Approved,Success,35,Female,1088
TXN0003474,2024-08-08,17:00:13,Dhangadhi Branch,Kailali,ATM,PIN Change,Debit Card,Savings,0.0,00,Approved,Success,31,Female,1610
TXN0003475,2024-08-08,18:06:05,Biratnagar Main,Morang,Internet Banking,Balance Inquiry,N/A,Savings,0.0,00,Approved,Success,40,Female,787
TXN0003476,2024-08-08,18:12:00,Kathmandu Main,Kathmandu,POS,Purchase,Debit Card,Savings,5158.71,00,Approved,Success,29,Male,647
TXN0003477,2024-08-08,21:47:51,Dharan Branch,Sunsari,Internet Banking,Fund Transfer,N/A,Savings,59093.81,00,Approved,Success,37,Male,476
TXN0003478,2024-08-09,02:41:45,Kathmandu Main,Kathmandu,POS,Purchase,Debit Card,Savings,14303.18,00,Approved,Success,,Female,463
TXN0003479,2024-08-09,04:14:48,Hetauda Branch,Makwanpur,ATM,Mini Statement,Prepaid Card,Savings,0.0,00,Approved,Success,30,Female,1358
TXN0003480,2024-08-09,07:01:33,Kathmandu Main,Kathmandu,Internet Banking,Bill Payment,N/A,Savings,8756.07,00,Approved,Success,18,Female,556
TXN0003481,2024-08-09,08:48:02,New Baneshwor,Kathmandu,Internet Banking,Statement Download,N/A,Savings,0.0,00,Approved,Success,18,Female,984
TXN0003482,2024-08-09,09:18:36,Janakpur Branch,Dhanusha,ATM,Mini Statement,Debit Card,Current,0.0,00,Approved,Success,24,Male,1494
TXN0003483,2024-08-09,10:22:16,Kathmandu Main,Kathmandu,ATM,Mini Statement,Debit Card,Savings,0.0,00,Approved,Success,44,Female,1277
TXN0003484,2024-08-09,10:32:30,Nepalgunj Branch,Banke,ATM,PIN Change,Debit Card,Savings,0.0,00,Approved,Success,30,Female,1048
TXN0003485,2024-08-09,11:22:39,Kathmandu Main,Kathmandu,ATM,Cash Withdrawal,Debit Card,Savings,20000.0,00,Approved,Success,36,Female,1351
TXN0003486,2024-08-09,12:06:24,Itahari Branch,Sunsari,POS,Refund,Debit Card,Savings,8309.14,00,Approved,Success,53,Male,471
TXN0003487,2024-08-09,12:07:08,Dhangadhi Branch,Kailali,Branch Counter,Cash Withdrawal,N/A,Savings,3000.0,00,Approved,Success,18,Female,488
TXN0003488,2024-08-09,12:16:54,Dhangadhi Branch,Kailali,Internet Banking,Statement Download,N/A,Savings,0.0,00,Approved,Success,33,Female,620
TXN0003489,2024-08-09,12:24:25,Birgunj Branch,Parsa,POS,Refund,Debit Card,Savings,3032.81,00,Approved,Success,48,Male,583
TXN0003490,2024-08-09,12:45:01,Pokhara Lakeside,Kaski,ATM,Balance Inquiry,Prepaid Card,Savings,0.0,00,Approved,Success,34,Male,750
TXN0003491,2024-08-09,13:10:26,Pokhara Lakeside,Kaski,Mobile Banking,QR Payment,N/A,Current,3276.65,00,Approved,Success,39,Female,640
TXN0003492,2024-08-09,14:03:42,Bharatpur Branch,Chitwan,POS,Purchase,Debit Card,Current,1211.06,00,Approved,Success,32,Male,854
TXN0003493,2024-08-09,14:29:50,Bharatpur Branch,Chitwan,POS,Purchase,Debit Card,Savings,890.92,00,Approved,Success,32,Female,591
TXN0003494,2024-08-09,14:39:05,Bhaktapur Branch,Bhaktapur,ATM,Mini Statement,Prepaid Card,Savings,0.0,14,Invalid Card,Reversed,37,Female,814
TXN0003495,2024-08-09,14:53:43,Butwal Branch,Rupandehi,Internet Banking,Statement Download,N/A,Savings,0.0,96,System Malfunction,Failed,38,Female,493
TXN0003496,2024-08-09,15:04:18,Pokhara Lakeside,Kaski,ATM,Cash Withdrawal,Debit Card,Savings,2500.0,00,Approved,Success,18,Male,1634
TXN0003497,2024-08-09,15:58:31,Pokhara Lakeside,Kaski,Mobile Banking,Fund Transfer,N/A,Savings,63744.17,00,Approved,Success,18,Male,392
TXN0003498,2024-08-09,16:44:22,Kathmandu Main,Kathmandu,Mobile Banking,Fund Transfer,N/A,Current,80527.8,00,Approved,Success,42,Male,874
TXN0003499,2024-08-09,17:18:52,Lalitpur Branch,Lalitpur,ATM,PIN Change,Debit Card,Savings,0.0,00,Approved,Success,22,Male,1238
TXN0003500,2024-08-10,00:47:48,Nepalgunj Branch,Banke,POS,Refund,Credit Card,Savings,2534.25,00,Approved,Success,44,Female,464
TXN0003501,2024-08-10,00:59:51,Bharatpur Branch,Chitwan,ATM,Mini Statement,Debit Card,Savings,0.0,00,Approved,Success,36,Female,1312
TXN0003502,2024-08-10,03:54:51,Biratnagar Main,Morang,POS,Refund,Prepaid Card,Current,6596.2,00,Approved,Success,26,Male,745
TXN0003503,2024-08-10,07:32:01,Biratnagar Main,Morang,POS,Purchase,Debit Card,Savings,10481.14,00,Approved,Success,,Female,632
TXN0003504,2024-08-10,08:04:41,Biratnagar Main,Morang,POS,Purchase,Debit Card,Savings,12665.58,00,Approved,Success,26,Male,702
TXN0003505,2024-08-10,08:38:45,Lalitpur Branch,Lalitpur,Mobile Banking,Bill Payment,N/A,Savings,10486.66,00,Approved,Success,23,Female,934
TXN0003506,2024-08-10,10:18:40,Itahari Branch,Sunsari,Mobile Banking,Mobile Top-up,N/A,Savings,50.0,00,Approved,Success,35,Male,298
TXN0003507,2024-08-10,10:27:02,New Baneshwor,Kathmandu,ATM,PIN Change,Debit Card,Current,0.0,00,Approved,Success,29,Female,1209
TXN0003508,2024-08-10,11:56:26,Janakpur Branch,Dhanusha,POS,Purchase,Debit Card,Fixed Deposit,2668.73,00,Approved,Success,18,Female,563
TXN0003509,2024-08-10,12:36:39,Butwal Branch,Rupandehi,Internet Banking,Balance Inquiry,N/A,Savings,0.0,00,Approved,Success,18,Female,802
TXN0003510,2024-08-10,12:38:20,Kathmandu Main,Kathmandu,ATM,Mini Statement,Debit Card,Current,0.0,00,Approved,Success,47,Male,1174
TXN0003511,2024-08-10,13:08:55,Kathmandu Main,Kathmandu,Mobile Banking,Mobile Top-up,N/A,Savings,200.0,00,Approved,Success,38,Male,513
TXN0003512,2024-08-10,13:54:17,Butwal Branch,Rupandehi,ATM,Balance Inquiry,Credit Card,Savings,0.0,00,Approved,Success,36,Female,1040
TXN0003513,2024-08-10,14:09:48,Bhaktapur Branch,Bhaktapur,Mobile Banking,Fund Transfer,N/A,Savings,30137.22,00,Approved,Success,36,Female,559
TXN0003514,2024-08-10,14:29:39,Bhaktapur Branch,Bhaktapur,POS,Refund,Debit Card,Savings,6373.98,00,Approved,Success,25,Female,809
TXN0003515,2024-08-10,15:55:07,Dharan Branch,Sunsari,Mobile Banking,Mobile Top-up,N/A,Savings,500.0,00,Approved,Success,33,Male,560
TXN0003516,2024-08-10,17:35:04,Itahari Branch,Sunsari,Mobile Banking,Fund Transfer,N/A,Savings,2863.42,00,Approved,Success,39,Male,622
TXN0003517,2024-08-10,18:39:57,Nepalgunj Branch,Banke,Mobile Banking,Mobile Top-up,N/A,Savings,200.0,00,Approved,Success,29,Female,475
TXN0003518,2024-08-10,18:59:05,Nepalgunj Branch,Banke,ATM,Mini Statement,Debit Card,Current,0.0,00,Approved,Success,37,Male,1218
TXN0003519,2024-08-10,19:45:20,Lalitpur Branch,Lalitpur,Mobile Banking,QR Payment,N/A,Savings,1885.58,00,Approved,Success,39,Male,539
TXN0003520,2024-08-10,19:48:53,Dharan Branch,Sunsari,Mobile Banking,Mobile Top-up,N/A,Fixed Deposit,500.0,00,Approved,Success,18,Male,514
TXN0003521,2024-08-10,21:48:44,New Baneshwor,Kathmandu,ATM,Cash Withdrawal,Debit Card,Savings,1500.0,00,Approved,Success,52,Female,1489
TXN0003522,2024-08-11,08:25:54,Itahari Branch,Sunsari,ATM,Mini Statement,Debit Card,Current,0.0,00,Approved,Success,31,Male,1222
TXN0003523,2024-08-11,11:14:02,Bhaktapur Branch,Bhaktapur,Mobile Banking,Mobile Top-up,N/A,Savings,500.0,00,Approved,Success,34,Female,721
TXN0003524,2024-08-11,11:24:05,Janakpur Branch,Dhanusha,Internet Banking,Balance Inquiry,N/A,Savings,0.0,00,Approved,Success,32,Female,1043
TXN0003525,2024-08-11,13:06:42,Bhaktapur Branch,Bhaktapur,ATM,Mini Statement,Debit Card,Savings,0.0,00,Approved,Success,54,Female,1116
TXN0003526,2024-08-11,13:26:55,Janakpur Branch,Dhanusha,Mobile Banking,QR Payment,N/A,Savings,278.79,00,Approved,Success,48,Female,679
TXN0003527,2024-08-11,13:42:52,Dhangadhi Branch,Kailali,ATM,PIN Change,Debit Card,Savings,0.0,00,Approved,Success,45,,1262
TXN0003528,2024-08-11,14:05:54,Bhaktapur Branch,Bhaktapur,Mobile Banking,Mobile Top-up,N/A,Fixed Deposit,100.0,00,Approved,Success,40,Female,549
TXN0003529,2024-08-11,14:29:19,Lalitpur Branch,Lalitpur,Mobile Banking,Bill Payment,N/A,Savings,3069.74,00,Approved,Success,37,Male,662
TXN0003530,2024-08-11,15:38:57,Lalitpur Branch,Lalitpur,ATM,Mini Statement,Debit Card,Savings,0.0,00,Approved,Success,54,Male,1299
TXN0003531,2024-08-11,17:27:42,Birgunj Branch,Parsa,ATM,Balance Inquiry,Prepaid Card,Savings,0.0,00,Approved,Success,51,Female,1122
TXN0003532,2024-08-11,18:28:41,Bhaktapur Branch,Bhaktapur,Mobile Banking,Mobile Top-up,N/A,Savings,200.0,00,Approved,Success,18,Female,478
TXN0003533,2024-08-11,21:31:50,Butwal Branch,Rupandehi,POS,Purchase,Debit Card,Savings,3950.11,00,Approved,Success,30,Male,469
TXN0003534,2024-08-11,23:03:26,Lalitpur Branch,Lalitpur,ATM,PIN Change,Debit Card,Savings,0.0,00,Approved,Success,42,Female,957
TXN0003535,2024-08-12,05:18:18,Janakpur Branch,Dhanusha,Mobile Banking,Bill Payment,N/A,Savings,7620.09,05,Do Not Honor,Reversed,35,Female,397
TXN0003536,2024-08-12,06:10:03,Hetauda Branch,Makwanpur,POS,Purchase,Debit Card,Savings,13727.37,00,Approved,Success,35,Male,461
TXN0003537,2024-08-12,06:26:33,Hetauda Branch,Makwanpur,ATM,Mini Statement,Debit Card,Savings,0.0,00,Approved,Success,40,Male,727
TXN0003538,2024-08-12,08:53:26,Itahari Branch,Sunsari,Mobile Banking,Bill Payment,N/A,Savings,9850.74,00,Approved,Success,29,Female,409
TXN0003539,2024-08-12,09:12:14,Kathmandu Main,Kathmandu,Mobile Banking,Mobile Top-up,N/A,Savings,50.0,00,Approved,Success,49,Male,779
TXN0003540,2024-08-12,09:37:49,Nepalgunj Branch,Banke,POS,Refund,Debit Card,Current,8234.09,00,Approved,Success,50,Female,615
TXN0003541,2024-08-12,09:41:23,Bhaktapur Branch,Bhaktapur,Internet Banking,Bill Payment,N/A,Savings,7436.55,00,Approved,Success,5,Male,1090
TXN0003542,2024-08-12,09:56:01,New Baneshwor,Kathmandu,Mobile Banking,Bill Payment,N/A,Savings,10666.37,00,Approved,Success,23,Female,604
TXN0003543,2024-08-12,10:42:27,Bhaktapur Branch,Bhaktapur,ATM,PIN Change,Debit Card,Savings,0.0,00,Approved,Success,37,Female,1570
TXN0003544,2024-08-12,10:59:53,New Baneshwor,Kathmandu,ATM,Mini Statement,Debit Card,Savings,0.0,00,Approved,Success,24,Female,1069
TXN0003545,2024-08-12,11:25:14,Lalitpur Branch,Lalitpur,POS,Purchase,Debit Card,Current,5130.52,00,Approved,Success,20,Female,80
TXN0003546,2024-08-12,13:30:34,Kathmandu Main,Kathmandu,Mobile Banking,Bill Payment,N/A,Current,1817.94,00,Approved,Success,37,Male,647
TXN0003547,2024-08-12,13:31:12,Itahari Branch,Sunsari,Mobile Banking,Fund Transfer,N/A,Savings,72577.72,00,Approved,Success,53,Female,696
TXN0003548,2024-08-12,14:02:03,Dharan Branch,Sunsari,POS,Refund,Debit Card,Savings,7601.16,00,Approved,Success,37,Female,451
TXN0003549,2024-08-12,15:37:43,Nepalgunj Branch,Banke,ATM,PIN Change,Debit Card,Savings,0.0,00,Approved,Success,20,Female,1314
TXN0003550,2024-08-12,15:56:27,Nepalgunj Branch,Banke,ATM,PIN Change,Debit Card,Savings,0.0,00,Approved,Success,20,Male,1110
TXN0003551,2024-08-12,16:22:23,Pokhara Lakeside,Kaski,Mobile Banking,Balance Inquiry,N/A,Savings,0.0,00,Approved,Success,31,Female,997
TXN0003552,2024-08-12,18:40:17,Bhaktapur Branch,Bhaktapur,POS,Refund,Debit Card,Savings,7223.58,00,Approved,Success,51,Male,563
TXN0003553,2024-08-13,08:33:39,Itahari Branch,Sunsari,Mobile Banking,Balance Inquiry,N/A,Savings,0.0,00,Approved,Success,,Female,1009
TXN0003554,2024-08-13,09:11:16,Hetauda Branch,Makwanpur,mobile banking,Bill Payment,N/A,Savings,9690.06,05,Do Not Honor,Reversed,30,Female,538
TXN0003555,2024-08-13,12:30:42,NEPALGUNJ BRANCH,Banke,Branch Counter,Fund Transfer,N/A,Current,54140.43,00,Approved,Success,49,Female,650
TXN0003556,2024-08-13,14:31:31,Birgunj Branch,Parsa,ATM,Mini Statement,Debit Card,Savings,0.0,00,Approved,Success,42,Male,973
TXN0003557,2024-08-13,14:44:31,Kathmandu Main,Kathmandu,POS,Refund,Debit Card,Savings,3387.33,00,Approved,Success,25,Male,737
TXN0003558,2024-08-13,15:05:12,Dharan Branch,Sunsari,ATM,PIN Change,Debit Card,Savings,0.0,00,Approved,Success,40,Male,1509
TXN0003559,2024-08-13,22:42:55,Kathmandu Main,Kathmandu,ATM,Mini Statement,Debit Card,Savings,0.0,00,Approved,Success,36,Male,678
TXN0003560,2024-08-14,08:02:20,Biratnagar Main,Morang,ATM,Mini Statement,Debit Card,Savings,0.0,00,Approved,Success,28,Female,1454
TXN0003561,2024-08-14,08:42:40,New Baneshwor,Kathmandu,POS,Refund,Debit Card,Savings,5027.05,00,Approved,Success,28,Female,279
TXN0003562,2024-08-14,08:52:17,Dhangadhi Branch,Kailali,Mobile Banking,Mobile Top-up,N/A,Current,500.0,00,Approved,Success,32,Female,471
TXN0003563,2024-08-14,10:11:43,Bhaktapur Branch,Bhaktapur,Mobile Banking,Balance Inquiry,N/A,Savings,0.0,00,Approved,Success,41,Male,979
TXN0003564,2024-08-14,12:57:27,Itahari Branch,Sunsari,Internet Banking,Statement Download,N/A,Savings,0.0,00,Approved,Success,31,Male,366
TXN0003565,2024-08-14,13:15:32,Nepalgunj Branch,Banke,ATM,Cash Withdrawal,Debit Card,Savings,5000.0,00,Approved,Success,54,Female,1985
TXN0003566,2024-08-14,18:53:17,Lalitpur Branch,Lalitpur,ATM,PIN Change,Debit Card,Savings,0.0,00,Approved,Success,18,Male,757
TXN0003567,2024-08-14,19:20:42,Nepalgunj Branch,Banke,ATM,Balance Inquiry,Debit Card,Savings,0.0,00,Approved,Success,18,Female,1162
TXN0003568,2024-08-15,02:41:02,Bhaktapur Branch,Bhaktapur,Mobile Banking,Fund Transfer,N/A,Savings,44180.34,00,Approved,Success,36,Male,493
TXN0003569,2024-08-15,08:21:55,Nepalgunj Branch,Banke,Mobile Banking,QR Payment,N/A,Savings,4960.95,00,Approved,Success,18,Female,441
TXN0003570,2024-08-15,09:53:49,Butwal Branch,Rupandehi,ATM,PIN Change,Debit Card,Savings,0.0,00,Approved,Success,32,Female,1027
TXN0003571,2024-08-15,10:44:56,Nepalgunj Branch,Banke,ATM,Balance Inquiry,Debit Card,Current,0.0,00,Approved,Success,38,Male,1283
TXN0003572,2024-08-15,11:11:16,Kathmandu Main,Kathmandu,Mobile Banking,QR Payment,N/A,Savings,3441.7,00,Approved,Success,34,Male,1039
TXN0003573,2024-08-15,12:35:44,Bhaktapur Branch,Bhaktapur,POS,Purchase,Debit Card,Savings,11430.75,00,Approved,Success,18,Male,720
TXN0003574,2024-08-15,12:48:49,Kathmandu Main,Kathmandu,Mobile Banking,QR Payment,N/A,Savings,2764.73,00,Approved,Success,48,Female,873
TXN0003575,2024-08-15,13:49:49,Bhaktapur Branch,Bhaktapur,POS,Purchase,Debit Card,Savings,4452.14,00,Approved,Success,27,Female,564
TXN0003576,2024-08-15,13:49:49,Lalitpur Branch,Lalitpur,ATM,PIN Change,Debit Card,Savings,0.0,51,Insufficient Funds,Reversed,23,Male,1061
TXN0003577,2024-08-15,14:09:40,Itahari Branch,Sunsari,POS,Refund,Debit Card,Current,3912.75,00,Approved,Success,36,Male,590
TXN0003578,2024-08-15,14:18:48,Pokhara Lakeside,Kaski,Mobile Banking,Balance Inquiry,N/A,Savings,0.0,00,Approved,Success,35,Female,297
TXN0003579,2024-08-15,15:06:14,Janakpur Branch,Dhanusha,Internet Banking,Fund Transfer,N/A,Fixed Deposit,46659.73,00,Approved,Success,42,Female,462
TXN0003580,2024-08-15,16:28:46,Nepalgunj Branch,Banke,ATM,PIN Change,Debit Card,Savings,0.0,00,Approved,Success,34,Female,1632
TXN0003581,2024-08-15,17:25:31,Janakpur Branch,Dhanusha,Mobile Banking,Fund Transfer,N/A,Current,80984.28,00,Approved,Success,38,Female,571
TXN0003582,2024-08-15,21:35:46,Biratnagar Main,Morang,ATM,PIN Change,Debit Card,Savings,0.0,00,Approved,Success,32,Female,1550
TXN0003583,2024-08-16,07:33:26,Lalitpur Branch,Lalitpur,Internet Banking,Bill Payment,N/A,Current,2914.1,00,Approved,Success,37,Male,632
TXN0003584,2024-08-16,08:23:47,New Baneshwor,Kathmandu,POS,Refund,Credit Card,Savings,3618.83,00,Approved,Success,51,Male,107
TXN0003585,2024-08-16,09:41:40,Janakpur Branch,Dhanusha,Mobile Banking,Fund Transfer,N/A,Savings,70305.48,00,Approved,Success,35,Female,933
TXN0003586,2024-08-16,10:16:46,Biratnagar Main,Morang,Mobile Banking,Balance Inquiry,N/A,Savings,0.0,00,Approved,Success,31,Female,527
TXN0003587,2024-08-16,11:30:16,Butwal Branch,Rupandehi,Mobile Banking,Bill Payment,N/A,Savings,3878.15,00,Approved,Success,50,Female,287
TXN0003588,2024-08-16,13:03:35,Bharatpur Branch,Chitwan,Mobile Banking,QR Payment,N/A,Savings,2188.08,00,Approved,Success,41,Female,781
TXN0003589,2024-08-16,13:56:10,Dhangadhi Branch,Kailali,ATM,Balance Inquiry,Debit Card,Current,0.0,00,Approved,Success,23,Female,1242
TXN0003590,2024-08-16,16:44:17,Dharan Branch,Sunsari,ATM,PIN Change,Debit Card,Savings,0.0,00,Approved,Success,42,Male,1332
TXN0003591,2024-08-17,09:26:32,Dhangadhi Branch,Kailali,Mobile Banking,Balance Inquiry,N/A,Savings,0.0,00,Approved,Success,29,Male,227
TXN0003592,2024-08-17,09:53:00,Kathmandu Main,Kathmandu,ATM,PIN Change,Debit Card,Savings,0.0,00,Approved,Success,32,Female,1272
TXN0003593,2024-08-17,10:53:04,Nepalgunj Branch,Banke,Branch Counter,Cash Deposit,N/A,Savings,160152.25,00,Approved,Success,28,Female,708
TXN0003594,2024-08-17,11:03:23,Biratnagar Main,Morang,ATM,PIN Change,Credit Card,Savings,0.0,55,Incorrect PIN,Timeout,19,Male,1769
TXN0003595,2024-08-17,14:16:53,Janakpur Branch,Dhanusha,POS,Refund,Credit Card,Savings,1398.44,00,Approved,Success,18,Female,464
TXN0003596,2024-08-17,15:00:10,Bharatpur Branch,Chitwan,Internet Banking,Fund Transfer,N/A,Savings,22788.14,91,Issuer Unavailable,Reversed,29,Male,841
TXN0003597,2024-08-17,16:15:19,Kathmandu Main,Kathmandu,Mobile Banking,Fund Transfer,N/A,Savings,83578.83,00,Approved,Success,32,Male,296
TXN0003598,2024-08-17,18:12:29,Hetauda Branch,Makwanpur,Branch Counter,Fund Transfer,N/A,Savings,553.89,00,Approved,Success,32,Male,933
TXN0003599,2024-08-17,20:44:28,Dhangadhi Branch,Kailali,ATM,Balance Inquiry,Debit Card,Savings,0.0,00,Approved,Success,28,Male,1784
TXN0003600,2024-08-18,01:17:48,Bhaktapur Branch,Bhaktapur,POS,Refund,Prepaid Card,Savings,1475.74,00,Approved,Success,25,Female,651
TXN0003601,2024-08-18,02:27:48,Birgunj Branch,Parsa,ATM,Mini Statement,Debit Card,Savings,0.0,00,Approved,Success,57,Female,902
TXN0003602,2024-08-18,05:44:50,Hetauda Branch,Makwanpur,POS,Refund,Debit Card,Savings,641.66,00,Approved,Success,30,Female,308
TXN0003603,2024-08-18,07:57:04,Pokhara Lakeside,Kaski,ATM,PIN Change,Debit Card,Savings,0.0,00,Approved,Success,53,Female,1264
TXN0003604,2024-08-18,08:30:25,Bhaktapur Branch,Bhaktapur,POS,Refund,Debit Card,Savings,3081.15,00,Approved,Success,64,Female,214
TXN0003605,2024-08-18,08:54:08,Biratnagar Main,Morang,Mobile Banking,QR Payment,N/A,Savings,828.89,14,Invalid Card,Reversed,33,Female,151
TXN0003606,2024-08-18,09:33:18,ITAHARI BRANCH,Sunsari,Mobile Banking,Bill Payment,N/A,Current,5908.58,55,Incorrect PIN,Timeout,48,Male,368
TXN0003607,2024-08-18,11:34:36,Dhangadhi Branch,Kailali,ATM,Balance Inquiry,Debit Card,Savings,0.0,00,Approved,Success,32,Female,573
TXN0003608,2024-08-18,12:38:43,Birgunj Branch,Parsa,ATM,Balance Inquiry,Debit Card,Current,0.0,96,System Malfunction,Failed,18,Female,1436
TXN0003609,2024-08-18,14:22:33,Dhangadhi Branch,Kailali,Branch Counter,Cash Withdrawal,N/A,Savings,1000.0,00,Approved,Success,39,Male,674
TXN0003610,2024-08-18,14:34:17,Kathmandu Main,Kathmandu,ATM,Cash Withdrawal,Prepaid Card,Savings,10000.0,00,Approved,Success,44,,1755
TXN0003611,2024-08-18,14:54:52,Hetauda Branch,Makwanpur,Mobile Banking,QR Payment,N/A,Savings,986.01,00,Approved,Success,32,Female,179
TXN0003612,2024-08-18,14:57:46,Itahari Branch,Sunsari,Mobile Banking,QR Payment,N/A,Savings,2095.24,00,Approved,Success,58,Male,497
TXN0003613,2024-08-18,15:05:17,Dharan Branch,Sunsari,POS,Refund,Debit Card,Savings,6828.98,00,Approved,Success,49,Male,778
TXN0003614,2024-08-18,15:06:12,Dharan Branch,Sunsari,ATM,Balance Inquiry,Debit Card,Savings,0.0,00,Approved,Success,33,Male,1392
TXN0003615,2024-08-18,15:53:06,Birgunj Branch,Parsa,Internet Banking,Fund Transfer,N/A,Savings,49769.58,00,Approved,Success,48,Female,894
TXN0003616,2024-08-18,16:11:24,Nepalgunj Branch,Banke,Internet Banking,Balance Inquiry,N/A,Fixed Deposit,0.0,00,Approved,Success,55,Female,370
TXN0003617,2024-08-18,17:24:42,Hetauda Branch,Makwanpur,Internet Banking,Fund Transfer,N/A,Savings,43529.59,00,Approved,Success,51,Female,721
TXN0003618,2024-08-19,00:45:10,Itahari Branch,Sunsari,ATM,Cash Withdrawal,Debit Card,Savings,3000.0,00,Approved,Success,38,Female,1665
TXN0003619,2024-08-19,06:13:50,Dharan Branch,Sunsari,Internet Banking,Balance Inquiry,N/A,Savings,0.0,00,Approved,Success,39,Male,816
TXN0003620,2024-08-19,08:50:49,Bharatpur Branch,Chitwan,Mobile Banking,Mobile Top-up,N/A,Current,50.0,00,Approved,Success,20,Male,506
TXN0003621,2024-08-19,09:22:44,New Baneshwor,Kathmandu,POS,Purchase,Debit Card,Savings,1380.69,00,Approved,Success,18,Male,474
TXN0003622,2024-08-19,09:33:34,Birgunj Branch,Parsa,ATM,Balance Inquiry,Debit Card,Savings,0.0,00,Approved,Success,33,Male,1741
TXN0003623,2024-08-19,10:02:35,Janakpur Branch,Dhanusha,ATM,Balance Inquiry,Debit Card,Savings,0.0,51,Insufficient Funds,Timeout,18,Female,469
TXN0003624,2024-08-19,10:39:11,Pokhara Lakeside,Kaski,ATM,PIN Change,Debit Card,Savings,0.0,00,Approved,Success,49,Female,102
TXN0003625,2024-08-19,10:45:59,Biratnagar Main,Morang,POS,Purchase,Debit Card,Savings,10993.94,00,Approved,Success,49,Female,711
TXN0003626,2024-08-19,10:55:29,Kathmandu Main,Kathmandu,POS,Refund,Debit Card,Savings,2135.86,00,Approved,Success,34,Male,542
TXN0003627,2024-08-19,11:28:01,Lalitpur Branch,Lalitpur,Mobile Banking,Balance Inquiry,N/A,Savings,0.0,96,System Malfunction,Failed,24,Male,589
TXN0003628,2024-08-19,11:29:48,Lalitpur Branch,Lalitpur,ATM,PIN Change,Debit Card,Current,0.0,00,Approved,Success,18,Male,1433
TXN0003629,2024-08-19,11:33:03,Pokhara Lakeside,Kaski,ATM,PIN Change,Credit Card,Savings,0.0,00,Approved,Success,21,Male,1181
TXN0003630,2024-08-19,11:53:23,Bhaktapur Branch,Bhaktapur,ATM,Cash Withdrawal,Debit Card,Current,10000.0,00,Approved,Success,48,Female,932
TXN0003631,2024-08-19,12:23:06,New Baneshwor,Kathmandu,ATM,Cash Withdrawal,Prepaid Card,Savings,2000.0,00,Approved,Success,20,Male,1193
TXN0003632,2024-08-19,12:39:20,Nepalgunj Branch,Banke,Mobile Banking,Bill Payment,N/A,Savings,9680.28,00,Approved,Success,27,Female,496
TXN0003633,2024-08-19,13:43:30,Kathmandu Main,Kathmandu,ATM,Mini Statement,Debit Card,Current,0.0,00,Approved,Success,40,Female,1212
TXN0003634,2024-08-19,15:13:15,Itahari Branch,Sunsari,ATM,Mini Statement,Debit Card,Current,0.0,00,Approved,Success,54,Female,899
TXN0003635,2024-08-19,15:16:08,Biratnagar Main,Morang,POS,Refund,Debit Card,Savings,9752.69,00,Approved,Success,36,Female,1012
TXN0003636,2024-08-19,16:46:11,New Baneshwor,Kathmandu,POS,Purchase,Debit Card,Fixed Deposit,8618.39,00,Approved,Success,42,Male,1034
TXN0003637,2024-08-19,17:47:14,Pokhara Lakeside,Kaski,ATM,PIN Change,Debit Card,Fixed Deposit,0.0,00,Approved,Success,44,Male,1390
TXN0003638,2024-08-19,18:03:18,Itahari Branch,Sunsari,Internet Banking,Bill Payment,N/A,Savings,4743.35,00,Approved,Success,31,Male,447
TXN0003639,2024-08-19,18:15:16,Birgunj Branch,Parsa,ATM,Mini Statement,Debit Card,Savings,0.0,00,Approved,Success,46,Female,1195
TXN0003640,2024-08-19,19:03:51,Nepalgunj Branch,Banke,ATM,Mini Statement,Debit Card,Current,0.0,00,Approved,Success,37,Male,1106
TXN0003641,2024-08-19,22:31:21,Lalitpur Branch,Lalitpur,ATM,Mini Statement,Debit Card,Current,0.0,00,Approved,Success,45,Male,1300
TXN0003642,2024-08-20,00:03:30,Dhangadhi Branch,Kailali,Mobile Banking,Balance Inquiry,N/A,Savings,0.0,00,Approved,Success,41,Male,623
TXN0003643,2024-08-20,07:45:14,Nepalgunj Branch,Banke,Mobile Banking,Bill Payment,N/A,Savings,1691.86,00,Approved,Success,49,Female,481
TXN0003644,2024-08-20,07:52:58,Hetauda Branch,Makwanpur,POS,Purchase,Debit Card,Savings,6540.86,00,Approved,Success,30,Male,252
TXN0003645,2024-08-20,10:56:51,Itahari Branch,Sunsari,Mobile Banking,QR Payment,N/A,Current,3398.62,00,Approved,Success,50,Female,591
TXN0003646,2024-08-20,11:42:05,New Baneshwor,Kathmandu,Internet Banking,Fund Transfer,N/A,Savings,75426.25,00,Approved,Success,43,Female,230
TXN0003647,2024-08-20,12:01:11,Biratnagar Main,Morang,ATM,Mini Statement,Debit Card,Savings,0.0,00,Approved,Success,38,Male,1277
TXN0003648,2024-08-20,13:07:10,Kathmandu Main,Kathmandu,Mobile Banking,Balance Inquiry,N/A,Current,0.0,00,Approved,Success,27,Female,449
TXN0003649,2024-08-20,13:19:39,Kathmandu Main,Kathmandu,Mobile Banking,Balance Inquiry,N/A,Savings,0.0,00,Approved,Success,31,Female,691
TXN0003650,2024-08-20,14:58:59,Birgunj Branch,Parsa,Branch Counter,Account Opening,N/A,Current,0.0,00,Approved,Success,66,Male,523
TXN0003651,2024-08-20,16:02:39,New Baneshwor,Kathmandu,POS,Refund,Debit Card,Savings,958.97,96,System Malfunction,Failed,24,,655
TXN0003652,2024-08-20,16:04:15,Bharatpur Branch,Chitwan,Mobile Banking,QR Payment,N/A,Savings,2379.65,00,Approved,Success,30,Female,769
TXN0003653,2024-08-20,16:33:06,Biratnagar Main,Morang,ATM,Mini Statement,Debit Card,Savings,0.0,00,Approved,Success,51,Female,715
TXN0003653,2024-08-20,16:33:06,Biratnagar Main,Morang,ATM,Mini Statement,Debit Card,Savings,0.0,00,Approved,Success,51,Female,715
TXN0003654,2024-08-20,17:54:25,Dhangadhi Branch,Kailali,POS,Purchase,Debit Card,Savings,12568.35,00,Approved,Success,47,Male,787
TXN0003655,2024-08-20,19:43:46,Bharatpur Branch,Chitwan,Branch Counter,Cash Withdrawal,N/A,Savings,5000.0,00,Approved,Success,36,Male,470
TXN0003656,2024-08-21,06:40:02,Hetauda Branch,Makwanpur,POS,Purchase,Debit Card,Savings,13619.33,91,Issuer Unavailable,Timeout,24,Female,711
TXN0003657,2024-08-21,07:23:16,Itahari Branch,Sunsari,ATM,PIN Change,Debit Card,Current,0.0,00,Approved,Success,27,Female,1971
TXN0003658,2024-08-21,07:27:05,Itahari Branch,Sunsari,Branch Counter,Account Opening,N/A,Savings,0.0,00,Approved,Success,18,Male,671
TXN0003659,2024-08-21,08:09:51,Janakpur Branch,Dhanusha,POS,Purchase,Debit Card,Savings,2707.76,00,Approved,Success,22,Female,693
TXN0003660,2024-08-21,08:52:50,Itahari Branch,Sunsari,POS,Refund,Debit Card,Current,1789.98,51,Insufficient Funds,Timeout,31,Male,404
TXN0003661,2024-08-21,10:42:46,Dhangadhi Branch,Kailali,POS,Purchase,Debit Card,Savings,3350.54,00,Approved,Success,49,Male,798
TXN0003662,2024-08-21,10:51:50,Dhangadhi Branch,Kailali,Mobile Banking,Fund Transfer,N/A,Savings,83949.92,00,Approved,Success,31,Female,1200
TXN0003663,2024-08-21,10:54:04,Birgunj Branch,Parsa,Mobile Banking,QR Payment,N/A,Savings,1995.79,00,Approved,Success,54,Female,462
TXN0003664,2024-08-21,11:18:12,Dhangadhi Branch,Kailali,branch counter,Account Opening,N/A,Savings,0.0,00,Approved,Success,18,Female,713
TXN0003665,2024-08-21,12:44:04,Butwal Branch,Rupandehi,POS,Refund,Debit Card,Savings,4019.89,00,Approved,Success,34,Male,271
TXN0003666,2024-08-21,12:55:44,Nepalgunj Branch,Banke,POS,Purchase,Debit Card,Savings,14977.75,00,Approved,Success,41,Female,730
TXN0003667,2024-08-21,13:18:01,Kathmandu Main,Kathmandu,ATM,PIN Change,Debit Card,Savings,0.0,00,Approved,Success,49,Female,1236
TXN0003668,2024-08-21,13:36:54,Dharan Branch,Sunsari,Mobile Banking,Bill Payment,N/A,Current,2480.6,00,Approved,Success,35,Female,447
TXN0003669,2024-08-21,14:38:32,Biratnagar Main,Morang,ATM,PIN Change,Debit Card,Savings,0.0,00,Approved,Success,51,Male,989
TXN0003670,2024-08-21,15:23:45,Lalitpur Branch,Lalitpur,Branch Counter,Fund Transfer,N/A,Savings,22680.35,00,Approved,Success,19,Female,471
TXN0003671,2024-08-21,17:11:02,Nepalgunj Branch,Banke,Mobile Banking,Mobile Top-up,N/A,Current,200.0,00,Approved,Success,19,Male,673
TXN0003672,2024-08-21,19:05:42,Janakpur Branch,Dhanusha,Internet Banking,Bill Payment,N/A,Savings,2886.47,00,Approved,Success,38,Male,893
TXN0003673,2024-08-21,19:48:44,Lalitpur Branch,Lalitpur,Branch Counter,Fund Transfer,N/A,Savings,38906.66,00,Approved,Success,18,Male,244
TXN0003674,2024-08-21,21:57:39,Nepalgunj Branch,Banke,POS,Purchase,Debit Card,Current,3929.96,00,Approved,Success,18,Female,822
TXN0003675,2024-08-22,07:48:17,Pokhara Lakeside,Kaski,Internet Banking,Bill Payment,N/A,Savings,4613.9,55,Incorrect PIN,Reversed,42,Male,80
TXN0003676,2024-08-22,08:46:16,Dhangadhi Branch,Kailali,ATM,Balance Inquiry,Debit Card,Savings,0.0,00,Approved,Success,36,Female,905
TXN0003677,2024-08-22,11:07:22,Bhaktapur Branch,Bhaktapur,POS,Purchase,Debit Card,Savings,4032.94,00,Approved,Success,,Male,508
TXN0003678,2024-08-22,11:37:14,New Baneshwor,Kathmandu,Internet Banking,Statement Download,N/A,Savings,0.0,00,Approved,Success,52,Male,464
TXN0003679,2024-08-22,12:37:26,Bharatpur Branch,Chitwan,ATM,Cash Withdrawal,Debit Card,Savings,8000.0,00,Approved,Success,28,Female,935
TXN0003680,2024-08-22,13:54:15,Bharatpur Branch,Chitwan,POS,Purchase,Debit Card,Savings,131.77,00,Approved,Success,20,,264
TXN0003681,2024-08-22,14:27:57,Biratnagar Main,Morang,POS,Purchase,Credit Card,Savings,10751.53,00,Approved,Success,59,Female,958
TXN0003682,2024-08-22,16:16:04,Birgunj Branch,Parsa,ATM,PIN Change,Debit Card,Fixed Deposit,0.0,00,Approved,Success,37,Female,1582
TXN0003683,2024-08-22,17:32:20,Kathmandu Main,Kathmandu,Mobile Banking,Bill Payment,N/A,Savings,9551.98,00,Approved,Success,35,Female,444
TXN0003684,2024-08-22,19:25:19,New Baneshwor,Kathmandu,ATM,Cash Withdrawal,Debit Card,Current,5000.0,51,Insufficient Funds,Reversed,24,Female,1401
TXN0003685,2024-08-22,21:14:49,Bhaktapur Branch,Bhaktapur,Mobile Banking,Mobile Top-up,N/A,Current,50.0,00,Approved,Success,27,Female,459
TXN0003686,2024-08-22,22:34:07,New Baneshwor,Kathmandu,Mobile Banking,Balance Inquiry,N/A,Savings,0.0,00,Approved,Success,35,Male,455
TXN0003687,2024-08-22,22:47:26,Pokhara Lakeside,Kaski,POS,Purchase,Debit Card,Savings,1623.76,00,Approved,Success,29,Female,591
TXN0003688,2024-08-23,02:28:06,Kathmandu Main,Kathmandu,Branch Counter,Cash Deposit,N/A,Current,14476.62,91,Issuer Unavailable,Timeout,18,Male,176
TXN0003689,2024-08-23,03:16:29,Hetauda Branch,Makwanpur,Branch Counter,Account Opening,N/A,Savings,0.0,00,Approved,Success,55,Male,1130
TXN0003690,2024-08-23,07:55:57,Biratnagar Main,Morang,Mobile Banking,Bill Payment,N/A,Savings,11588.4,00,Approved,Success,47,Male,575
TXN0003691,2024-08-23,09:08:20,Dharan Branch,Sunsari,ATM,Balance Inquiry,Debit Card,Current,0.0,00,Approved,Success,56,Female,1329
TXN0003692,2024-08-23,09:29:41,Lalitpur Branch,Lalitpur,ATM,Balance Inquiry,Debit Card,Fixed Deposit,0.0,00,Approved,Success,43,Male,1598
TXN0003693,2024-08-23,09:43:52,Hetauda Branch,Makwanpur,Mobile Banking,Bill Payment,N/A,Savings,5568.63,00,Approved,Success,18,Male,264
TXN0003694,2024-08-23,11:52:26,Itahari Branch,Sunsari,ATM,Cash Withdrawal,Prepaid Card,Savings,2000.0,00,Approved,Success,25,Male,1022
TXN0003695,2024-08-23,12:04:58,Pokhara Lakeside,Kaski,ATM,Balance Inquiry,Debit Card,Savings,0.0,00,Approved,Success,33,Male,818
TXN0003696,2024-08-23,12:41:32,Nepalgunj Branch,Banke,Mobile Banking,Mobile Top-up,N/A,Savings,200.0,55,Incorrect PIN,Failed,32,Male,656
TXN0003697,2024-08-23,13:42:34,Bharatpur Branch,Chitwan,ATM,Cash Withdrawal,Prepaid Card,Current,5000.0,00,Approved,Success,38,Female,960
TXN0003698,2024-08-23,14:02:08,Nepalgunj Branch,Banke,ATM,Balance Inquiry,Debit Card,Savings,0.0,00,Approved,Success,41,Female,1103
TXN0003699,2024-08-23,14:24:22,Lalitpur Branch,Lalitpur,POS,Refund,Debit Card,Savings,9354.44,00,Approved,Success,33,Male,436
TXN0003700,2024-08-23,16:10:19,Pokhara Lakeside,Kaski,ATM,PIN Change,Debit Card,Savings,0.0,00,Approved,Success,25,Female,711
TXN0003701,2024-08-23,17:31:27,Bhaktapur Branch,Bhaktapur,ATM,Mini Statement,Debit Card,Savings,0.0,05,Do Not Honor,Reversed,40,Male,930
TXN0003702,2024-08-24,08:00:10,Bharatpur Branch,Chitwan,Mobile Banking,QR Payment,N/A,Current,4964.14,00,Approved,Success,49,Female,837
TXN0003703,2024-08-24,12:41:23,Biratnagar Main,Morang,POS,Refund,Debit Card,Fixed Deposit,8644.12,00,Approved,Success,42,Female,699
TXN0003704,2024-08-24,13:35:31,Pokhara Lakeside,Kaski,Mobile Banking,Bill Payment,N/A,Savings,927.17,00,Approved,Success,18,Male,521
TXN0003705,2024-08-24,18:50:20,Janakpur Branch,Dhanusha,ATM,PIN Change,Debit Card,Savings,0.0,00,Approved,Success,34,Male,806
TXN0003706,2024-08-24,19:22:26,Biratnagar Main,Morang,Mobile Banking,Fund Transfer,N/A,Current,14291.91,00,Approved,Success,32,Female,793
TXN0003707,2024-08-24,20:15:58,Hetauda Branch,Makwanpur,Branch Counter,Cash Deposit,N/A,Savings,161213.69,00,Approved,Success,43,Male,80
TXN0003708,2024-08-25,03:42:26,Dharan Branch,Sunsari,Mobile Banking,QR Payment,N/A,Savings,4125.63,00,Approved,Success,29,Male,765
TXN0003709,2024-08-25,08:15:50,Bhaktapur Branch,Bhaktapur,Branch Counter,Cash Deposit,N/A,Current,64024.17,00,Approved,Success,19,Male,854
TXN0003710,2024-08-25,08:15:56,Hetauda Branch,Makwanpur,Internet Banking,Balance Inquiry,N/A,Savings,0.0,00,Approved,Success,44,Female,529
TXN0003711,2024-08-25,09:39:44,Hetauda Branch,Makwanpur,ATM,Cash Withdrawal,Debit Card,Savings,3000.0,00,Approved,Success,38,Female,1120
TXN0003712,2024-08-25,09:54:55,Kathmandu Main,Kathmandu,ATM,Cash Withdrawal,Debit Card,Savings,20000.0,00,Approved,Success,30,Female,1440
TXN0003713,2024-08-25,11:47:34,Kathmandu Main,Kathmandu,Mobile Banking,Balance Inquiry,N/A,Savings,0.0,00,Approved,Success,,Male,841
TXN0003714,2024-08-25,12:44:03,Hetauda Branch,Makwanpur,ATM,Balance Inquiry,Debit Card,Savings,0.0,00,Approved,Success,26,Female,1182
TXN0003715,2024-08-25,14:08:18,Itahari Branch,Sunsari,ATM,PIN Change,Debit Card,Savings,0.0,00,Approved,Success,43,Female,1243
TXN0003716,2024-08-25,14:33:08,Birgunj Branch,Parsa,Internet Banking,Bill Payment,N/A,Savings,6381.1,00,Approved,Success,37,Male,617
TXN0003717,2024-08-25,15:51:16,Biratnagar Main,Morang,ATM,PIN Change,Debit Card,Savings,0.0,00,Approved,Success,61,Male,944
TXN0003718,2024-08-25,16:20:31,Dhangadhi Branch,Kailali,POS,Refund,Debit Card,Current,8145.53,00,Approved,Success,19,Female,537
TXN0003719,2024-08-25,16:49:55,Butwal Branch,Rupandehi,Branch Counter,Account Opening,N/A,Savings,0.0,91,Issuer Unavailable,Failed,43,Female,677
TXN0003720,2024-08-25,18:54:25,Nepalgunj Branch,Banke,ATM,Mini Statement,Debit Card,Savings,0.0,00,Approved,Success,26,Female,929
TXN0003721,2024-08-26,07:13:50,Bharatpur Branch,Chitwan,ATM,Mini Statement,Debit Card,Savings,0.0,00,Approved,Success,36,Male,1394
TXN0003722,2024-08-26,08:32:04,Itahari Branch,Sunsari,ATM,Balance Inquiry,Credit Card,Fixed Deposit,0.0,00,Approved,Success,24,Female,969
TXN0003723,2024-08-26,11:08:22,New Baneshwor,Kathmandu,Internet Banking,Statement Download,N/A,Savings,0.0,00,Approved,Success,31,Female,886
TXN0003724,2024-08-26,12:01:04,Janakpur Branch,Dhanusha,POS,Purchase,Debit Card,Savings,13701.64,00,Approved,Success,29,Female,248
TXN0003725,2024-08-26,12:58:55,Pokhara Lakeside,Kaski,Mobile Banking,Balance Inquiry,N/A,Current,0.0,00,Approved,Success,30,Male,478
TXN0003726,2024-08-26,15:11:39,Hetauda Branch,Makwanpur,Branch Counter,Account Opening,N/A,Savings,0.0,00,Approved,Success,40,Male,717
TXN0003727,2024-08-26,16:40:38,Bhaktapur Branch,Bhaktapur,POS,Refund,Debit Card,Savings,8655.02,00,Approved,Success,18,Male,719
TXN0003728,2024-08-26,17:37:26,Lalitpur Branch,Lalitpur,ATM,PIN Change,Debit Card,Savings,0.0,00,Approved,Success,32,Female,1436
TXN0003729,2024-08-26,18:25:29,Kathmandu Main,Kathmandu,ATM,PIN Change,Debit Card,Savings,0.0,00,Approved,Success,47,Female,790
TXN0003730,2024-08-26,18:54:24,Biratnagar Main,Morang,Internet Banking,Statement Download,N/A,Savings,0.0,51,Insufficient Funds,Reversed,38,Male,951
TXN0003731,2024-08-26,18:57:00,Hetauda Branch,Makwanpur,ATM,Balance Inquiry,Debit Card,Savings,0.0,00,Approved,Success,47,Male,1486
TXN0003732,2024-08-26,20:17:00,Lalitpur Branch,Lalitpur,POS,Refund,Prepaid Card,Savings,3649.98,00,Approved,Success,40,Female,265
TXN0003733,2024-08-26,21:28:13,Bharatpur Branch,Chitwan,Internet Banking,Balance Inquiry,N/A,Savings,0.0,00,Approved,Success,29,Male,361
TXN0003734,2024-08-27,01:18:05,Biratnagar Main,Morang,ATM,Mini Statement,Debit Card,Savings,0.0,00,Approved,Success,44,Female,1044
TXN0003735,2024-08-27,05:45:34,Biratnagar Main,Morang,Mobile Banking,Balance Inquiry,N/A,Current,0.0,00,Approved,Success,49,Male,80
TXN0003736,2024-08-27,08:03:02,Dharan Branch,Sunsari,POS,Refund,Debit Card,Savings,1361.7,00,Approved,Success,32,Female,467
TXN0003737,2024-08-27,08:05:52,Janakpur Branch,Dhanusha,ATM,Cash Withdrawal,Debit Card,Savings,500.0,00,Approved,Success,18,Male,1694
TXN0003738,2024-08-27,08:29:41,Kathmandu Main,Kathmandu,Mobile Banking,Fund Transfer,N/A,Current,4233.51,00,Approved,Success,,Male,604
TXN0003739,2024-08-27,08:44:08,Kathmandu Main,Kathmandu,POS,Refund,Credit Card,Current,4739.62,00,Approved,Success,53,Female,640
TXN0003740,2024-08-27,09:23:58,Dhangadhi Branch,Kailali,POS,Purchase,Debit Card,Savings,9778.54,00,Approved,Success,57,Female,555
TXN0003741,2024-08-27,09:28:54,Birgunj Branch,Parsa,Mobile Banking,Mobile Top-up,N/A,Current,200.0,00,Approved,Success,18,,858
TXN0003742,2024-08-27,09:32:03,Hetauda Branch,Makwanpur,ATM,Cash Withdrawal,Prepaid Card,Savings,5000.0,00,Approved,Success,18,Male,816
TXN0003743,2024-08-27,10:06:40,Hetauda Branch,Makwanpur,ATM,Cash Withdrawal,Debit Card,Savings,1500.0,00,Approved,Success,28,Male,1661
TXN0003744,2024-08-27,11:05:34,Kathmandu Main,Kathmandu,ATM,Cash Withdrawal,Debit Card,Savings,3000.0,00,Approved,Success,46,Male,1353
TXN0003745,2024-08-27,11:13:53,New Baneshwor,Kathmandu,Mobile Banking,Balance Inquiry,N/A,Savings,0.0,00,Approved,Success,37,Male,881
TXN0003746,2024-08-27,12:06:30,Nepalgunj Branch,Banke,Branch Counter,Account Opening,N/A,Fixed Deposit,0.0,00,Approved,Success,30,Male,263
TXN0003747,2024-08-27,14:13:03,Birgunj Branch,Parsa,ATM,Mini Statement,Debit Card,Savings,0.0,00,Approved,Success,29,Male,1612
TXN0003748,2024-08-27,14:18:31,Bhaktapur Branch,Bhaktapur,ATM,Mini Statement,Debit Card,Savings,0.0,00,Approved,Success,18,Female,1340
TXN0003749,2024-08-27,15:38:40,Kathmandu Main,Kathmandu,ATM,PIN Change,Debit Card,Savings,0.0,00,Approved,Success,36,Male,1462
TXN0003750,2024-08-27,16:22:05,Bharatpur Branch,Chitwan,POS,Refund,Prepaid Card,Savings,6195.28,00,Approved,Success,24,Female,557
TXN0003751,2024-08-27,16:35:59,Butwal Branch,Rupandehi,Mobile Banking,Balance Inquiry,N/A,Fixed Deposit,0.0,00,Approved,Success,30,Female,516
TXN0003752,2024-08-27,18:03:33,Lalitpur Branch,Lalitpur,POS,Purchase,Debit Card,Savings,1891.29,00,Approved,Success,18,Female,354
TXN0003753,2024-08-27,18:08:57,Bhaktapur Branch,Bhaktapur,ATM,PIN Change,Debit Card,Current,0.0,00,Approved,Success,31,Male,1245
TXN0003754,2024-08-27,19:10:26,Birgunj Branch,Parsa,internet banking,Bill Payment,N/A,Savings,1324.75,00,Approved,Success,23,Female,303
TXN0003755,2024-08-28,01:57:14,Kathmandu Main,Kathmandu,ATM,Balance Inquiry,Credit Card,Savings,0.0,00,Approved,Success,33,Male,959
TXN0003756,2024-08-28,02:50:32,Pokhara Lakeside,Kaski,ATM,PIN Change,Debit Card,Savings,0.0,00,Approved,Success,48,Female,1626
TXN0003757,2024-08-28,03:21:59,Nepalgunj Branch,Banke,Internet Banking,Statement Download,N/A,Savings,0.0,00,Approved,Success,28,Female,750
TXN0003758,2024-08-28,09:06:48,Dharan Branch,Sunsari,POS,Purchase,Debit Card,Savings,1509.06,00,Approved,Success,24,Male,918
TXN0003759,2024-08-28,11:15:21,Lalitpur Branch,Lalitpur,Internet Banking,Bill Payment,N/A,Savings,4286.29,00,Approved,Success,43,Female,1168
TXN0003760,2024-08-28,11:27:38,Bharatpur Branch,Chitwan,ATM,Cash Withdrawal,Debit Card,Savings,-1500.0,00,Approved,Success,26,Male,658
TXN0003761,2024-08-28,13:23:23,Dhangadhi Branch,Kailali,POS,Purchase,Debit Card,Current,1661.3,00,Approved,Success,29,Female,80
TXN0003762,2024-08-28,13:35:50,Itahari Branch,Sunsari,POS,Purchase,Debit Card,Savings,8029.25,51,Insufficient Funds,Reversed,52,Female,344
TXN0003763,2024-08-28,14:43:49,Itahari Branch,Sunsari,ATM,Mini Statement,Debit Card,Current,0.0,00,Approved,Success,33,Male,1230
TXN0003764,2024-08-28,14:49:22,Dhangadhi Branch,Kailali,Internet Banking,Fund Transfer,N/A,Current,1476.22,00,Approved,Success,40,Female,590
TXN0003764,2024-08-28,14:49:22,Dhangadhi Branch,Kailali,Internet Banking,Fund Transfer,N/A,Current,1476.22,00,Approved,Success,40,Female,590
TXN0003765,2024-08-28,15:26:05,Butwal Branch,Rupandehi,ATM,Balance Inquiry,Prepaid Card,Savings,0.0,00,Approved,Success,49,Male,1042
TXN0003766,2024-08-28,15:44:48,Bharatpur Branch,Chitwan,ATM,Cash Withdrawal,Debit Card,Savings,1500.0,96,System Malfunction,Reversed,44,Male,1592
TXN0003767,2024-08-28,16:33:49,Biratnagar Main,Morang,ATM,Mini Statement,Debit Card,Savings,0.0,00,Approved,Success,24,Female,821
TXN0003768,2024-08-28,17:11:17,Kathmandu Main,Kathmandu,Internet Banking,Bill Payment,N/A,Savings,3013.84,91,Issuer Unavailable,Reversed,21,Female,493
TXN0003769,2024-08-28,22:26:15,Birgunj Branch,Parsa,ATM,PIN Change,Credit Card,Savings,0.0,55,Incorrect PIN,Reversed,27,Male,1319
TXN0003770,2024-08-29,07:22:24,Lalitpur Branch,Lalitpur,Mobile Banking,QR Payment,N/A,Current,1818.54,00,Approved,Success,36,Female,965
TXN0003771,2024-08-29,09:56:10,Bharatpur Branch,Chitwan,Branch Counter,Fund Transfer,N/A,Savings,33002.69,00,Approved,Success,30,Female,729
TXN0003772,2024-08-29,10:47:51,Butwal Branch,Rupandehi,ATM,Cash Withdrawal,Debit Card,Current,3000.0,00,Approved,Success,48,Male,1583
TXN0003773,2024-08-29,11:40:55,New Baneshwor,Kathmandu,Mobile Banking,QR Payment,N/A,Savings,2941.19,00,Approved,Success,28,Male,367
TXN0003774,2024-08-29,11:58:33,Pokhara Lakeside,Kaski,POS,Purchase,Debit Card,Savings,9887.57,00,Approved,Success,19,Male,532
TXN0003775,2024-08-29,12:18:13,Nepalgunj Branch,Banke,POS,Purchase,Debit Card,Savings,12587.43,96,System Malfunction,Timeout,18,Female,929
TXN0003776,2024-08-29,13:51:24,New Baneshwor,Kathmandu,POS,Purchase,Prepaid Card,Savings,3693.18,00,Approved,Success,40,Male,205
TXN0003777,2024-08-29,13:57:27,Bharatpur Branch,Chitwan,Internet Banking,Fund Transfer,N/A,Savings,80271.18,51,Insufficient Funds,Timeout,35,Male,364
TXN0003778,2024-08-29,14:26:20,Biratnagar Main,Morang,Internet Banking,Balance Inquiry,N/A,Savings,0.0,00,Approved,Success,34,Male,667
TXN0003779,2024-08-29,15:39:52,Dhangadhi Branch,Kailali,ATM,Mini Statement,Debit Card,Savings,0.0,00,Approved,Success,59,Male,1502
TXN0003780,2024-08-29,17:11:01,Dhangadhi Branch,Kailali,Mobile Banking,Bill Payment,N/A,Savings,2822.67,00,Approved,Success,18,Female,423
TXN0003781,2024-08-29,18:34:05,Bhaktapur Branch,Bhaktapur,ATM,Cash Withdrawal,Debit Card,Fixed Deposit,3000.0,51,Insufficient Funds,Failed,31,Female,1414
TXN0003782,2024-08-29,18:42:10,Janakpur Branch,Dhanusha,Mobile Banking,QR Payment,N/A,Current,1200.01,00,Approved,Success,19,Male,992
TXN0003783,2024-08-29,19:28:30,Hetauda Branch,Makwanpur,Mobile Banking,Mobile Top-up,N/A,Savings,1000.0,00,Approved,Success,37,,531
TXN0003784,2024-08-29,19:46:36,New Baneshwor,Kathmandu,ATM,Balance Inquiry,Debit Card,Current,0.0,00,Approved,Success,31,Male,918
TXN0003785,2024-08-29,22:19:46,Hetauda Branch,Makwanpur,Mobile Banking,QR Payment,N/A,Current,4865.3,00,Approved,Success,23,Female,705
TXN0003786,2024-08-29,23:54:13,Bharatpur Branch,Chitwan,Mobile Banking,QR Payment,N/A,Savings,4014.15,00,Approved,Success,18,Male,1038
TXN0003787,2024-08-30,03:29:22,New Baneshwor,Kathmandu,POS,Purchase,Debit Card,Fixed Deposit,6364.08,00,Approved,Success,34,Female,215
TXN0003788,2024-08-30,03:48:29,Kathmandu Main,Kathmandu,POS,Purchase,Credit Card,Current,13678.14,00,Approved,Success,37,Female,221
TXN0003789,2024-08-30,07:45:27,Bhaktapur Branch,Bhaktapur,ATM,Balance Inquiry,Debit Card,Savings,0.0,00,Approved,Success,43,Male,1420
TXN0003790,2024-08-30,08:06:27,Lalitpur Branch,Lalitpur,ATM,PIN Change,Debit Card,Current,0.0,00,Approved,Success,35,Male,1359
TXN0003791,2024-08-30,10:07:58,Itahari Branch,Sunsari,ATM,Mini Statement,Debit Card,Savings,0.0,00,Approved,Success,42,Male,1953
TXN0003792,2024-08-30,10:16:34,Bharatpur Branch,Chitwan,ATM,PIN Change,Credit Card,Savings,0.0,00,Approved,Success,28,Female,934
TXN0003793,2024-08-30,10:23:00,Janakpur Branch,Dhanusha,Mobile Banking,QR Payment,N/A,Current,478.04,51,Insufficient Funds,Reversed,31,Male,444
TXN0003794,2024-08-30,10:25:43,Dhangadhi Branch,Kailali,Mobile Banking,Mobile Top-up,N/A,Savings,100.0,00,Approved,Success,32,Male,427
TXN0003795,2024-08-30,12:35:09,Bharatpur Branch,Chitwan,atm,Balance Inquiry,Debit Card,Current,0.0,00,Approved,Success,57,Male,1177
TXN0003796,2024-08-30,13:00:46,Dharan Branch,Sunsari,ATM,Mini Statement,Debit Card,Savings,0.0,00,Approved,Success,50,Female,1423
TXN0003797,2024-08-30,13:00:53,Lalitpur Branch,Lalitpur,ATM,Mini Statement,Debit Card,Savings,0.0,00,Approved,Success,24,Male,706
TXN0003798,2024-08-30,14:10:25,Hetauda Branch,Makwanpur,Branch Counter,Fund Transfer,N/A,Savings,30460.87,00,Approved,Success,24,Male,168
TXN0003799,2024-08-30,14:15:10,Biratnagar Main,Morang,Internet Banking,Bill Payment,N/A,Savings,4458.92,00,Approved,Success,43,Female,653
TXN0003800,2024-08-30,14:35:04,Birgunj Branch,Parsa,ATM,Balance Inquiry,Debit Card,Savings,0.0,91,Issuer Unavailable,Reversed,52,Female,1326
TXN0003801,2024-08-30,15:49:50,Bhaktapur Branch,Bhaktapur,Branch Counter,Account Opening,N/A,Current,0.0,00,Approved,Success,39,Female,649
TXN0003802,2024-08-30,19:33:58,Dhangadhi Branch,Kailali,ATM,PIN Change,Prepaid Card,Current,0.0,00,Approved,Success,21,Male,1286
TXN0003803,2024-08-31,03:40:31,Nepalgunj Branch,Banke,Internet Banking,Balance Inquiry,N/A,Savings,0.0,00,Approved,Success,36,Male,689
TXN0003804,2024-08-31,10:01:37,Dharan Branch,Sunsari,POS,Purchase,Debit Card,Savings,8906.57,00,Approved,Success,25,Female,218
TXN0003805,2024-08-31,10:08:10,Itahari Branch,Sunsari,ATM,PIN Change,Debit Card,Savings,0.0,00,Approved,Success,18,Female,1687
TXN0003806,2024-08-31,11:33:14,Pokhara Lakeside,Kaski,Internet Banking,Balance Inquiry,N/A,Savings,0.0,55,Incorrect PIN,Failed,37,Female,864
TXN0003807,2024-08-31,13:55:24,Bharatpur Branch,Chitwan,Branch Counter,Cash Withdrawal,N/A,Savings,8000.0,96,System Malfunction,Failed,34,Female,285
TXN0003808,2024-08-31,14:15:20,Kathmandu Main,Kathmandu,ATM,Balance Inquiry,Credit Card,Savings,0.0,00,Approved,Success,24,Female,1307
TXN0003809,2024-08-31,14:22:40,Butwal Branch,Rupandehi,Internet Banking,Statement Download,N/A,Savings,0.0,00,Approved,Success,42,Female,501
TXN0003810,2024-08-31,14:54:41,Itahari Branch,Sunsari,Mobile Banking,Fund Transfer,N/A,Savings,39814.41,55,Incorrect PIN,Timeout,46,Male,548
TXN0003811,2024-08-31,19:52:55,Birgunj Branch,Parsa,Mobile Banking,QR Payment,N/A,Savings,1889.28,00,Approved,Success,24,Female,594
TXN0003812,2024-08-31,20:05:02,Bhaktapur Branch,Bhaktapur,ATM,Cash Withdrawal,Prepaid Card,Savings,1500.0,00,Approved,Success,24,Female,904
TXN0003813,2024-09-01,07:48:37,Nepalgunj Branch,Banke,atm,Mini Statement,Debit Card,Fixed Deposit,0.0,00,Approved,Success,31,Male,1065
TXN0003814,2024-09-01,09:04:56,Nepalgunj Branch,Banke,ATM,Balance Inquiry,Debit Card,Current,0.0,00,Approved,Success,51,Male,1030
TXN0003815,2024-09-01,09:40:38,Bhaktapur Branch,Bhaktapur,ATM,Cash Withdrawal,Debit Card,Savings,1500.0,00,Approved,Success,,Female,966
TXN0003816,2024-09-01,10:06:05,Butwal Branch,Rupandehi,Mobile Banking,Mobile Top-up,N/A,Savings,200.0,00,Approved,Success,30,Male,674
TXN0003817,2024-09-01,10:28:51,Lalitpur Branch,Lalitpur,Mobile Banking,Fund Transfer,N/A,Savings,35808.58,00,Approved,Success,34,Male,262
TXN0003818,2024-09-01,12:59:24,Dharan Branch,Sunsari,pos,Refund,Debit Card,Savings,2245.49,00,Approved,Success,53,Male,98
TXN0003819,2024-09-01,13:09:24,Bharatpur Branch,Chitwan,ATM,Cash Withdrawal,Debit Card,Savings,2500.0,00,Approved,Success,21,Female,118
TXN0003820,2024-09-01,13:17:50,Bhaktapur Branch,Bhaktapur,POS,Refund,Debit Card,Savings,359.85,00,Approved,Success,36,Female,1000
TXN0003821,2024-09-01,13:58:33,Kathmandu Main,Kathmandu,POS,Refund,Debit Card,Savings,8479.66,00,Approved,Success,34,Female,392
TXN0003822,2024-09-01,14:19:19,Bhaktapur Branch,Bhaktapur,POS,Refund,Debit Card,Savings,3634.14,00,Approved,Success,35,Female,125
TXN0003823,2024-09-01,15:29:41,New Baneshwor,Kathmandu,ATM,Mini Statement,Debit Card,Savings,0.0,00,Approved,Success,35,Male,856
TXN0003824,2024-09-01,16:04:33,Bhaktapur Branch,Bhaktapur,Mobile Banking,Balance Inquiry,N/A,Savings,0.0,00,Approved,Success,35,Female,1024
TXN0003825,2024-09-01,16:27:10,Janakpur Branch,Dhanusha,Internet Banking,Bill Payment,N/A,Savings,1324.55,51,Insufficient Funds,Reversed,41,Male,845
TXN0003826,2024-09-01,20:41:42,Pokhara Lakeside,Kaski,ATM,PIN Change,Debit Card,Current,0.0,00,Approved,Success,26,Male,972
TXN0003827,2024-09-02,07:35:37,New Baneshwor,Kathmandu,Mobile Banking,Balance Inquiry,N/A,Savings,0.0,00,Approved,Success,54,Male,628
TXN0003828,2024-09-02,09:12:05,Dharan Branch,Sunsari,ATM,PIN Change,Credit Card,Savings,0.0,00,Approved,Success,47,Female,1883
TXN0003829,2024-09-02,09:35:05,Pokhara Lakeside,Kaski,ATM,Balance Inquiry,Debit Card,Savings,0.0,00,Approved,Success,53,Male,1823
TXN0003830,2024-09-02,11:23:31,Dhangadhi Branch,Kailali,POS,Purchase,Debit Card,Savings,7190.67,00,Approved,Success,22,Female,641
TXN0003831,2024-09-02,11:30:51,Birgunj Branch,Parsa,Mobile Banking,Mobile Top-up,N/A,Savings,1000.0,00,Approved,Success,30,Female,982
TXN0003832,2024-09-02,12:15:58,New Baneshwor,Kathmandu,Mobile Banking,Mobile Top-up,N/A,Current,1000.0,00,Approved,Success,46,Female,247
TXN0003833,2024-09-02,12:40:12,Pokhara Lakeside,Kaski,Internet Banking,Statement Download,N/A,Current,0.0,00,Approved,Success,40,Female,587
TXN0003834,2024-09-02,12:55:02,Kathmandu Main,Kathmandu,Internet Banking,Balance Inquiry,N/A,Savings,0.0,00,Approved,Success,18,Male,900
TXN0003835,2024-09-02,15:15:27,Biratnagar Main,Morang,Branch Counter,Account Opening,N/A,Savings,0.0,00,Approved,Success,18,Female,326
TXN0003836,2024-09-02,17:09:01,Nepalgunj Branch,Banke,ATM,Cash Withdrawal,Prepaid Card,Savings,2500.0,00,Approved,Success,33,Female,1019
TXN0003837,2024-09-02,17:33:55,Nepalgunj Branch,Banke,ATM,PIN Change,Debit Card,Savings,0.0,00,Approved,Success,27,Male,1041
TXN0003838,2024-09-02,19:12:51,New Baneshwor,Kathmandu,ATM,Cash Withdrawal,Debit Card,Savings,1500.0,00,Approved,Success,40,Female,1373
TXN0003839,2024-09-02,21:29:10,Pokhara Lakeside,Kaski,Internet Banking,Fund Transfer,N/A,Current,57924.17,00,Approved,Success,54,Female,640
TXN0003840,2024-09-03,01:12:44,Birgunj Branch,Parsa,Mobile Banking,Mobile Top-up,N/A,Savings,50.0,00,Approved,Success,40,Female,333
TXN0003841,2024-09-03,05:20:40,Nepalgunj Branch,Banke,Internet Banking,Statement Download,N/A,Savings,0.0,00,Approved,Success,27,Female,520
TXN0003842,2024-09-03,08:31:06,Bhaktapur Branch,Bhaktapur,Mobile Banking,Mobile Top-up,N/A,Savings,200.0,00,Approved,Success,18,Female,611
TXN0003843,2024-09-03,09:05:22,Bharatpur Branch,Chitwan,ATM,Cash Withdrawal,Debit Card,Savings,500.0,00,Approved,Success,37,Female,633
TXN0003844,2024-09-03,10:56:15,Dhangadhi Branch,Kailali,Internet Banking,Balance Inquiry,N/A,Savings,0.0,00,Approved,Success,51,Male,978
TXN0003845,2024-09-03,11:01:06,Itahari Branch,Sunsari,Internet Banking,Fund Transfer,N/A,Savings,70724.95,00,Approved,Success,42,Female,618
TXN0003846,2024-09-03,13:41:18,Butwal Branch,Rupandehi,Mobile Banking,QR Payment,N/A,Savings,4451.86,00,Approved,Success,36,Female,605
TXN0003847,2024-09-03,13:41:40,New Baneshwor,Kathmandu,Mobile Banking,Bill Payment,N/A,Savings,11954.36,00,Approved,Success,39,Male,514
TXN0003848,2024-09-03,14:26:11,Biratnagar Main,Morang,POS,Purchase,Credit Card,Current,10538.25,00,Approved,Success,26,Male,557
TXN0003849,2024-09-03,14:43:11,New Baneshwor,Kathmandu,POS,Refund,Debit Card,Savings,8336.09,00,Approved,Success,20,Female,719
TXN0003850,2024-09-03,19:12:50,Lalitpur Branch,Lalitpur,ATM,Mini Statement,Debit Card,Current,0.0,00,Approved,Success,31,Female,1247
TXN0003851,2024-09-03,20:17:28,POKHARA LAKESIDE,Kaski,Mobile Banking,QR Payment,N/A,Savings,441.7,00,Approved,Success,43,Male,441
TXN0003852,2024-09-04,02:46:47,New Baneshwor,Kathmandu,Mobile Banking,Balance Inquiry,N/A,Current,0.0,51,Insufficient Funds,Failed,35,Female,286
TXN0003853,2024-09-04,03:25:42,Kathmandu Main,Kathmandu,ATM,PIN Change,Debit Card,Savings,0.0,55,Incorrect PIN,Timeout,40,Male,1700
TXN0003854,2024-09-04,08:42:58,Butwal Branch,Rupandehi,ATM,PIN Change,Credit Card,Savings,0.0,00,Approved,Success,38,Male,1136
TXN0003855,2024-09-04,09:12:54,Dhangadhi Branch,Kailali,ATM,Mini Statement,Debit Card,Savings,0.0,00,Approved,Success,22,Male,1292
TXN0003856,2024-09-04,09:19:05,Itahari Branch,Sunsari,ATM,Balance Inquiry,Debit Card,Savings,0.0,00,Approved,Success,36,Female,1036
TXN0003857,2024-09-04,09:29:06,Hetauda Branch,Makwanpur,POS,Purchase,Debit Card,Savings,9503.48,00,Approved,Success,43,Female,165
TXN0003858,2024-09-04,10:28:44,Itahari Branch,Sunsari,ATM,Cash Withdrawal,Debit Card,Savings,8000.0,00,Approved,Success,35,Female,834
TXN0003859,2024-09-04,11:02:47,Bhaktapur Branch,Bhaktapur,Internet Banking,Fund Transfer,N/A,Savings,75312.51,00,Approved,Success,35,Female,528
TXN0003860,2024-09-04,11:09:32,Dharan Branch,Sunsari,Branch Counter,Account Opening,N/A,Savings,0.0,00,Approved,Success,30,Female,999
TXN0003861,2024-09-04,13:13:53,Hetauda Branch,Makwanpur,POS,Purchase,Debit Card,Savings,10947.39,00,Approved,Success,18,Male,832
TXN0003862,2024-09-04,13:23:25,Bharatpur Branch,Chitwan,ATM,Mini Statement,Debit Card,Savings,0.0,00,Approved,Success,42,Female,1178
TXN0003863,2024-09-04,13:28:07,Bhaktapur Branch,Bhaktapur,Branch Counter,Cash Deposit,N/A,Savings,45750.93,00,Approved,Success,33,Female,671
TXN0003864,2024-09-04,13:57:06,Nepalgunj Branch,Banke,ATM,Mini Statement,Debit Card,Savings,0.0,00,Approved,Success,45,Male,1215
TXN0003865,2024-09-04,14:58:08,Itahari Branch,Sunsari,Mobile Banking,Fund Transfer,N/A,Savings,13294.37,00,Approved,Success,52,Male,433
TXN0003866,2024-09-04,15:33:17,Birgunj Branch,Parsa,POS,Purchase,Debit Card,Savings,14531.67,00,Approved,Success,34,Female,557
TXN0003867,2024-09-04,17:42:33,Birgunj Branch,Parsa,ATM,PIN Change,Debit Card,Savings,0.0,00,Approved,Success,26,Female,1100
TXN0003868,2024-09-04,17:42:56,Nepalgunj Branch,Banke,Branch Counter,Account Opening,N/A,Savings,0.0,00,Approved,Success,18,Male,789
TXN0003869,2024-09-04,18:06:27,JANAKPUR BRANCH,Dhanusha,POS,Refund,Debit Card,Current,7155.14,00,Approved,Success,37,Female,305
TXN0003870,2024-09-04,18:51:48,Hetauda Branch,Makwanpur,ATM,Mini Statement,Debit Card,Savings,0.0,00,Approved,Success,43,Female,938
TXN0003871,2024-09-04,19:13:25,New Baneshwor,Kathmandu,ATM,Balance Inquiry,Debit Card,Savings,0.0,00,Approved,Success,19,Male,1262
TXN0003872,2024-09-04,20:50:39,Hetauda Branch,Makwanpur,ATM,Mini Statement,Debit Card,Current,0.0,00,Approved,Success,22,Male,1511
TXN0003873,2024-09-05,00:03:00,Dharan Branch,Sunsari,POS,Refund,Debit Card,Savings,7321.14,00,Approved,Success,37,Female,1047
TXN0003874,2024-09-05,07:52:17,Bharatpur Branch,Chitwan,Mobile Banking,Balance Inquiry,N/A,Savings,0.0,00,Approved,Success,37,Female,912
TXN0003875,2024-09-05,09:48:55,Nepalgunj Branch,Banke,Branch Counter,Cash Withdrawal,N/A,Savings,1000.0,00,Approved,Success,43,Male,907
TXN0003876,2024-09-05,09:50:34,Nepalgunj Branch,Banke,Mobile Banking,QR Payment,N/A,Savings,4479.04,00,Approved,Success,32,Male,353
TXN0003877,2024-09-05,10:17:21,Butwal Branch,Rupandehi,ATM,Cash Withdrawal,Debit Card,Savings,1000.0,00,Approved,Success,41,Female,909
TXN0003878,2024-09-05,11:07:09,Bharatpur Branch,Chitwan,Mobile Banking,Bill Payment,N/A,Savings,2812.11,00,Approved,Success,28,Male,603
TXN0003879,2024-09-05,11:32:41,  New Baneshwor  ,Kathmandu,Internet Banking,Bill Payment,N/A,Savings,8498.68,55,Incorrect PIN,Reversed,32,Male,563
TXN0003880,2024-09-05,11:58:02,Dharan Branch,Sunsari,ATM,Cash Withdrawal,Debit Card,Savings,500.0,00,Approved,Success,32,Female,1266
TXN0003881,2024-09-05,11:58:04,Pokhara Lakeside,Kaski,POS,Purchase,Debit Card,Savings,12490.45,00,Approved,Success,18,Male,462
TXN0003882,2024-09-05,13:05:18,Nepalgunj Branch,Banke,Mobile Banking,Balance Inquiry,N/A,Savings,0.0,14,Invalid Card,Timeout,24,Female,109
TXN0003883,2024-09-05,13:11:10,Dharan Branch,Sunsari,ATM,Cash Withdrawal,Debit Card,Savings,5000.0,00,Approved,Success,53,Male,1644
TXN0003884,2024-09-05,15:40:38,Dharan Branch,Sunsari,POS,Refund,Prepaid Card,Savings,7756.67,00,Approved,Success,,Female,840
TXN0003885,2024-09-05,16:34:49,  Lalitpur Branch  ,Lalitpur,Branch Counter,Cash Deposit,N/A,Savings,145546.79,00,Approved,Success,27,Female,321
TXN0003886,2024-09-05,17:20:14,ITAHARI BRANCH,Sunsari,POS,Purchase,Credit Card,Savings,8738.45,00,Approved,Success,34,Male,80
TXN0003887,2024-09-05,17:50:55,Lalitpur Branch,Lalitpur,Internet Banking,Bill Payment,N/A,Savings,6965.24,00,Approved,Success,49,Female,314
TXN0003888,2024-09-05,19:15:32,Itahari Branch,Sunsari,ATM,Mini Statement,Debit Card,Savings,0.0,00,Approved,Success,18,Male,553
TXN0003889,2024-09-05,19:40:12,Dharan Branch,Sunsari,ATM,Mini Statement,Credit Card,Savings,0.0,51,Insufficient Funds,Reversed,21,Female,1211
TXN0003889,2024-09-05,19:40:12,Dharan Branch,Sunsari,ATM,Mini Statement,Credit Card,Savings,0.0,51,Insufficient Funds,Reversed,21,Female,1211
TXN0003890,2024-09-05,23:22:49,Janakpur Branch,Dhanusha,Mobile Banking,Balance Inquiry,N/A,Fixed Deposit,0.0,00,Approved,Success,54,Female,1117
TXN0003891,2024-09-06,07:45:16,New Baneshwor,Kathmandu,Mobile Banking,Mobile Top-up,N/A,Savings,200.0,00,Approved,Success,53,Male,479
TXN0003892,2024-09-06,08:42:15,Dhangadhi Branch,Kailali,POS,Purchase,Debit Card,Fixed Deposit,7403.27,00,Approved,Success,50,Female,449
TXN0003893,2024-09-06,11:20:44,Birgunj Branch,Parsa,Mobile Banking,QR Payment,N/A,Savings,1522.54,00,Approved,Success,53,Female,437
TXN0003894,2024-09-06,11:22:27,Dharan Branch,Sunsari,POS,Purchase,Credit Card,Savings,10484.62,00,Approved,Success,24,Female,391
TXN0003895,2024-09-06,11:44:54,Hetauda Branch,Makwanpur,ATM,Mini Statement,Debit Card,Savings,0.0,00,Approved,Success,52,Female,1065
TXN0003896,2024-09-06,11:49:04,Butwal Branch,Rupandehi,POS,Refund,Debit Card,Savings,6563.24,00,Approved,Success,18,Male,841
TXN0003897,2024-09-06,12:22:51,Nepalgunj Branch,Banke,Mobile Banking,Fund Transfer,N/A,Fixed Deposit,12438.44,14,Invalid Card,Timeout,45,Female,487
TXN0003898,2024-09-06,12:24:30,Pokhara Lakeside,Kaski,Internet Banking,Bill Payment,N/A,Current,6311.4,00,Approved,Success,42,Female,349
TXN0003899,2024-09-06,13:41:07,Dhangadhi Branch,Kailali,ATM,PIN Change,Credit Card,Savings,0.0,00,Approved,Success,41,Female,1322
TXN0003900,2024-09-06,13:52:20,Butwal Branch,Rupandehi,POS,Refund,Debit Card,Savings,1106.92,00,Approved,Success,23,Male,819
TXN0003901,2024-09-06,14:29:32,New Baneshwor,Kathmandu,Mobile Banking,Bill Payment,N/A,Savings,9729.52,00,Approved,Success,49,Female,361
TXN0003902,2024-09-06,16:20:59,Pokhara Lakeside,Kaski,POS,Refund,Debit Card,Savings,7006.58,00,Approved,Success,51,Male,377
TXN0003903,2024-09-06,16:45:55,Dhangadhi Branch,Kailali,Internet Banking,Fund Transfer,N/A,Savings,63300.52,51,Insufficient Funds,Failed,34,Male,333
TXN0003904,2024-09-06,16:53:45,Kathmandu Main,Kathmandu,ATM,Mini Statement,Debit Card,Current,0.0,00,Approved,Success,45,Male,482
TXN0003905,2024-09-06,17:31:18,Kathmandu Main,Kathmandu,Mobile Banking,QR Payment,N/A,Current,2585.7,00,Approved,Success,32,Female,624
TXN0003906,2024-09-06,22:18:15,Lalitpur Branch,Lalitpur,ATM,PIN Change,Debit Card,Savings,0.0,00,Approved,Success,42,Male,990
TXN0003907,2024-09-06,23:48:50,Nepalgunj Branch,Banke,POS,Purchase,Debit Card,Savings,14979.69,00,Approved,Success,40,Male,757
TXN0003908,2024-09-07,09:12:16,Butwal Branch,Rupandehi,Mobile Banking,Balance Inquiry,N/A,Savings,0.0,00,Approved,Success,40,Female,876
TXN0003909,2024-09-07,11:00:16,Dharan Branch,Sunsari,POS,Refund,Debit Card,Savings,8649.63,00,Approved,Success,35,Female,637
TXN0003910,2024-09-07,11:47:29,Birgunj Branch,Parsa,Mobile Banking,QR Payment,N/A,Current,4799.39,00,Approved,Success,18,Male,841
TXN0003911,2024-09-07,11:47:36,Janakpur Branch,Dhanusha,Mobile Banking,Mobile Top-up,N/A,Savings,500.0,00,Approved,Success,18,Female,307
TXN0003912,2024-09-07,13:16:55,Itahari Branch,Sunsari,Mobile Banking,Mobile Top-up,N/A,Savings,500.0,00,Approved,Success,38,Male,406
TXN0003913,2024-09-07,14:14:49,Janakpur Branch,Dhanusha,ATM,Mini Statement,Debit Card,Current,0.0,00,Approved,Success,44,Female,1444
TXN0003914,2024-09-07,16:16:26,Pokhara Lakeside,Kaski,Mobile Banking,Fund Transfer,N/A,Savings,83888.0,00,Approved,Success,45,Male,242
TXN0003915,2024-09-07,18:03:15,New Baneshwor,Kathmandu,Internet Banking,Balance Inquiry,N/A,Savings,0.0,00,Approved,Success,28,Male,330
TXN0003916,2024-09-07,18:49:42,Hetauda Branch,Makwanpur,Mobile Banking,Balance Inquiry,N/A,Savings,0.0,00,Approved,Success,30,Female,472
TXN0003917,2024-09-07,19:25:52,Janakpur Branch,Dhanusha,atm,Mini Statement,Debit Card,Current,0.0,00,Approved,Success,47,Female,1616
TXN0003918,2024-09-07,19:54:58,Kathmandu Main,Kathmandu,ATM,Balance Inquiry,Debit Card,Savings,0.0,00,Approved,Success,18,Male,1023
TXN0003919,2024-09-07,20:18:36,Dhangadhi Branch,Kailali,ATM,Cash Withdrawal,Credit Card,Savings,1000.0,00,Approved,Success,27,Female,1010
TXN0003920,2024-09-08,04:58:50,Itahari Branch,Sunsari,Mobile Banking,QR Payment,N/A,Current,1747.59,00,Approved,Success,43,Male,589
TXN0003921,2024-09-08,06:05:12,  New Baneshwor  ,Kathmandu,Internet Banking,Bill Payment,N/A,Savings,7576.71,00,Approved,Success,38,Male,805
TXN0003922,2024-09-08,07:56:09,Hetauda Branch,Makwanpur,ATM,PIN Change,Prepaid Card,Savings,0.0,00,Approved,Success,40,Male,1405
TXN0003923,2024-09-08,08:27:00,Nepalgunj Branch,Banke,ATM,Cash Withdrawal,Debit Card,Savings,2000.0,00,Approved,Success,23,Male,449
TXN0003924,2024-09-08,08:34:43,Biratnagar Main,Morang,POS,Purchase,Prepaid Card,Savings,4716.4,00,Approved,Success,32,Female,771
TXN0003925,2024-09-08,09:57:59,Janakpur Branch,Dhanusha,ATM,Cash Withdrawal,Debit Card,Current,20000.0,00,Approved,Success,29,Female,1527
TXN0003926,2024-09-08,11:26:14,Biratnagar Main,Morang,Mobile Banking,QR Payment,N/A,Current,528.9,00,Approved,Success,38,Female,806
TXN0003927,2024-09-08,13:24:34,Janakpur Branch,Dhanusha,Mobile Banking,Fund Transfer,N/A,Savings,88592.78,00,Approved,Success,51,Female,645
TXN0003928,2024-09-08,13:36:14,Lalitpur Branch,Lalitpur,pos,Refund,Credit Card,Savings,5051.0,00,Approved,Success,53,Male,804
TXN0003929,2024-09-08,14:14:02,Butwal Branch,Rupandehi,ATM,Balance Inquiry,Debit Card,Savings,0.0,00,Approved,Success,28,Female,1438
TXN0003930,2024-09-08,14:37:11,Itahari Branch,Sunsari,POS,Purchase,Debit Card,Savings,4332.23,00,Approved,Success,45,Female,436
TXN0003931,2024-09-08,14:52:05,Biratnagar Main,Morang,Mobile Banking,Mobile Top-up,N/A,Savings,100.0,00,Approved,Success,57,Female,785
TXN0003932,2024-09-08,19:17:47,Lalitpur Branch,Lalitpur,Mobile Banking,Mobile Top-up,N/A,Current,50.0,00,Approved,Success,34,Female,491
TXN0003933,2024-09-08,19:57:02,Butwal Branch,Rupandehi,ATM,Mini Statement,Debit Card,Savings,0.0,00,Approved,Success,37,Female,938
TXN0003934,2024-09-08,23:19:50,Kathmandu Main,Kathmandu,ATM,Balance Inquiry,Debit Card,Savings,0.0,00,Approved,Success,27,Male,559
TXN0003935,2024-09-09,08:05:01,Hetauda Branch,Makwanpur,ATM,Balance Inquiry,Debit Card,Savings,0.0,00,Approved,Success,38,Male,1539
TXN0003936,2024-09-09,08:52:15,  Biratnagar Main  ,Morang,ATM,Balance Inquiry,Prepaid Card,Savings,0.0,00,Approved,Success,46,Male,660
TXN0003937,2024-09-09,10:34:44,Janakpur Branch,Dhanusha,ATM,Balance Inquiry,Debit Card,Savings,0.0,00,Approved,Success,22,Female,1056
TXN0003938,2024-09-09,10:51:40,Butwal Branch,Rupandehi,Mobile Banking,Bill Payment,N/A,Savings,11847.46,51,Insufficient Funds,Reversed,34,Male,317
TXN0003939,2024-09-09,11:16:17,Dhangadhi Branch,Kailali,Mobile Banking,QR Payment,N/A,Savings,1373.12,91,Issuer Unavailable,Failed,21,Male,510
TXN0003940,2024-09-09,11:27:57,Hetauda Branch,Makwanpur,Mobile Banking,Balance Inquiry,N/A,Savings,0.0,55,Incorrect PIN,Failed,34,Female,1001
TXN0003941,2024-09-09,14:12:19,Dhangadhi Branch,Kailali,ATM,Mini Statement,Credit Card,Current,0.0,00,Approved,Success,34,Female,1728
TXN0003942,2024-09-09,14:20:42,New Baneshwor,Kathmandu,ATM,Mini Statement,Prepaid Card,Current,0.0,00,Approved,Success,19,Female,1319
TXN0003943,2024-09-09,14:44:56,Itahari Branch,Sunsari,Branch Counter,Cash Withdrawal,N/A,Current,2000.0,00,Approved,Success,37,Female,577
TXN0003944,2024-09-09,16:10:44,Butwal Branch,Rupandehi,ATM,PIN Change,Debit Card,Current,0.0,05,Do Not Honor,Reversed,53,Female,951
TXN0003945,2024-09-09,17:21:45,New Baneshwor,Kathmandu,POS,Purchase,Debit Card,Savings,9064.78,00,Approved,Success,24,,630
TXN0003946,2024-09-09,17:58:15,New Baneshwor,Kathmandu,ATM,Cash Withdrawal,Debit Card,Savings,2000.0,00,Approved,Success,44,Female,1441
TXN0003947,2024-09-09,18:06:19,Birgunj Branch,Parsa,ATM,Balance Inquiry,Debit Card,Savings,0.0,00,Approved,Success,45,Male,868
TXN0003948,2024-09-09,20:14:05,Birgunj Branch,Parsa,ATM,Cash Withdrawal,Debit Card,Savings,2500.0,00,Approved,Success,42,Female,915
TXN0003949,2024-09-09,23:33:45,Itahari Branch,Sunsari,Mobile Banking,Mobile Top-up,N/A,Current,100.0,96,System Malfunction,Failed,18,Female,463
TXN0003950,2024-09-10,00:38:56,Butwal Branch,Rupandehi,ATM,Balance Inquiry,Debit Card,Savings,0.0,55,Incorrect PIN,Reversed,29,Male,1012
TXN0003951,2024-09-10,09:27:56,Bhaktapur Branch,Bhaktapur,POS,Refund,Debit Card,Savings,462.38,00,Approved,Success,41,Female,1077
TXN0003952,2024-09-10,14:33:21,Butwal Branch,Rupandehi,Branch Counter,Fund Transfer,N/A,Savings,58310.39,51,Insufficient Funds,Failed,18,Female,991
TXN0003953,2024-09-10,14:37:00,Biratnagar Main,Morang,Internet Banking,Statement Download,N/A,Savings,0.0,00,Approved,Success,49,Male,251
TXN0003954,2024-09-10,14:41:48,Bhaktapur Branch,Bhaktapur,mobile banking,Fund Transfer,N/A,Savings,42440.17,00,Approved,Success,46,Female,619
TXN0003955,2024-09-10,15:42:16,Kathmandu Main,Kathmandu,Internet Banking,Fund Transfer,N/A,Fixed Deposit,51713.19,00,Approved,Success,34,Male,480
TXN0003956,2024-09-10,17:39:58,New Baneshwor,Kathmandu,ATM,PIN Change,Debit Card,Savings,0.0,00,Approved,Success,32,Male,867
TXN0003957,2024-09-10,17:51:19,Dharan Branch,Sunsari,POS,Refund,Debit Card,Savings,8304.68,00,Approved,Success,18,Female,448
TXN0003958,2024-09-10,23:58:50,Pokhara Lakeside,Kaski,ATM,Mini Statement,Debit Card,Savings,0.0,55,Incorrect PIN,Reversed,34,Female,1424
TXN0003959,2024-09-11,01:42:10,Butwal Branch,Rupandehi,ATM,PIN Change,Debit Card,Savings,0.0,00,Approved,Success,34,Male,1236
TXN0003960,2024-09-11,07:00:01,Kathmandu Main,Kathmandu,POS,Purchase,Debit Card,Savings,11366.38,00,Approved,Success,66,Male,212
TXN0003961,2024-09-11,07:26:25,Lalitpur Branch,Lalitpur,ATM,Mini Statement,Debit Card,Current,0.0,00,Approved,Success,49,Female,1505
TXN0003962,2024-09-11,07:27:49,Pokhara Lakeside,Kaski,ATM,Balance Inquiry,Debit Card,Current,0.0,55,Incorrect PIN,Reversed,42,Female,464
TXN0003963,2024-09-11,08:14:17,Dharan Branch,Sunsari,Internet Banking,Statement Download,N/A,Savings,0.0,00,Approved,Success,47,Male,377
TXN0003964,2024-09-11,08:58:52,  Bhaktapur Branch  ,Bhaktapur,ATM,Mini Statement,Debit Card,Savings,0.0,00,Approved,Success,39,Male,1659
TXN0003965,2024-09-11,09:36:33,Biratnagar Main,Morang,ATM,PIN Change,Debit Card,Current,0.0,00,Approved,Success,51,Male,1310
TXN0003966,2024-09-11,11:21:08,New Baneshwor,Kathmandu,Mobile Banking,Bill Payment,N/A,Savings,5044.39,00,Approved,Success,37,Male,423
TXN0003967,2024-09-11,13:49:33,Bharatpur Branch,Chitwan,POS,Purchase,Debit Card,Savings,12550.6,00,Approved,Success,23,Male,670
TXN0003968,2024-09-11,14:03:25,Kathmandu Main,Kathmandu,ATM,Balance Inquiry,Debit Card,Savings,0.0,00,Approved,Success,46,Female,1025
TXN0003969,2024-09-11,14:18:34,Biratnagar Main,Morang,Mobile Banking,Mobile Top-up,N/A,Savings,500.0,00,Approved,Success,37,Female,628
TXN0003970,2024-09-11,14:38:45,Kathmandu Main,Kathmandu,Mobile Banking,Fund Transfer,N/A,Savings,36646.77,00,Approved,Success,45,Female,80
TXN0003971,2024-09-11,14:49:18,Nepalgunj Branch,Banke,ATM,Mini Statement,Debit Card,Savings,0.0,00,Approved,Success,43,Male,1171
TXN0003972,2024-09-11,17:51:09,Janakpur Branch,Dhanusha,ATM,Cash Withdrawal,Credit Card,Savings,15000.0,00,Approved,Success,24,Female,996
TXN0003973,2024-09-11,19:17:02,Janakpur Branch,Dhanusha,ATM,Mini Statement,Debit Card,Current,0.0,05,Do Not Honor,Reversed,44,,978
TXN0003974,2024-09-11,23:32:25,New Baneshwor,Kathmandu,Internet Banking,Bill Payment,N/A,Savings,7394.01,55,Incorrect PIN,Failed,40,Male,592
TXN0003975,2024-09-12,07:33:17,Janakpur Branch,Dhanusha,ATM,Mini Statement,Debit Card,Savings,0.0,00,Approved,Success,19,Female,1098
TXN0003976,2024-09-12,10:21:27,Bhaktapur Branch,Bhaktapur,Internet Banking,Balance Inquiry,N/A,Savings,0.0,00,Approved,Success,43,Female,585
TXN0003977,2024-09-12,11:56:08,Bhaktapur Branch,Bhaktapur,Internet Banking,Statement Download,N/A,Savings,0.0,55,Incorrect PIN,Timeout,34,Female,539
TXN0003978,2024-09-12,12:10:03,Pokhara Lakeside,Kaski,Mobile Banking,Fund Transfer,N/A,Current,60558.94,00,Approved,Success,34,Male,590
TXN0003979,2024-09-12,12:19:34,Dhangadhi Branch,Kailali,Mobile Banking,Fund Transfer,N/A,Fixed Deposit,89066.88,00,Approved,Success,18,Female,590
TXN0003980,2024-09-12,12:26:34,Itahari Branch,Sunsari,Mobile Banking,Bill Payment,N/A,Savings,10190.53,00,Approved,Success,18,Male,1116
TXN0003981,2024-09-12,12:28:45,Janakpur Branch,Dhanusha,ATM,Balance Inquiry,Debit Card,Savings,0.0,00,Approved,Success,40,Female,1246
TXN0003982,2024-09-12,12:50:29,Butwal Branch,Rupandehi,POS,Refund,Prepaid Card,Savings,4722.35,00,Approved,Success,48,Female,438
TXN0003983,2024-09-12,13:22:05,Butwal Branch,Rupandehi,ATM,Balance Inquiry,Debit Card,Savings,0.0,00,Approved,Success,30,Female,1129
TXN0003984,2024-09-12,13:23:42,Dharan Branch,Sunsari,Internet Banking,Fund Transfer,N/A,Savings,43214.71,00,Approved,Success,30,Female,416
TXN0003985,2024-09-12,14:40:37,Bhaktapur Branch,Bhaktapur,Internet Banking,Fund Transfer,N/A,Fixed Deposit,40935.47,00,Approved,Success,48,Male,606
TXN0003986,2024-09-12,15:27:30,New Baneshwor,Kathmandu,ATM,Cash Withdrawal,Debit Card,Savings,5000.0,00,Approved,Success,47,Female,1193
TXN0003987,2024-09-12,16:50:30,New Baneshwor,Kathmandu,ATM,PIN Change,Debit Card,Savings,0.0,00,Approved,Success,34,Female,1836
TXN0003988,2024-09-12,17:22:10,Kathmandu Main,Kathmandu,Mobile Banking,Fund Transfer,N/A,Current,27271.48,00,Approved,Success,42,Male,444
TXN0003989,2024-09-13,06:47:14,Pokhara Lakeside,Kaski,POS,Refund,Debit Card,Savings,3405.52,00,Approved,Success,49,Male,697
TXN0003990,2024-09-13,07:31:14,Nepalgunj Branch,Banke,ATM,Balance Inquiry,Credit Card,Savings,0.0,00,Approved,Success,39,Female,1269
TXN0003991,2024-09-13,09:09:42,Biratnagar Main,Morang,Internet Banking,Bill Payment,N/A,Savings,3061.86,00,Approved,Success,59,Male,742
TXN0003992,2024-09-13,11:09:16,Bharatpur Branch,Chitwan,Internet Banking,Balance Inquiry,N/A,Savings,0.0,00,Approved,Success,46,Female,677
TXN0003993,2024-09-13,11:25:41,Butwal Branch,Rupandehi,POS,Purchase,Debit Card,Current,7701.24,00,Approved,Success,38,Female,623
TXN0003994,2024-09-13,11:53:22,Dharan Branch,Sunsari,Mobile Banking,Bill Payment,N/A,Savings,9234.52,00,Approved,Success,21,Male,472
TXN0003995,2024-09-13,13:37:28,Bharatpur Branch,Chitwan,ATM,Balance Inquiry,Debit Card,Savings,0.0,00,Approved,Success,31,Male,1002
TXN0003996,2024-09-13,16:27:25,Pokhara Lakeside,Kaski,Internet Banking,Bill Payment,N/A,Current,1567.75,00,Approved,Success,37,Male,433
TXN0003997,2024-09-13,17:30:08,Bharatpur Branch,Chitwan,ATM,PIN Change,Credit Card,Savings,0.0,00,Approved,Success,42,Female,1358
TXN0003998,2024-09-13,18:23:29,Birgunj Branch,Parsa,ATM,Mini Statement,Debit Card,Savings,0.0,91,Issuer Unavailable,Timeout,29,Female,1213
TXN0003999,2024-09-13,18:25:02,Kathmandu Main,Kathmandu,pos,Refund,Debit Card,Savings,1639.92,00,Approved,Success,18,Male,499
TXN0004000,2024-09-13,18:42:20,Nepalgunj Branch,Banke,Internet Banking,Bill Payment,N/A,Savings,7033.07,14,Invalid Card,Reversed,50,Male,848
TXN0004001,2024-09-14,05:44:46,Kathmandu Main,Kathmandu,ATM,Mini Statement,Debit Card,Savings,0.0,00,Approved,Success,39,Female,1311
TXN0004002,2024-09-14,06:20:08,Nepalgunj Branch,Banke,Mobile Banking,Fund Transfer,N/A,Current,98159.46,00,Approved,Success,20,Male,440
TXN0004003,2024-09-14,07:14:44,Hetauda Branch,Makwanpur,ATM,Balance Inquiry,Prepaid Card,Savings,0.0,51,Insufficient Funds,Reversed,20,Male,701
TXN0004004,2024-09-14,07:54:37,Pokhara Lakeside,Kaski,Branch Counter,Fund Transfer,N/A,Current,91857.75,00,Approved,Success,62,Female,572
TXN0004005,2024-09-14,07:55:41,Biratnagar Main,Morang,Mobile Banking,Bill Payment,N/A,Savings,451.39,00,Approved,Success,24,Female,800
TXN0004006,2024-09-14,08:12:13,Janakpur Branch,Dhanusha,Mobile Banking,QR Payment,N/A,Savings,4390.23,51,Insufficient Funds,Timeout,,Male,612
TXN0004007,2024-09-14,09:00:58,Bhaktapur Branch,Bhaktapur,POS,Purchase,Debit Card,Savings,6661.42,00,Approved,Success,32,Male,431
TXN0004008,2024-09-14,09:17:30,Birgunj Branch,Parsa,Branch Counter,Fund Transfer,N/A,Savings,34146.11,00,Approved,Success,56,Male,911
TXN0004009,2024-09-14,09:29:58,Bhaktapur Branch,Bhaktapur,ATM,Cash Withdrawal,Debit Card,Savings,20000.0,00,Approved,Success,58,Male,1772
TXN0004010,2024-09-14,09:55:09,New Baneshwor,Kathmandu,ATM,Balance Inquiry,Debit Card,Savings,0.0,00,Approved,Success,27,Male,1005
TXN0004011,2024-09-14,11:38:28,Itahari Branch,Sunsari,Mobile Banking,Mobile Top-up,N/A,Current,200.0,00,Approved,Success,43,Female,482
TXN0004012,2024-09-14,14:07:03,Itahari Branch,Sunsari,ATM,PIN Change,Debit Card,Savings,0.0,00,Approved,Success,41,Male,698
TXN0004013,2024-09-14,14:12:45,Hetauda Branch,Makwanpur,Mobile Banking,Balance Inquiry,N/A,Savings,0.0,00,Approved,Success,48,Female,1348
TXN0004014,2024-09-14,14:18:54,Bhaktapur Branch,Bhaktapur,ATM,Cash Withdrawal,Debit Card,Savings,10000.0,91,Issuer Unavailable,Timeout,27,Male,376
TXN0004015,2024-09-14,15:45:50,Itahari Branch,Sunsari,Mobile Banking,Balance Inquiry,N/A,Savings,0.0,00,Approved,Success,34,Female,446
TXN0004016,2024-09-14,18:30:59,Nepalgunj Branch,Banke,POS,Purchase,Debit Card,Savings,7228.44,00,Approved,Success,28,Female,347
TXN0004017,2024-09-14,20:04:03,New Baneshwor,Kathmandu,ATM,Cash Withdrawal,Prepaid Card,Current,1000.0,51,Insufficient Funds,Failed,23,Female,1615
TXN0004018,2024-09-14,20:33:14,Kathmandu Main,Kathmandu,Mobile Banking,QR Payment,N/A,Savings,365.51,00,Approved,Success,30,Male,474
TXN0004019,2024-09-14,21:05:43,Kathmandu Main,Kathmandu,Branch Counter,Fund Transfer,N/A,Savings,12067.16,00,Approved,Success,35,Male,584
TXN0004020,2024-09-15,04:24:26,Butwal Branch,Rupandehi,Mobile Banking,Bill Payment,N/A,Savings,5403.52,00,Approved,Success,31,Male,323
TXN0004021,2024-09-15,09:35:39,Pokhara Lakeside,Kaski,ATM,Mini Statement,Debit Card,Savings,0.0,00,Approved,Success,28,Male,1706
TXN0004022,2024-09-15,11:07:28,Lalitpur Branch,Lalitpur,ATM,Balance Inquiry,Debit Card,Savings,0.0,00,Approved,Success,18,Male,972
TXN0004023,2024-09-15,11:59:15,Bharatpur Branch,Chitwan,ATM,PIN Change,Debit Card,Current,0.0,55,Incorrect PIN,Reversed,28,Male,834
TXN0004024,2024-09-15,12:54:36,Bhaktapur Branch,Bhaktapur,ATM,Cash Withdrawal,Debit Card,Savings,2500.0,00,Approved,Success,18,Female,380
TXN0004025,2024-09-15,13:50:33,Biratnagar Main,Morang,Mobile Banking,Bill Payment,N/A,Savings,9783.79,00,Approved,Success,38,Male,880
TXN0004026,2024-09-15,14:56:13,Janakpur Branch,Dhanusha,Mobile Banking,Mobile Top-up,N/A,Savings,1000.0,00,Approved,Success,37,Male,414
TXN0004027,2024-09-15,14:56:33,Kathmandu Main,Kathmandu,ATM,Balance Inquiry,Debit Card,Current,0.0,00,Approved,Success,33,Male,961
TXN0004028,2024-09-15,15:36:12,Janakpur Branch,Dhanusha,Internet Banking,Fund Transfer,N/A,Fixed Deposit,8506.96,00,Approved,Success,29,Female,370
TXN0004029,2024-09-15,15:43:03,New Baneshwor,Kathmandu,POS,Refund,Debit Card,Current,5330.07,00,Approved,Success,30,Male,960
TXN0004030,2024-09-15,15:57:09,Bhaktapur Branch,Bhaktapur,Mobile Banking,Mobile Top-up,N/A,Current,50.0,00,Approved,Success,44,Female,80
TXN0004031,2024-09-15,18:05:28,Bharatpur Branch,Chitwan,ATM,Mini Statement,Debit Card,Savings,0.0,00,Approved,Success,34,Male,1267
TXN0004032,2024-09-15,19:18:32,Nepalgunj Branch,Banke,ATM,Balance Inquiry,Debit Card,Current,0.0,51,Insufficient Funds,Failed,36,Female,1228
TXN0004033,2024-09-15,20:14:02,Pokhara Lakeside,Kaski,ATM,PIN Change,Debit Card,Savings,0.0,00,Approved,Success,47,Female,1321
TXN0004034,2024-09-15,22:27:13,Birgunj Branch,Parsa,Internet Banking,Statement Download,N/A,Savings,0.0,00,Approved,Success,32,Female,494
TXN0004035,2024-09-16,05:18:41,Pokhara Lakeside,Kaski,ATM,Balance Inquiry,Debit Card,Savings,0.0,00,Approved,Success,39,Male,1384
TXN0004036,2024-09-16,08:35:27,Bharatpur Branch,Chitwan,Internet Banking,Fund Transfer,N/A,Savings,64219.84,00,Approved,Success,29,Female,695
TXN0004037,2024-09-16,09:42:59,  Biratnagar Main  ,Morang,ATM,Balance Inquiry,Debit Card,Savings,0.0,00,Approved,Success,49,Female,467
TXN0004038,2024-09-16,11:28:17,Pokhara Lakeside,Kaski,POS,Refund,Credit Card,Savings,7301.84,00,Approved,Success,62,Female,391
TXN0004039,2024-09-16,11:40:42,Dhangadhi Branch,Kailali,Mobile Banking,Fund Transfer,N/A,Savings,31665.57,00,Approved,Success,26,Male,661
TXN0004040,2024-09-16,12:17:27,Biratnagar Main,Morang,Mobile Banking,Mobile Top-up,N/A,Savings,50.0,00,Approved,Success,24,Male,873
TXN0004041,2024-09-16,12:28:57,Dharan Branch,Sunsari,ATM,PIN Change,Debit Card,Savings,0.0,00,Approved,Success,18,Male,1042
TXN0004042,2024-09-16,13:21:46,Butwal Branch,Rupandehi,POS,Refund,Debit Card,Savings,1759.14,00,Approved,Success,29,Female,793
TXN0004043,2024-09-16,13:27:59,Dhangadhi Branch,Kailali,Mobile Banking,Balance Inquiry,N/A,Savings,0.0,00,Approved,Success,31,Female,520
TXN0004044,2024-09-16,13:48:06,New Baneshwor,Kathmandu,Mobile Banking,Mobile Top-up,N/A,Savings,100.0,00,Approved,Success,36,Female,240
TXN0004045,2024-09-16,16:02:58,New Baneshwor,Kathmandu,ATM,Mini Statement,Debit Card,Current,0.0,00,Approved,Success,42,,738
TXN0004046,2024-09-16,18:10:30,New Baneshwor,Kathmandu,ATM,PIN Change,Debit Card,Savings,0.0,00,Approved,Success,29,Male,1360
TXN0004047,2024-09-16,18:48:37,Bharatpur Branch,Chitwan,Mobile Banking,QR Payment,N/A,Current,4543.82,00,Approved,Success,49,Male,405
TXN0004048,2024-09-16,19:06:12,Nepalgunj Branch,Banke,POS,Purchase,Debit Card,Savings,14122.97,96,System Malfunction,Failed,21,Female,488
TXN0004049,2024-09-16,19:19:08,Pokhara Lakeside,Kaski,Branch Counter,Cash Withdrawal,N/A,Savings,1000.0,00,Approved,Success,38,Male,433
TXN0004050,2024-09-16,19:55:03,Dharan Branch,Sunsari,Internet Banking,Fund Transfer,N/A,Savings,71013.43,00,Approved,Success,19,Female,515
TXN0004051,2024-09-16,20:36:48,Dhangadhi Branch,Kailali,ATM,PIN Change,Debit Card,Savings,0.0,00,Approved,Success,18,Male,1130
TXN0004052,2024-09-16,22:39:38,Butwal Branch,Rupandehi,ATM,Balance Inquiry,Prepaid Card,Savings,0.0,00,Approved,Success,41,Male,945
TXN0004053,2024-09-17,06:13:53,Hetauda Branch,Makwanpur,POS,Purchase,Debit Card,Savings,4299.5,00,Approved,Success,46,Female,699
TXN0004054,2024-09-17,08:49:28,Butwal Branch,Rupandehi,ATM,Mini Statement,Debit Card,Savings,0.0,00,Approved,Success,18,Female,1390
TXN0004055,2024-09-17,10:34:48,Butwal Branch,Rupandehi,Mobile Banking,Bill Payment,N/A,Savings,3003.39,00,Approved,Success,38,Male,838
TXN0004056,2024-09-17,11:53:21,Bharatpur Branch,Chitwan,ATM,Cash Withdrawal,Debit Card,Savings,1000.0,00,Approved,Success,130,Female,1739
TXN0004057,2024-09-17,12:29:13,Bhaktapur Branch,Bhaktapur,Mobile Banking,Fund Transfer,N/A,Current,13421.0,00,Approved,Success,19,Male,828
TXN0004058,2024-09-17,13:24:59,Butwal Branch,Rupandehi,Mobile Banking,QR Payment,N/A,Savings,57.05,00,Approved,Success,29,Male,744
TXN0004059,2024-09-17,15:43:54,Dharan Branch,Sunsari,Mobile Banking,QR Payment,N/A,Savings,4686.6,51,Insufficient Funds,Failed,26,Female,387
TXN0004060,2024-09-17,16:33:21,Hetauda Branch,Makwanpur,ATM,Cash Withdrawal,Debit Card,Savings,15000.0,00,Approved,Success,28,Female,1298
TXN0004061,2024-09-17,17:16:16,Hetauda Branch,Makwanpur,POS,Purchase,Debit Card,Current,1374.86,91,Issuer Unavailable,Failed,42,Male,441
TXN0004062,2024-09-18,00:28:06,Butwal Branch,Rupandehi,ATM,Mini Statement,Credit Card,Savings,0.0,00,Approved,Success,44,Male,2375
TXN0004063,2024-09-18,02:21:25,Kathmandu Main,Kathmandu,POS,Purchase,Debit Card,Savings,10195.46,00,Approved,Success,35,Female,549
TXN0004064,2024-09-18,06:24:49,Bhaktapur Branch,Bhaktapur,Internet Banking,Statement Download,N/A,Savings,0.0,00,Approved,Success,21,Female,549
TXN0004065,2024-09-18,07:44:45,Hetauda Branch,Makwanpur,Mobile Banking,Balance Inquiry,N/A,Savings,0.0,00,Approved,Success,37,Male,615
TXN0004066,2024-09-18,09:05:26,Dharan Branch,Sunsari,POS,Purchase,Debit Card,Current,10317.07,00,Approved,Success,44,Male,698
TXN0004067,2024-09-18,09:08:52,Bharatpur Branch,Chitwan,POS,Purchase,Credit Card,Savings,12784.2,00,Approved,Success,,Female,430
TXN0004068,2024-09-18,11:12:08,Itahari Branch,Sunsari,POS,Purchase,Debit Card,Savings,14971.36,00,Approved,Success,18,,1032
TXN0004069,2024-09-18,11:27:45,Itahari Branch,Sunsari,ATM,Cash Withdrawal,Debit Card,Savings,1500.0,00,Approved,Success,,Female,1278
TXN0004070,2024-09-18,12:05:58,Butwal Branch,Rupandehi,POS,Refund,Debit Card,Current,7186.54,00,Approved,Success,19,Male,369
TXN0004071,2024-09-18,13:48:57,Itahari Branch,Sunsari,Internet Banking,Statement Download,N/A,Savings,0.0,00,Approved,Success,27,Male,442
TXN0004072,2024-09-18,18:02:18,Itahari Branch,Sunsari,ATM,Balance Inquiry,Prepaid Card,Savings,0.0,00,Approved,Success,18,Male,1256
TXN0004073,2024-09-18,19:15:08,New Baneshwor,Kathmandu,Mobile Banking,Balance Inquiry,N/A,Savings,0.0,00,Approved,Success,51,Female,745
TXN0004074,2024-09-19,02:04:57,Biratnagar Main,Morang,Mobile Banking,Mobile Top-up,N/A,Savings,100.0,00,Approved,Success,37,Female,204
TXN0004075,2024-09-19,08:15:46,Bharatpur Branch,Chitwan,Mobile Banking,Fund Transfer,N/A,Savings,94939.78,00,Approved,Success,32,Female,495
TXN0004076,2024-09-19,09:10:36,Nepalgunj Branch,Banke,Branch Counter,Cash Withdrawal,N/A,Savings,5000.0,00,Approved,Success,22,Male,817
TXN0004077,2024-09-19,09:13:50,Pokhara Lakeside,Kaski,POS,Purchase,Debit Card,Savings,12379.64,00,Approved,Success,56,Female,584
TXN0004078,2024-09-19,09:51:38,Dharan Branch,Sunsari,Branch Counter,Account Opening,N/A,Savings,0.0,00,Approved,Success,48,Female,740
TXN0004079,2024-09-19,10:59:59,Dharan Branch,Sunsari,Mobile Banking,Balance Inquiry,N/A,Savings,0.0,00,Approved,Success,41,Female,638
TXN0004080,2024-09-19,11:23:15,Janakpur Branch,Dhanusha,ATM,PIN Change,Debit Card,Savings,0.0,00,Approved,Success,33,Male,1275
TXN0004081,2024-09-19,11:46:45,Dhangadhi Branch,Kailali,Internet Banking,Balance Inquiry,N/A,Savings,0.0,00,Approved,Success,28,Female,724
TXN0004082,2024-09-19,11:47:39,Nepalgunj Branch,Banke,ATM,PIN Change,Debit Card,Savings,0.0,00,Approved,Success,18,Female,1303
TXN0004083,2024-09-19,11:57:21,Kathmandu Main,Kathmandu,Mobile Banking,Fund Transfer,N/A,Savings,49865.01,00,Approved,Success,22,Female,1102
TXN0004084,2024-09-19,12:50:28,Dharan Branch,Sunsari,Internet Banking,Balance Inquiry,N/A,Savings,0.0,00,Approved,Success,39,Female,322
TXN0004085,2024-09-19,14:32:34,Nepalgunj Branch,Banke,ATM,PIN Change,Debit Card,Savings,0.0,00,Approved,Success,18,Male,809
TXN0004086,2024-09-19,16:56:45,Nepalgunj Branch,Banke,ATM,Balance Inquiry,Debit Card,Savings,0.0,00,Approved,Success,29,Male,1701
TXN0004087,2024-09-19,16:58:22,Bharatpur Branch,Chitwan,POS,Purchase,Debit Card,Fixed Deposit,7898.85,00,Approved,Success,21,Male,213
TXN0004088,2024-09-19,17:16:50,Lalitpur Branch,Lalitpur,Internet Banking,Statement Download,N/A,Savings,0.0,00,Approved,Success,52,Male,521
TXN0004089,2024-09-19,17:22:22,Lalitpur Branch,Lalitpur,POS,Purchase,Prepaid Card,Current,2180.17,00,Approved,Success,18,Male,570
TXN0004090,2024-09-19,17:40:08,Birgunj Branch,Parsa,ATM,Balance Inquiry,Debit Card,Current,0.0,00,Approved,Success,62,Female,1060
TXN0004091,2024-09-19,18:42:30,Dhangadhi Branch,Kailali,Mobile Banking,Mobile Top-up,N/A,Savings,200.0,00,Approved,Success,52,Female,856
TXN0004092,2024-09-19,18:48:02,Dharan Branch,Sunsari,Branch Counter,Cash Withdrawal,N/A,Savings,1500.0,00,Approved,Success,25,Male,773
TXN0004093,2024-09-19,18:53:05,Nepalgunj Branch,Banke,Internet Banking,Bill Payment,N/A,Savings,10802.79,00,Approved,Success,75,Male,452
TXN0004094,2024-09-20,02:47:14,Biratnagar Main,Morang,Mobile Banking,Bill Payment,N/A,Savings,11989.79,51,Insufficient Funds,Timeout,24,Female,565
TXN0004095,2024-09-20,06:05:47,Dharan Branch,Sunsari,Internet Banking,Balance Inquiry,N/A,Savings,0.0,00,Approved,Success,22,Female,615
TXN0004096,2024-09-20,06:48:25,Pokhara Lakeside,Kaski,ATM,Balance Inquiry,Debit Card,Current,0.0,00,Approved,Success,40,Male,1261
TXN0004097,2024-09-20,07:44:14,Dhangadhi Branch,Kailali,POS,Refund,Debit Card,Fixed Deposit,1479.99,00,Approved,Success,38,Male,797
TXN0004098,2024-09-20,08:45:39,Hetauda Branch,Makwanpur,Mobile Banking,Fund Transfer,N/A,Current,85298.12,00,Approved,Success,22,Male,694
TXN0004099,2024-09-20,09:27:48,Lalitpur Branch,Lalitpur,POS,Refund,Debit Card,Savings,779.59,00,Approved,Success,22,Female,881
TXN0004100,2024-09-20,10:06:00,Janakpur Branch,Dhanusha,Mobile Banking,Fund Transfer,N/A,Savings,61965.99,00,Approved,Success,24,Female,872
TXN0004101,2024-09-20,10:26:00,Hetauda Branch,Makwanpur,ATM,PIN Change,Debit Card,Savings,0.0,00,Approved,Success,18,Female,842
TXN0004102,2024-09-20,10:34:19,Bhaktapur Branch,Bhaktapur,POS,Purchase,Debit Card,Current,2238.56,00,Approved,Success,31,Female,766
TXN0004103,2024-09-20,11:10:25,Hetauda Branch,Makwanpur,Internet Banking,Fund Transfer,N/A,Savings,82187.37,00,Approved,Success,26,Female,367
TXN0004104,2024-09-20,11:37:12,Bhaktapur Branch,Bhaktapur,ATM,Balance Inquiry,Debit Card,Current,0.0,00,Approved,Success,62,Female,687
TXN0004105,2024-09-20,11:37:19,Kathmandu Main,Kathmandu,ATM,Cash Withdrawal,Credit Card,Savings,1000.0,00,Approved,Success,41,Male,708
TXN0004106,2024-09-20,13:57:49,  Janakpur Branch  ,Dhanusha,Internet Banking,Statement Download,N/A,Savings,0.0,00,Approved,Success,45,Female,861
TXN0004107,2024-09-20,14:37:56,Bharatpur Branch,Chitwan,ATM,Balance Inquiry,Debit Card,Savings,0.0,00,Approved,Success,39,Female,1125
TXN0004108,2024-09-20,14:48:58,Birgunj Branch,Parsa,Mobile Banking,Balance Inquiry,N/A,Fixed Deposit,0.0,00,Approved,Success,42,Male,294
TXN0004109,2024-09-20,15:03:00,Itahari Branch,Sunsari,Mobile Banking,Fund Transfer,N/A,Savings,6172.8,00,Approved,Success,32,Male,624
TXN0004110,2024-09-20,17:05:56,Pokhara Lakeside,Kaski,mobile banking,Fund Transfer,N/A,Savings,75769.49,00,Approved,Success,53,Female,643
TXN0004111,2024-09-20,18:32:35,Biratnagar Main,Morang,ATM,Cash Withdrawal,Debit Card,Current,8000.0,00,Approved,Success,31,Male,1092
TXN0004112,2024-09-20,22:06:44,Kathmandu Main,Kathmandu,Mobile Banking,Balance Inquiry,N/A,Savings,0.0,00,Approved,Success,33,Male,756
TXN0004113,2024-09-21,06:50:45,Birgunj Branch,Parsa,POS,Refund,Debit Card,Savings,5685.31,00,Approved,Success,26,Male,574
TXN0004114,2024-09-21,07:14:54,Kathmandu Main,Kathmandu,ATM,PIN Change,Debit Card,Savings,0.0,00,Approved,Success,35,Male,1385
TXN0004115,2024-09-21,09:19:43,Nepalgunj Branch,Banke,Mobile Banking,Balance Inquiry,N/A,Savings,0.0,00,Approved,Success,32,Female,459
TXN0004116,2024-09-21,09:37:52,Lalitpur Branch,Lalitpur,Mobile Banking,Bill Payment,N/A,Savings,5100.7,55,Incorrect PIN,Reversed,18,Female,655
TXN0004117,2024-09-21,10:18:45,Lalitpur Branch,Lalitpur,ATM,Cash Withdrawal,Debit Card,Savings,500.0,00,Approved,Success,38,Female,1127
TXN0004118,2024-09-21,13:08:28,Birgunj Branch,Parsa,ATM,Balance Inquiry,Debit Card,Current,0.0,00,Approved,Success,41,Male,394
TXN0004119,2024-09-21,14:04:52,HETAUDA BRANCH,Makwanpur,ATM,Cash Withdrawal,Debit Card,Current,3000.0,51,Insufficient Funds,Reversed,36,Female,913
TXN0004119,2024-09-21,14:04:52,HETAUDA BRANCH,Makwanpur,ATM,Cash Withdrawal,Debit Card,Current,3000.0,51,Insufficient Funds,Reversed,36,Female,913
TXN0004120,2024-09-21,14:09:47,Pokhara Lakeside,Kaski,Mobile Banking,QR Payment,N/A,Current,1619.02,00,Approved,Success,40,Male,571
TXN0004121,2024-09-21,14:20:15,Janakpur Branch,Dhanusha,ATM,PIN Change,Debit Card,Savings,0.0,00,Approved,Success,41,Female,1117
TXN0004122,2024-09-21,15:05:16,Lalitpur Branch,Lalitpur,Internet Banking,Balance Inquiry,N/A,Savings,0.0,00,Approved,Success,41,Male,850
TXN0004123,2024-09-21,15:43:56,Bharatpur Branch,Chitwan,ATM,Balance Inquiry,Debit Card,Fixed Deposit,0.0,00,Approved,Success,30,Male,2041
TXN0004124,2024-09-21,17:42:48,Hetauda Branch,Makwanpur,ATM,Balance Inquiry,Debit Card,Savings,0.0,00,Approved,Success,35,Male,1414
TXN0004125,2024-09-21,17:56:02,New Baneshwor,Kathmandu,ATM,Balance Inquiry,Debit Card,Savings,0.0,00,Approved,Success,46,Female,2169
TXN0004126,2024-09-21,18:06:45,Pokhara Lakeside,Kaski,ATM,Mini Statement,Debit Card,Savings,0.0,00,Approved,Success,18,Male,994
TXN0004127,2024-09-21,19:17:10,Hetauda Branch,Makwanpur,ATM,PIN Change,Debit Card,Savings,0.0,00,Approved,Success,39,Male,1172
TXN0004128,2024-09-21,20:27:10,Dhangadhi Branch,Kailali,Branch Counter,Cash Deposit,N/A,Savings,34659.75,51,Insufficient Funds,Timeout,24,Male,775
TXN0004129,2024-09-21,21:47:08,Janakpur Branch,Dhanusha,ATM,Cash Withdrawal,Debit Card,Savings,2500.0,00,Approved,Success,60,Male,1737
TXN0004130,2024-09-22,03:00:33,Butwal Branch,Rupandehi,ATM,PIN Change,Debit Card,Savings,0.0,61,Exceeds Withdrawal Limit,Failed,23,Male,1512
TXN0004131,2024-09-22,05:11:52,Kathmandu Main,Kathmandu,Internet Banking,Fund Transfer,N/A,Savings,4255.69,00,Approved,Success,38,Male,499
TXN0004132,2024-09-22,09:11:35,Kathmandu Main,Kathmandu,Internet Banking,Fund Transfer,N/A,Current,11433.4,00,Approved,Success,53,Female,811
TXN0004133,2024-09-22,13:03:23,Janakpur Branch,Dhanusha,Mobile Banking,QR Payment,N/A,Savings,718.03,00,Approved,Success,36,Male,588
TXN0004134,2024-09-22,13:44:33,Janakpur Branch,Dhanusha,POS,Refund,Debit Card,Savings,7356.9,00,Approved,Success,51,Male,683
TXN0004135,2024-09-22,13:59:32,Janakpur Branch,Dhanusha,ATM,Mini Statement,Debit Card,Savings,0.0,00,Approved,Success,25,Female,831
TXN0004135,2024-09-22,13:59:32,Janakpur Branch,Dhanusha,ATM,Mini Statement,Debit Card,Savings,0.0,00,Approved,Success,25,Female,831
TXN0004136,2024-09-22,14:02:21,Dharan Branch,Sunsari,Internet Banking,Balance Inquiry,N/A,Savings,0.0,00,Approved,Success,47,Female,392
TXN0004137,2024-09-22,16:26:52,Dhangadhi Branch,Kailali,Mobile Banking,Balance Inquiry,N/A,Savings,0.0,00,Approved,Success,18,Female,812
TXN0004138,2024-09-22,19:13:45,Bharatpur Branch,Chitwan,Internet Banking,Fund Transfer,N/A,Savings,88497.38,00,Approved,Success,48,Male,796
TXN0004139,2024-09-22,19:32:35,Biratnagar Main,Morang,ATM,Mini Statement,Debit Card,Savings,0.0,00,Approved,Success,38,Female,250
TXN0004140,2024-09-22,21:17:00,Dhangadhi Branch,Kailali,Mobile Banking,Bill Payment,N/A,Savings,1143.26,00,Approved,Success,39,Female,625
TXN0004141,2024-09-22,23:21:01,Itahari Branch,Sunsari,ATM,PIN Change,Debit Card,Savings,0.0,00,Approved,Success,35,Female,756
TXN0004142,2024-09-23,11:21:22,Bharatpur Branch,Chitwan,POS,Refund,Debit Card,Savings,7130.28,00,Approved,Success,18,Female,696
TXN0004143,2024-09-23,12:32:44,Dharan Branch,Sunsari,Internet Banking,Bill Payment,N/A,Savings,2279.91,51,Insufficient Funds,Failed,18,Female,812
TXN0004144,2024-09-23,13:31:16,Nepalgunj Branch,Banke,Mobile Banking,Bill Payment,N/A,Savings,6089.66,00,Approved,Success,28,Female,546
TXN0004145,2024-09-23,15:00:01,Itahari Branch,Sunsari,ATM,Balance Inquiry,Debit Card,Savings,0.0,00,Approved,Success,38,Female,993
TXN0004145,2024-09-23,15:00:01,Itahari Branch,Sunsari,ATM,Balance Inquiry,Debit Card,Savings,0.0,00,Approved,Success,38,Female,993
TXN0004146,2024-09-23,15:04:24,Butwal Branch,Rupandehi,POS,Refund,Debit Card,Savings,7705.63,00,Approved,Success,18,Female,786
TXN0004147,2024-09-23,15:59:11,Bharatpur Branch,Chitwan,POS,Purchase,Debit Card,Savings,4901.92,00,Approved,Success,18,Female,80
TXN0004148,2024-09-23,17:09:37,Birgunj Branch,Parsa,Mobile Banking,Fund Transfer,N/A,Savings,52715.0,00,Approved,Success,27,Male,518
TXN0004149,2024-09-23,19:03:56,Hetauda Branch,Makwanpur,Internet Banking,Balance Inquiry,N/A,Savings,0.0,00,Approved,Success,42,Male,859
TXN0004150,2024-09-23,21:10:12,Bhaktapur Branch,Bhaktapur,Mobile Banking,Bill Payment,N/A,Current,8656.55,00,Approved,Success,27,Male,558
TXN0004151,2024-09-24,00:13:58,Bhaktapur Branch,Bhaktapur,ATM,Cash Withdrawal,Credit Card,Savings,5000.0,00,Approved,Success,0,Female,1800
TXN0004152,2024-09-24,04:40:00,Butwal Branch,Rupandehi,Mobile Banking,Fund Transfer,N/A,Savings,22115.53,00,Approved,Success,28,Male,868
TXN0004153,2024-09-24,08:44:11,New Baneshwor,Kathmandu,Mobile Banking,Balance Inquiry,N/A,Savings,0.0,00,Approved,Success,60,Female,626
TXN0004154,2024-09-24,09:06:53,Pokhara Lakeside,Kaski,Internet Banking,Bill Payment,N/A,Savings,4468.37,00,Approved,Success,50,Male,520
TXN0004155,2024-09-24,10:42:56,Janakpur Branch,Dhanusha,Mobile Banking,Mobile Top-up,N/A,Savings,100.0,00,Approved,Success,34,Male,144
TXN0004156,2024-09-24,10:50:09,Birgunj Branch,Parsa,POS,Purchase,Debit Card,Savings,10113.06,00,Approved,Success,22,Female,430
TXN0004157,2024-09-24,11:19:13,Lalitpur Branch,Lalitpur,ATM,PIN Change,Debit Card,Savings,0.0,00,Approved,Success,,Male,1159
TXN0004158,2024-09-24,12:19:33,Itahari Branch,Sunsari,POS,Purchase,Debit Card,Savings,7839.02,00,Approved,Success,31,Male,617
TXN0004159,2024-09-24,13:04:08,Birgunj Branch,Parsa,Internet Banking,Statement Download,N/A,Savings,0.0,00,Approved,Success,18,Female,502
TXN0004160,2024-09-24,13:17:28,Pokhara Lakeside,Kaski,Mobile Banking,Fund Transfer,N/A,Fixed Deposit,35295.13,00,Approved,Success,30,Female,392
TXN0004161,2024-09-24,14:50:24,Butwal Branch,Rupandehi,Internet Banking,Statement Download,N/A,Savings,0.0,00,Approved,Success,18,Female,685
TXN0004162,2024-09-24,16:51:13,Hetauda Branch,Makwanpur,ATM,PIN Change,Credit Card,Savings,0.0,00,Approved,Success,54,Female,387
TXN0004163,2024-09-24,17:29:30,Dharan Branch,Sunsari,ATM,Balance Inquiry,Debit Card,Savings,0.0,00,Approved,Success,43,Male,1805
TXN0004164,2024-09-24,17:42:40,Pokhara Lakeside,Kaski,Branch Counter,Cash Deposit,N/A,Savings,81655.84,00,Approved,Success,49,Male,80
TXN0004165,2024-09-24,18:48:35,Kathmandu Main,Kathmandu,POS,Refund,Debit Card,Savings,8651.84,00,Approved,Success,21,Male,536
TXN0004166,2024-09-24,20:26:30,Bhaktapur Branch,Bhaktapur,ATM,Balance Inquiry,Debit Card,Savings,0.0,51,Insufficient Funds,Timeout,32,Female,1048
TXN0004167,2024-09-25,02:00:15,Bhaktapur Branch,Bhaktapur,POS,Refund,Debit Card,Savings,4022.59,00,Approved,Success,32,Female,525
TXN0004168,2024-09-25,07:04:19,Janakpur Branch,Dhanusha,ATM,Balance Inquiry,Debit Card,Savings,0.0,00,Approved,Success,31,Female,1918
TXN0004169,2024-09-25,07:23:53,Kathmandu Main,Kathmandu,POS,Refund,Debit Card,Fixed Deposit,430.78,00,Approved,Success,35,Male,434
TXN0004170,2024-09-25,08:16:42,Hetauda Branch,Makwanpur,ATM,Cash Withdrawal,Debit Card,Savings,2500.0,00,Approved,Success,50,Female,708
TXN0004171,2024-09-25,08:25:13,Dhangadhi Branch,Kailali,ATM,Cash Withdrawal,Debit Card,Savings,8000.0,00,Approved,Success,21,Female,1646
TXN0004172,2024-09-25,09:04:08,Bharatpur Branch,Chitwan,ATM,Balance Inquiry,Prepaid Card,Savings,0.0,00,Approved,Success,40,Male,1637
TXN0004173,2024-09-25,09:18:01,Biratnagar Main,Morang,Mobile Banking,Balance Inquiry,N/A,Current,0.0,00,Approved,Success,35,Female,566
TXN0004174,2024-09-25,10:33:34,Lalitpur Branch,Lalitpur,ATM,Balance Inquiry,Debit Card,Current,0.0,51,Insufficient Funds,Timeout,29,Male,716
TXN0004175,2024-09-25,11:43:20,Lalitpur Branch,Lalitpur,Mobile Banking,Mobile Top-up,N/A,Savings,50.0,00,Approved,Success,18,Male,618
TXN0004176,2024-09-25,12:03:54,Bhaktapur Branch,Bhaktapur,Mobile Banking,Bill Payment,N/A,Savings,10210.06,00,Approved,Success,71,Male,107
TXN0004177,2024-09-25,14:49:25,Pokhara Lakeside,Kaski,Mobile Banking,Fund Transfer,N/A,Savings,4971.41,00,Approved,Success,42,Female,175
TXN0004178,2024-09-25,14:56:16,Kathmandu Main,Kathmandu,Internet Banking,Statement Download,N/A,Savings,0.0,00,Approved,Success,29,Female,493
TXN0004179,2024-09-25,15:57:34,Lalitpur Branch,Lalitpur,Mobile Banking,Balance Inquiry,N/A,Current,0.0,00,Approved,Success,40,Male,268
TXN0004180,2024-09-25,16:25:42,Itahari Branch,Sunsari,ATM,Balance Inquiry,Debit Card,Savings,0.0,00,Approved,Success,32,Female,654
TXN0004181,2024-09-25,19:18:39,Janakpur Branch,Dhanusha,Mobile Banking,QR Payment,N/A,Savings,3667.51,00,Approved,Success,51,Female,522
TXN0004182,2024-09-25,22:02:35,Bharatpur Branch,Chitwan,Mobile Banking,Fund Transfer,N/A,Savings,45961.59,00,Approved,Success,41,Female,469
TXN0004183,2024-09-25,22:17:01,Kathmandu Main,Kathmandu,mobile banking,Fund Transfer,N/A,Savings,39758.03,00,Approved,Success,21,Female,553
TXN0004184,2024-09-26,08:59:18,Kathmandu Main,Kathmandu,ATM,Balance Inquiry,Debit Card,Savings,0.0,00,Approved,Success,28,Female,1479
TXN0004185,2024-09-26,09:50:09,Itahari Branch,Sunsari,POS,Purchase,Prepaid Card,Savings,1438.28,00,Approved,Success,24,Female,471
TXN0004186,2024-09-26,11:33:45,Dharan Branch,Sunsari,Mobile Banking,QR Payment,N/A,Savings,4778.94,55,Incorrect PIN,Failed,18,Male,507
TXN0004187,2024-09-26,11:38:53,Dharan Branch,Sunsari,Mobile Banking,Balance Inquiry,N/A,Fixed Deposit,0.0,00,Approved,Success,45,Male,767
TXN0004188,2024-09-26,12:02:45,Dhangadhi Branch,Kailali,Internet Banking,Statement Download,N/A,Current,0.0,51,Insufficient Funds,Reversed,26,Male,286
TXN0004189,2024-09-26,12:59:26,Lalitpur Branch,Lalitpur,ATM,Cash Withdrawal,Debit Card,Savings,8000.0,00,Approved,Success,41,Female,1381
TXN0004190,2024-09-26,13:32:55,Dharan Branch,Sunsari,ATM,Cash Withdrawal,Debit Card,Savings,2000.0,00,Approved,Success,18,Female,1613
TXN0004191,2024-09-26,14:41:04,Bharatpur Branch,Chitwan,POS,Purchase,Debit Card,Savings,2980.16,00,Approved,Success,38,Male,683
TXN0004192,2024-09-26,14:55:58,Itahari Branch,Sunsari,POS,Refund,Debit Card,Current,4374.65,00,Approved,Success,42,Male,695
TXN0004193,2024-09-26,15:16:44,Biratnagar Main,Morang,ATM,Mini Statement,Prepaid Card,Current,0.0,00,Approved,Success,18,Female,1295
TXN0004194,2024-09-26,15:29:33,New Baneshwor,Kathmandu,ATM,Mini Statement,Credit Card,Savings,0.0,00,Approved,Success,,Male,1344
TXN0004195,2024-09-26,15:38:32,Itahari Branch,Sunsari,Mobile Banking,QR Payment,N/A,Current,3808.82,51,Insufficient Funds,Reversed,29,Male,561
TXN0004196,2024-09-26,15:44:32,Nepalgunj Branch,Banke,Mobile Banking,QR Payment,N/A,Savings,762.42,00,Approved,Success,26,Male,756
TXN0004197,2024-09-26,16:45:25,Janakpur Branch,Dhanusha,POS,Refund,Debit Card,Savings,6160.85,00,Approved,Success,18,Female,456
TXN0004198,2024-09-26,18:33:27,New Baneshwor,Kathmandu,Mobile Banking,QR Payment,N/A,Savings,2214.91,51,Insufficient Funds,Reversed,24,Female,1284
TXN0004199,2024-09-26,23:28:28,Itahari Branch,Sunsari,ATM,Cash Withdrawal,Debit Card,Fixed Deposit,15000.0,00,Approved,Success,40,Female,1038
TXN0004200,2024-09-27,03:31:42,Itahari Branch,Sunsari,ATM,PIN Change,Debit Card,Savings,0.0,00,Approved,Success,35,Female,1049
TXN0004201,2024-09-27,05:32:06,Hetauda Branch,Makwanpur,ATM,PIN Change,Debit Card,Current,0.0,51,Insufficient Funds,Reversed,53,Male,897
TXN0004202,2024-09-27,09:30:39,Bharatpur Branch,Chitwan,POS,Purchase,Debit Card,Savings,11773.52,00,Approved,Success,33,Male,497
TXN0004203,2024-09-27,09:39:31,Kathmandu Main,Kathmandu,ATM,Mini Statement,Debit Card,Current,0.0,00,Approved,Success,31,Male,1307
TXN0004204,2024-09-27,10:04:09,Birgunj Branch,Parsa,ATM,Balance Inquiry,Debit Card,Current,0.0,14,Invalid Card,Timeout,39,Female,1614
TXN0004205,2024-09-27,10:17:32,Dharan Branch,Sunsari,Internet Banking,Bill Payment,N/A,Savings,8845.24,00,Approved,Success,38,Male,810
TXN0004206,2024-09-27,10:19:34,Itahari Branch,Sunsari,Mobile Banking,Balance Inquiry,N/A,Savings,0.0,00,Approved,Success,33,Male,390
TXN0004207,2024-09-27,11:06:50,Janakpur Branch,Dhanusha,Branch Counter,Cash Deposit,N/A,Fixed Deposit,22489.27,00,Approved,Success,47,Male,1273
TXN0004208,2024-09-27,11:32:33,Bhaktapur Branch,Bhaktapur,POS,Refund,Debit Card,Savings,3898.77,00,Approved,Success,55,Female,719
TXN0004209,2024-09-27,11:44:07,Nepalgunj Branch,Banke,Mobile Banking,Fund Transfer,N/A,Savings,87924.31,00,Approved,Success,26,Female,733
TXN0004210,2024-09-27,12:00:10,Biratnagar Main,Morang,Branch Counter,Cash Withdrawal,N/A,Current,20000.0,00,Approved,Success,48,Male,752
TXN0004211,2024-09-27,12:14:27,Kathmandu Main,Kathmandu,Internet Banking,Bill Payment,N/A,Savings,1888.94,00,Approved,Success,30,Female,304
TXN0004212,2024-09-27,12:43:15,Itahari Branch,Sunsari,ATM,Cash Withdrawal,Debit Card,Savings,3000.0,00,Approved,Success,38,Female,619
TXN0004213,2024-09-27,12:50:17,Hetauda Branch,Makwanpur,Mobile Banking,Mobile Top-up,N/A,Savings,100.0,00,Approved,Success,32,Female,642
TXN0004214,2024-09-27,12:51:53,New Baneshwor,Kathmandu,POS,Purchase,Debit Card,Savings,686.39,00,Approved,Success,35,Female,546
TXN0004215,2024-09-27,13:02:56,Birgunj Branch,Parsa,Internet Banking,Bill Payment,N/A,Fixed Deposit,10114.36,00,Approved,Success,35,Female,456
TXN0004216,2024-09-27,13:53:27,Janakpur Branch,Dhanusha,POS,Refund,Debit Card,Savings,5524.5,00,Approved,Success,50,Male,519
TXN0004217,2024-09-27,13:59:11,Nepalgunj Branch,Banke,ATM,PIN Change,Debit Card,Savings,0.0,51,Insufficient Funds,Failed,28,Female,2058
TXN0004218,2024-09-27,14:17:55,Birgunj Branch,Parsa,ATM,Cash Withdrawal,Debit Card,Savings,2500.0,00,Approved,Success,40,Female,491
TXN0004219,2024-09-27,14:54:58,Hetauda Branch,Makwanpur,POS,Refund,Debit Card,Fixed Deposit,2697.51,00,Approved,Success,27,Male,188
TXN0004220,2024-09-27,15:31:32,New Baneshwor,Kathmandu,ATM,Balance Inquiry,Debit Card,Savings,0.0,96,System Malfunction,Timeout,46,Female,1199
TXN0004221,2024-09-27,20:58:01,Bhaktapur Branch,Bhaktapur,Internet Banking,Fund Transfer,N/A,Savings,51618.72,00,Approved,Success,30,Female,528
TXN0004222,2024-09-28,07:31:52,Nepalgunj Branch,Banke,Internet Banking,Balance Inquiry,N/A,Savings,0.0,51,Insufficient Funds,Reversed,35,Male,785
TXN0004223,2024-09-28,08:34:36,Pokhara Lakeside,Kaski,ATM,Balance Inquiry,Debit Card,Savings,0.0,00,Approved,Success,43,,851
TXN0004224,2024-09-28,10:27:40,Bharatpur Branch,Chitwan,ATM,Balance Inquiry,Debit Card,Savings,0.0,55,Incorrect PIN,Timeout,46,Male,823
TXN0004225,2024-09-28,11:37:09,Nepalgunj Branch,Banke,POS,Purchase,Credit Card,Savings,899.94,00,Approved,Success,57,Male,380
TXN0004226,2024-09-28,13:26:48,Nepalgunj Branch,Banke,ATM,Mini Statement,Debit Card,Savings,0.0,00,Approved,Success,29,Female,1029
TXN0004227,2024-09-28,13:39:46,Kathmandu Main,Kathmandu,Mobile Banking,Balance Inquiry,N/A,Current,0.0,00,Approved,Success,42,Female,513
TXN0004228,2024-09-28,13:41:07,Hetauda Branch,Makwanpur,ATM,Mini Statement,Debit Card,Savings,0.0,00,Approved,Success,26,Male,913
TXN0004229,2024-09-28,14:09:38,Bharatpur Branch,Chitwan,Branch Counter,Cash Deposit,N/A,Savings,16758.9,00,Approved,Success,20,Female,389
TXN0004230,2024-09-28,19:04:31,  Itahari Branch  ,Sunsari,ATM,PIN Change,Debit Card,Savings,0.0,91,Issuer Unavailable,Reversed,27,Female,1097
TXN0004231,2024-09-28,20:44:55,Kathmandu Main,Kathmandu,ATM,Mini Statement,Debit Card,Savings,0.0,00,Approved,Success,18,Male,1487
TXN0004232,2024-09-28,22:37:12,Lalitpur Branch,Lalitpur,ATM,Mini Statement,Debit Card,Savings,0.0,00,Approved,Success,43,Male,718
TXN0004233,2024-09-29,05:33:09,Hetauda Branch,Makwanpur,POS,Refund,Debit Card,Savings,1932.1,00,Approved,Success,53,Female,432
TXN0004234,2024-09-29,08:48:50,  Itahari Branch  ,Sunsari,ATM,Balance Inquiry,Debit Card,Savings,0.0,00,Approved,Success,48,Male,1058
TXN0004235,2024-09-29,09:22:59,Bhaktapur Branch,Bhaktapur,Mobile Banking,QR Payment,N/A,Savings,4758.31,00,Approved,Success,46,Female,501
TXN0004236,2024-09-29,09:31:20,Biratnagar Main,Morang,ATM,Balance Inquiry,Debit Card,Fixed Deposit,0.0,00,Approved,Success,37,Male,1620
TXN0004237,2024-09-29,10:26:38,Pokhara Lakeside,Kaski,ATM,PIN Change,Debit Card,Savings,0.0,00,Approved,Success,29,Male,1120
TXN0004238,2024-09-29,10:42:28,Hetauda Branch,Makwanpur,Mobile Banking,Fund Transfer,N/A,Savings,59545.88,00,Approved,Success,39,Female,468
TXN0004239,2024-09-29,11:54:03,Pokhara Lakeside,Kaski,ATM,Balance Inquiry,Debit Card,Savings,0.0,00,Approved,Success,38,Female,978
TXN0004240,2024-09-29,12:33:15,Biratnagar Main,Morang,POS,Refund,Credit Card,Savings,8962.63,51,Insufficient Funds,Reversed,28,Female,709
TXN0004241,2024-09-29,13:23:55,HETAUDA BRANCH,Makwanpur,POS,Purchase,Debit Card,Savings,9091.77,00,Approved,Success,51,Female,339
TXN0004242,2024-09-29,13:44:48,Bhaktapur Branch,Bhaktapur,Internet Banking,Statement Download,N/A,Savings,0.0,00,Approved,Success,37,Female,118
TXN0004243,2024-09-29,14:20:44,Dhangadhi Branch,Kailali,Mobile Banking,Bill Payment,N/A,Savings,11977.64,00,Approved,Success,31,Male,187
TXN0004244,2024-09-29,14:29:30,Hetauda Branch,Makwanpur,POS,Refund,Debit Card,Savings,5447.42,00,Approved,Success,18,Male,309
TXN0004245,2024-09-29,18:02:21,Hetauda Branch,Makwanpur,Internet Banking,Statement Download,N/A,Savings,0.0,00,Approved,Success,26,Male,677
TXN0004246,2024-09-29,22:49:39,Janakpur Branch,Dhanusha,ATM,Balance Inquiry,Debit Card,Savings,0.0,00,Approved,Success,43,Male,787
TXN0004247,2024-09-30,01:17:10,  Dhangadhi Branch  ,Kailali,ATM,PIN Change,Debit Card,Current,0.0,00,Approved,Success,42,Female,755
TXN0004248,2024-09-30,04:20:23,Dharan Branch,Sunsari,ATM,Balance Inquiry,Debit Card,Current,0.0,00,Approved,Success,18,Female,1344
TXN0004249,2024-09-30,06:48:38,Birgunj Branch,Parsa,POS,Purchase,Debit Card,Fixed Deposit,13852.77,00,Approved,Success,30,Female,336
TXN0004250,2024-09-30,07:02:33,Birgunj Branch,Parsa,POS,Purchase,Debit Card,Savings,12730.17,91,Issuer Unavailable,Reversed,33,Male,324
TXN0004251,2024-09-30,07:59:35,Nepalgunj Branch,Banke,Mobile Banking,Fund Transfer,N/A,Current,82284.19,51,Insufficient Funds,Failed,39,Female,557
TXN0004252,2024-09-30,09:04:57,Itahari Branch,Sunsari,Mobile Banking,QR Payment,N/A,Savings,1452.86,00,Approved,Success,40,Female,729
TXN0004253,2024-09-30,09:12:02,Biratnagar Main,Morang,ATM,Balance Inquiry,Debit Card,Savings,0.0,00,Approved,Success,59,Female,1269
TXN0004254,2024-09-30,09:38:07,Nepalgunj Branch,Banke,Internet Banking,Fund Transfer,N/A,Savings,22135.55,00,Approved,Success,32,Female,585
TXN0004255,2024-09-30,09:39:16,Birgunj Branch,Parsa,Mobile Banking,Balance Inquiry,N/A,Savings,0.0,00,Approved,Success,22,Male,810
TXN0004256,2024-09-30,09:43:04,Birgunj Branch,Parsa,Internet Banking,Fund Transfer,N/A,Current,48251.94,00,Approved,Success,57,Female,628
TXN0004257,2024-09-30,10:20:13,Hetauda Branch,Makwanpur,ATM,PIN Change,Debit Card,Savings,0.0,00,Approved,Success,43,Male,1535
TXN0004258,2024-09-30,11:06:39,Janakpur Branch,Dhanusha,Mobile Banking,QR Payment,N/A,Fixed Deposit,3917.58,00,Approved,Success,18,Female,756
TXN0004259,2024-09-30,11:11:06,Bhaktapur Branch,Bhaktapur,ATM,Mini Statement,Debit Card,Savings,0.0,00,Approved,Success,25,Male,368
TXN0004260,2024-09-30,11:20:59,Dhangadhi Branch,Kailali,POS,Purchase,Debit Card,Savings,12755.04,00,Approved,Success,31,Male,562
TXN0004261,2024-09-30,11:43:07,Birgunj Branch,Parsa,Mobile Banking,Balance Inquiry,N/A,Current,0.0,00,Approved,Success,49,Male,589
TXN0004262,2024-09-30,12:41:26,Biratnagar Main,Morang,ATM,Balance Inquiry,Debit Card,Savings,0.0,00,Approved,Success,46,Female,674
TXN0004263,2024-09-30,13:54:59,Itahari Branch,Sunsari,POS,Purchase,Debit Card,Savings,10300.98,61,Exceeds Withdrawal Limit,Failed,29,Male,489
TXN0004264,2024-09-30,14:43:16,Birgunj Branch,Parsa,Branch Counter,Account Opening,N/A,Savings,0.0,00,Approved,Success,41,Female,990
TXN0004265,2024-09-30,14:46:43,Dharan Branch,Sunsari,Internet Banking,Bill Payment,N/A,Savings,485.67,00,Approved,Success,32,Male,549
TXN0004266,2024-09-30,15:00:57,Birgunj Branch,Parsa,Mobile Banking,Bill Payment,N/A,Savings,4573.99,00,Approved,Success,46,Male,676
TXN0004267,2024-09-30,15:52:24,Biratnagar Main,Morang,ATM,PIN Change,Credit Card,Current,0.0,00,Approved,Success,55,Male,1553
TXN0004268,2024-09-30,16:20:58,Butwal Branch,Rupandehi,Mobile Banking,Balance Inquiry,N/A,Savings,0.0,00,Approved,Success,18,Female,695
TXN0004269,2024-09-30,19:53:18,Dhangadhi Branch,Kailali,Mobile Banking,Fund Transfer,N/A,Savings,99349.68,91,Issuer Unavailable,Failed,20,Male,238
TXN0004270,2024-09-30,21:43:15,Kathmandu Main,Kathmandu,POS,Purchase,Debit Card,Savings,8320.84,00,Approved,Success,24,Female,829
TXN0004271,2024-10-01,03:08:17,Nepalgunj Branch,Banke,Branch Counter,Cash Withdrawal,N/A,Savings,10000.0,00,Approved,Success,41,Female,507
TXN0004272,2024-10-01,07:38:10,Janakpur Branch,Dhanusha,Branch Counter,Fund Transfer,N/A,Savings,12926.85,00,Approved,Success,38,Female,930
TXN0004273,2024-10-01,10:11:56,Kathmandu Main,Kathmandu,ATM,PIN Change,Debit Card,Current,0.0,91,Issuer Unavailable,Reversed,43,Male,1065
TXN0004274,2024-10-01,13:01:13,Bhaktapur Branch,Bhaktapur,Internet Banking,Statement Download,N/A,Current,0.0,51,Insufficient Funds,Failed,40,Female,418
TXN0004275,2024-10-01,13:03:28,Dhangadhi Branch,Kailali,POS,Refund,Debit Card,Savings,8653.05,00,Approved,Success,39,Male,520
TXN0004276,2024-10-01,17:35:47,Birgunj Branch,Parsa,Mobile Banking,Mobile Top-up,N/A,Current,1000.0,00,Approved,Success,34,Male,402
TXN0004277,2024-10-01,19:58:33,Nepalgunj Branch,Banke,Mobile Banking,Fund Transfer,N/A,Savings,20569.69,00,Approved,Success,21,Female,769
TXN0004278,2024-10-02,06:46:04,Birgunj Branch,Parsa,Mobile Banking,Balance Inquiry,N/A,Savings,0.0,51,Insufficient Funds,Reversed,48,Male,450
TXN0004279,2024-10-02,07:01:53,Bhaktapur Branch,Bhaktapur,Internet Banking,Statement Download,N/A,Current,0.0,00,Approved,Success,42,Female,475
TXN0004280,2024-10-02,07:09:58,Butwal Branch,Rupandehi,Internet Banking,Fund Transfer,N/A,Savings,655.68,00,Approved,Success,47,Male,935
TXN0004281,2024-10-02,07:49:13,Bhaktapur Branch,Bhaktapur,POS,Refund,Debit Card,Savings,2958.02,00,Approved,Success,49,Female,537
TXN0004282,2024-10-02,10:05:58,Butwal Branch,Rupandehi,ATM,PIN Change,Credit Card,Savings,0.0,00,Approved,Success,23,Male,873
TXN0004283,2024-10-02,10:26:54,Butwal Branch,Rupandehi,ATM,Balance Inquiry,Debit Card,Current,0.0,00,Approved,Success,36,Male,548
TXN0004284,2024-10-02,11:01:04,Bhaktapur Branch,Bhaktapur,ATM,Balance Inquiry,Debit Card,Savings,0.0,00,Approved,Success,45,Female,1403
TXN0004285,2024-10-02,11:04:45,Butwal Branch,Rupandehi,ATM,Cash Withdrawal,Debit Card,Savings,8000.0,00,Approved,Success,46,Female,1110
TXN0004286,2024-10-02,11:12:43,Itahari Branch,Sunsari,ATM,Cash Withdrawal,Debit Card,Savings,1000.0,00,Approved,Success,25,Male,581
TXN0004287,2024-10-02,11:40:48,New Baneshwor,Kathmandu,Mobile Banking,Balance Inquiry,N/A,Savings,0.0,00,Approved,Success,41,Female,1034
TXN0004288,2024-10-02,11:47:01,Janakpur Branch,Dhanusha,ATM,Cash Withdrawal,Debit Card,Savings,2000.0,00,Approved,Success,47,Male,1421
TXN0004289,2024-10-02,13:15:35,BHARATPUR BRANCH,Chitwan,ATM,PIN Change,Debit Card,Savings,0.0,00,Approved,Success,35,Female,970
TXN0004290,2024-10-02,14:11:58,Butwal Branch,Rupandehi,Internet Banking,Balance Inquiry,N/A,Savings,0.0,00,Approved,Success,18,Male,388
TXN0004291,2024-10-02,15:15:51,Dhangadhi Branch,Kailali,POS,Purchase,Debit Card,Savings,14382.99,00,Approved,Success,21,Female,487
TXN0004292,2024-10-02,15:20:28,Bharatpur Branch,Chitwan,Mobile Banking,Fund Transfer,N/A,Fixed Deposit,78460.07,91,Issuer Unavailable,Timeout,30,Female,385
TXN0004293,2024-10-02,15:54:37,Birgunj Branch,Parsa,Mobile Banking,Mobile Top-up,N/A,Fixed Deposit,1000.0,00,Approved,Success,30,Male,928
TXN0004294,2024-10-02,15:59:10,New Baneshwor,Kathmandu,Mobile Banking,Balance Inquiry,N/A,Fixed Deposit,0.0,00,Approved,Success,18,Female,98
TXN0004295,2024-10-02,17:09:33,Janakpur Branch,Dhanusha,Mobile Banking,QR Payment,N/A,Savings,4772.02,00,Approved,Success,42,Male,489
TXN0004296,2024-10-02,17:14:44,Pokhara Lakeside,Kaski,ATM,Mini Statement,Debit Card,Current,0.0,00,Approved,Success,18,Male,1245
TXN0004297,2024-10-02,17:51:07,Nepalgunj Branch,Banke,POS,Purchase,Debit Card,Savings,11020.25,00,Approved,Success,29,Female,445
TXN0004298,2024-10-02,18:27:39,New Baneshwor,Kathmandu,POS,Purchase,Debit Card,Savings,11714.1,00,Approved,Success,18,Female,348
TXN0004299,2024-10-02,18:37:59,Hetauda Branch,Makwanpur,ATM,PIN Change,Prepaid Card,Savings,0.0,00,Approved,Success,31,Female,1611
TXN0004300,2024-10-02,19:35:16,Janakpur Branch,Dhanusha,ATM,Cash Withdrawal,Debit Card,Savings,10000.0,00,Approved,Success,41,Male,714
TXN0004301,2024-10-02,20:08:01,Bhaktapur Branch,Bhaktapur,Branch Counter,Fund Transfer,N/A,Savings,49547.28,00,Approved,Success,35,Male,873
TXN0004302,2024-10-02,21:58:59,Butwal Branch,Rupandehi,POS,Refund,Debit Card,Savings,9232.68,00,Approved,Success,39,Female,615
TXN0004303,2024-10-02,22:15:55,Dhangadhi Branch,Kailali,Mobile Banking,Balance Inquiry,N/A,Savings,0.0,00,Approved,Success,,Male,187
TXN0004304,2024-10-03,00:00:17,New Baneshwor,Kathmandu,ATM,Balance Inquiry,Credit Card,Savings,0.0,00,Approved,Success,33,Male,926
TXN0004305,2024-10-03,07:59:57,New Baneshwor,Kathmandu,Internet Banking,Fund Transfer,N/A,Savings,84182.23,00,Approved,Success,25,Female,302
TXN0004306,2024-10-03,08:01:19,Itahari Branch,Sunsari,Mobile Banking,Mobile Top-up,N/A,Savings,100.0,00,Approved,Success,42,Male,418
TXN0004307,2024-10-03,09:15:23,Bhaktapur Branch,Bhaktapur,POS,Purchase,Debit Card,Fixed Deposit,8457.35,00,Approved,Success,52,Male,675
TXN0004308,2024-10-03,09:48:51,Itahari Branch,Sunsari,ATM,PIN Change,Debit Card,Savings,0.0,00,Approved,Success,25,Female,746
TXN0004309,2024-10-03,10:10:50,Janakpur Branch,Dhanusha,Mobile Banking,Mobile Top-up,N/A,Savings,50.0,00,Approved,Success,33,Female,981
TXN0004310,2024-10-03,11:00:48,Hetauda Branch,Makwanpur,Branch Counter,Cash Withdrawal,N/A,Savings,500.0,91,Issuer Unavailable,Reversed,18,Female,514
TXN0004311,2024-10-03,11:32:00,Biratnagar Main,Morang,POS,Purchase,Debit Card,Current,8885.05,00,Approved,Success,44,Male,819
TXN0004312,2024-10-03,11:42:44,Lalitpur Branch,Lalitpur,ATM,PIN Change,Debit Card,Savings,0.0,00,Approved,Success,32,Male,592
TXN0004313,2024-10-03,11:47:20,Lalitpur Branch,Lalitpur,POS,Refund,Debit Card,Savings,529.62,00,Approved,Success,18,Male,582
TXN0004314,2024-10-03,11:54:33,Birgunj Branch,Parsa,pos,Refund,Debit Card,Savings,624.86,00,Approved,Success,36,Male,421
TXN0004315,2024-10-03,11:54:48,Biratnagar Main,Morang,Internet Banking,Balance Inquiry,N/A,Savings,0.0,00,Approved,Success,38,Female,554
TXN0004316,2024-10-03,12:22:31,Butwal Branch,Rupandehi,Mobile Banking,Fund Transfer,N/A,Savings,10141.43,00,Approved,Success,18,Male,239
TXN0004317,2024-10-03,13:01:33,Biratnagar Main,Morang,POS,Refund,Credit Card,Current,1709.22,51,Insufficient Funds,Timeout,37,Male,805
TXN0004318,2024-10-03,13:42:25,Janakpur Branch,Dhanusha,POS,Purchase,Debit Card,Savings,3234.67,55,Incorrect PIN,Timeout,41,Male,634
TXN0004319,2024-10-03,13:53:52,Biratnagar Main,Morang,Mobile Banking,QR Payment,N/A,Savings,433.52,00,Approved,Success,26,Female,587
TXN0004320,2024-10-03,15:18:29,Nepalgunj Branch,Banke,POS,Purchase,Debit Card,Savings,14108.32,00,Approved,Success,42,Male,330
TXN0004321,2024-10-03,15:30:56,Janakpur Branch,Dhanusha,ATM,Balance Inquiry,Debit Card,Current,0.0,00,Approved,Success,31,Female,822
TXN0004322,2024-10-03,15:38:05,Itahari Branch,Sunsari,Mobile Banking,Balance Inquiry,N/A,Current,0.0,00,Approved,Success,48,Female,771
TXN0004323,2024-10-03,16:04:15,Lalitpur Branch,Lalitpur,Mobile Banking,QR Payment,N/A,Savings,1234.44,00,Approved,Success,25,Female,706
TXN0004324,2024-10-03,16:25:45,Hetauda Branch,Makwanpur,ATM,Mini Statement,Debit Card,Savings,0.0,00,Approved,Success,20,Male,1530
TXN0004325,2024-10-03,16:37:11,Hetauda Branch,Makwanpur,Mobile Banking,Bill Payment,N/A,Savings,1940.45,00,Approved,Success,33,Male,810
TXN0004326,2024-10-03,16:41:08,Dharan Branch,Sunsari,ATM,Mini Statement,Debit Card,Savings,0.0,00,Approved,Success,31,Male,1164
TXN0004327,2024-10-03,17:38:55,Bharatpur Branch,Chitwan,branch counter,Fund Transfer,N/A,Savings,29158.14,00,Approved,Success,42,Male,962
TXN0004328,2024-10-03,18:25:13,  New Baneshwor  ,Kathmandu,Branch Counter,Cash Withdrawal,N/A,Savings,5000.0,55,Incorrect PIN,Failed,21,Male,501
TXN0004329,2024-10-03,20:31:18,Biratnagar Main,Morang,Internet Banking,Statement Download,N/A,Savings,0.0,00,Approved,Success,40,Female,811
TXN0004330,2024-10-03,21:04:34,Butwal Branch,Rupandehi,ATM,Balance Inquiry,Credit Card,Current,0.0,00,Approved,Success,33,Male,1056
TXN0004331,2024-10-03,21:28:22,Dharan Branch,Sunsari,ATM,PIN Change,Debit Card,Savings,0.0,00,Approved,Success,32,Female,808
TXN0004332,2024-10-03,21:39:54,Janakpur Branch,Dhanusha,POS,Purchase,Debit Card,Savings,7393.58,00,Approved,Success,53,Male,738
TXN0004333,2024-10-04,08:38:02,Hetauda Branch,Makwanpur,ATM,PIN Change,Debit Card,Savings,0.0,00,Approved,Success,18,Male,1166
TXN0004334,2024-10-04,09:28:10,Birgunj Branch,Parsa,ATM,PIN Change,Credit Card,Savings,0.0,00,Approved,Success,20,Female,476
TXN0004335,2024-10-04,09:45:03,Bhaktapur Branch,Bhaktapur,ATM,Balance Inquiry,Debit Card,Savings,0.0,00,Approved,Success,28,Female,1333
TXN0004336,2024-10-04,10:33:29,Biratnagar Main,Morang,Internet Banking,Bill Payment,N/A,Savings,6883.73,00,Approved,Success,45,Female,915
TXN0004336,2024-10-04,10:33:29,Biratnagar Main,Morang,Internet Banking,Bill Payment,N/A,Savings,6883.73,00,Approved,Success,45,Female,915
TXN0004337,2024-10-04,11:29:14,Biratnagar Main,Morang,ATM,PIN Change,Debit Card,Savings,0.0,00,Approved,Success,52,Male,1254
TXN0004338,2024-10-04,12:11:26,Janakpur Branch,Dhanusha,Mobile Banking,Bill Payment,N/A,Savings,6069.03,00,Approved,Success,52,Female,503
TXN0004339,2024-10-04,12:18:07,Bhaktapur Branch,Bhaktapur,Branch Counter,Account Opening,N/A,Current,0.0,00,Approved,Success,34,Female,852
TXN0004340,2024-10-04,12:22:20,Pokhara Lakeside,Kaski,POS,Purchase,Debit Card,Savings,462.99,00,Approved,Success,40,Male,790
TXN0004341,2024-10-04,12:44:03,Butwal Branch,Rupandehi,Mobile Banking,Bill Payment,N/A,Savings,7322.37,00,Approved,Success,31,Female,642
TXN0004342,2024-10-04,13:07:22,Bharatpur Branch,Chitwan,ATM,Mini Statement,Debit Card,Savings,0.0,05,Do Not Honor,Timeout,24,Male,1583
TXN0004343,2024-10-04,13:25:15,Kathmandu Main,Kathmandu,ATM,Mini Statement,Debit Card,Savings,0.0,00,Approved,Success,40,Male,1243
TXN0004344,2024-10-04,14:06:39,Janakpur Branch,Dhanusha,Mobile Banking,Fund Transfer,N/A,Current,31793.63,00,Approved,Success,25,Female,231
TXN0004345,2024-10-04,14:09:29,Lalitpur Branch,Lalitpur,POS,Purchase,Debit Card,Fixed Deposit,6081.15,00,Approved,Success,18,Female,688
TXN0004346,2024-10-04,16:55:16,Kathmandu Main,Kathmandu,Mobile Banking,QR Payment,N/A,Savings,4347.95,00,Approved,Success,26,Male,618
TXN0004347,2024-10-04,16:59:45,Lalitpur Branch,Lalitpur,ATM,Cash Withdrawal,Credit Card,Current,2000.0,00,Approved,Success,28,Female,964
TXN0004348,2024-10-04,16:59:56,Dharan Branch,Sunsari,POS,Refund,Debit Card,Savings,3060.94,00,Approved,Success,18,Male,174
TXN0004349,2024-10-04,17:14:43,New Baneshwor,Kathmandu,Mobile Banking,QR Payment,N/A,Savings,334.03,00,Approved,Success,36,Male,1150
TXN0004350,2024-10-04,19:21:32,Butwal Branch,Rupandehi,POS,Refund,Debit Card,Current,3394.76,00,Approved,Success,18,Male,687
TXN0004351,2024-10-04,19:30:13,Lalitpur Branch,Lalitpur,Mobile Banking,Mobile Top-up,N/A,Current,200.0,00,Approved,Success,50,Female,559
TXN0004352,2024-10-05,00:07:33,Nepalgunj Branch,Banke,ATM,Mini Statement,Debit Card,Current,0.0,00,Approved,Success,32,Male,545
TXN0004353,2024-10-05,02:04:49,Hetauda Branch,Makwanpur,POS,Refund,Credit Card,Savings,9622.69,00,Approved,Success,20,Male,988
TXN0004354,2024-10-05,03:18:58,Bharatpur Branch,Chitwan,ATM,Cash Withdrawal,Debit Card,Savings,2500.0,96,System Malfunction,Failed,18,Male,1297
TXN0004355,2024-10-05,03:51:49,Janakpur Branch,Dhanusha,Mobile Banking,Balance Inquiry,N/A,Savings,0.0,00,Approved,Success,34,Male,656
TXN0004356,2024-10-05,08:29:20,Janakpur Branch,Dhanusha,POS,Purchase,Debit Card,Current,11482.66,00,Approved,Success,,Female,661
TXN0004357,2024-10-05,09:37:36,  Janakpur Branch  ,Dhanusha,Mobile Banking,Bill Payment,N/A,Savings,5583.17,00,Approved,Success,42,Male,672
TXN0004358,2024-10-05,09:42:10,Butwal Branch,Rupandehi,Mobile Banking,Mobile Top-up,N/A,Savings,200.0,00,Approved,Success,49,Female,505
TXN0004359,2024-10-05,10:06:52,Hetauda Branch,Makwanpur,Mobile Banking,Bill Payment,N/A,Savings,8950.59,00,Approved,Success,38,Female,494
TXN0004360,2024-10-05,10:16:34,Lalitpur Branch,Lalitpur,ATM,PIN Change,Debit Card,Savings,0.0,00,Approved,Success,42,Female,1616
TXN0004361,2024-10-05,10:17:46,Birgunj Branch,Parsa,ATM,PIN Change,Debit Card,Savings,0.0,00,Approved,Success,42,Female,554
TXN0004362,2024-10-05,11:06:50,Janakpur Branch,Dhanusha,Mobile Banking,Bill Payment,N/A,Current,2024.32,00,Approved,Success,49,Female,606
TXN0004363,2024-10-05,11:19:48,  Butwal Branch  ,Rupandehi,POS,Refund,Prepaid Card,Current,1129.41,00,Approved,Success,25,Male,562
TXN0004364,2024-10-05,11:26:17,Birgunj Branch,Parsa,Internet Banking,Fund Transfer,N/A,Savings,16078.57,00,Approved,Success,22,Female,585
TXN0004365,2024-10-05,12:09:34,Bhaktapur Branch,Bhaktapur,ATM,Cash Withdrawal,Credit Card,Savings,500.0,00,Approved,Success,35,Male,1212
TXN0004366,2024-10-05,12:32:58,Dharan Branch,Sunsari,ATM,PIN Change,Debit Card,Savings,0.0,00,Approved,Success,43,Female,1324
TXN0004367,2024-10-05,13:37:13,Butwal Branch,Rupandehi,ATM,Mini Statement,Debit Card,Savings,0.0,00,Approved,Success,27,Male,1506
TXN0004368,2024-10-05,13:44:30,Kathmandu Main,Kathmandu,Branch Counter,Cash Deposit,N/A,Savings,21424.9,00,Approved,Success,42,Male,454
TXN0004369,2024-10-05,13:52:00,Kathmandu Main,Kathmandu,ATM,Balance Inquiry,Debit Card,Savings,0.0,00,Approved,Success,22,Male,1259
TXN0004370,2024-10-05,15:11:40,Dharan Branch,Sunsari,Mobile Banking,Fund Transfer,N/A,Savings,3458.89,00,Approved,Success,26,Female,212
TXN0004371,2024-10-05,15:43:17,Bhaktapur Branch,Bhaktapur,Internet Banking,Statement Download,N/A,Savings,0.0,00,Approved,Success,34,Female,339
TXN0004372,2024-10-05,15:51:06,Dharan Branch,Sunsari,POS,Refund,Credit Card,Savings,940.19,00,Approved,Success,32,Female,686
TXN0004373,2024-10-05,17:38:36,Pokhara Lakeside,Kaski,ATM,Cash Withdrawal,Debit Card,Savings,500.0,00,Approved,Success,19,Female,1815
TXN0004374,2024-10-05,18:55:26,Biratnagar Main,Morang,ATM,Balance Inquiry,Credit Card,Savings,0.0,00,Approved,Success,35,Female,2055
TXN0004375,2024-10-05,20:37:59,Nepalgunj Branch,Banke,POS,Refund,Debit Card,Savings,4779.8,00,Approved,Success,18,Male,1016
TXN0004376,2024-10-05,22:28:36,New Baneshwor,Kathmandu,Internet Banking,Statement Download,N/A,Savings,0.0,00,Approved,Success,39,Male,1228
TXN0004377,2024-10-06,00:07:02,Dhangadhi Branch,Kailali,Mobile Banking,Mobile Top-up,N/A,Savings,200.0,00,Approved,Success,18,Female,317
TXN0004378,2024-10-06,06:09:00,Lalitpur Branch,Lalitpur,POS,Purchase,Debit Card,Current,14183.3,00,Approved,Success,36,Male,343
TXN0004379,2024-10-06,08:36:12,Pokhara Lakeside,Kaski,ATM,Balance Inquiry,Prepaid Card,Savings,0.0,00,Approved,Success,49,Male,841
TXN0004380,2024-10-06,08:53:22,Birgunj Branch,Parsa,Mobile Banking,QR Payment,N/A,Savings,3576.21,00,Approved,Success,31,,740
TXN0004381,2024-10-06,09:16:49,Dhangadhi Branch,Kailali,ATM,PIN Change,Debit Card,Savings,0.0,00,Approved,Success,47,Female,1236
TXN0004382,2024-10-06,10:33:28,New Baneshwor,Kathmandu,ATM,Mini Statement,Debit Card,Savings,0.0,00,Approved,Success,27,Female,1756
TXN0004383,2024-10-06,10:41:11,Biratnagar Main,Morang,POS,Refund,Debit Card,Savings,7517.21,00,Approved,Success,30,Female,686
TXN0004384,2024-10-06,10:53:33,Pokhara Lakeside,Kaski,POS,Purchase,Credit Card,Savings,1517.06,00,Approved,Success,46,Female,719
TXN0004385,2024-10-06,13:11:44,New Baneshwor,Kathmandu,Internet Banking,Balance Inquiry,N/A,Savings,0.0,00,Approved,Success,28,Male,214
TXN0004386,2024-10-06,15:03:45,Dharan Branch,Sunsari,ATM,Cash Withdrawal,Debit Card,Savings,2000.0,00,Approved,Success,28,Male,552
TXN0004387,2024-10-06,15:55:05,Dhangadhi Branch,Kailali,POS,Purchase,Debit Card,Savings,9316.32,00,Approved,Success,45,Female,496
TXN0004388,2024-10-06,17:37:04,Dharan Branch,Sunsari,ATM,Cash Withdrawal,Debit Card,Savings,10000.0,00,Approved,Success,47,Female,592
TXN0004389,2024-10-06,18:47:10,Hetauda Branch,Makwanpur,ATM,PIN Change,Debit Card,Savings,0.0,00,Approved,Success,27,Female,1000
TXN0004390,2024-10-06,19:05:20,Hetauda Branch,Makwanpur,POS,Purchase,Credit Card,Savings,11350.86,05,Do Not Honor,Timeout,,Male,946
TXN0004391,2024-10-06,21:57:56,Butwal Branch,Rupandehi,POS,Purchase,Debit Card,Savings,7443.88,00,Approved,Success,18,Male,482
TXN0004392,2024-10-07,00:48:27,Butwal Branch,Rupandehi,Internet Banking,Bill Payment,N/A,Savings,7138.25,00,Approved,Success,40,Male,703
TXN0004393,2024-10-07,06:46:24,Dharan Branch,Sunsari,ATM,PIN Change,Debit Card,Savings,0.0,00,Approved,Success,32,Male,1384
TXN0004394,2024-10-07,07:39:37,Biratnagar Main,Morang,ATM,Mini Statement,Debit Card,Savings,0.0,00,Approved,Success,31,Female,1375
TXN0004395,2024-10-07,08:02:45,Nepalgunj Branch,Banke,Mobile Banking,Mobile Top-up,N/A,Savings,500.0,00,Approved,Success,49,Female,853
TXN0004396,2024-10-07,08:07:25,Itahari Branch,Sunsari,POS,Purchase,Debit Card,Savings,6109.26,00,Approved,Success,35,,615
TXN0004397,2024-10-07,08:14:31,Janakpur Branch,Dhanusha,POS,Refund,Credit Card,Savings,6001.82,00,Approved,Success,35,Female,430
TXN0004398,2024-10-07,08:18:29,Janakpur Branch,Dhanusha,POS,Refund,Debit Card,Current,1800.2,00,Approved,Success,18,Male,665
TXN0004399,2024-10-07,09:20:52,Bharatpur Branch,Chitwan,Mobile Banking,Mobile Top-up,N/A,Savings,50.0,00,Approved,Success,52,Female,991
TXN0004400,2024-10-07,09:27:54,Nepalgunj Branch,Banke,ATM,Mini Statement,Debit Card,Savings,0.0,00,Approved,Success,57,Female,1605
TXN0004401,2024-10-07,10:15:47,New Baneshwor,Kathmandu,ATM,PIN Change,Debit Card,Savings,0.0,00,Approved,Success,58,Female,1668
TXN0004402,2024-10-07,11:28:48,Itahari Branch,Sunsari,POS,Refund,Debit Card,Savings,1282.36,61,Exceeds Withdrawal Limit,Failed,22,Female,397
TXN0004403,2024-10-07,13:15:54,Hetauda Branch,Makwanpur,Branch Counter,Fund Transfer,N/A,Savings,77313.68,96,System Malfunction,Timeout,26,Male,144
TXN0004404,2024-10-07,13:22:18,Dhangadhi Branch,Kailali,POS,Refund,Credit Card,Savings,9321.7,00,Approved,Success,23,Male,136
TXN0004405,2024-10-07,13:59:28,Itahari Branch,Sunsari,ATM,Cash Withdrawal,Prepaid Card,Savings,10000.0,00,Approved,Success,37,Female,1039
TXN0004406,2024-10-07,14:17:28,Nepalgunj Branch,Banke,POS,Purchase,Debit Card,Savings,11301.47,00,Approved,Success,31,Female,1027
TXN0004407,2024-10-07,14:23:58,Itahari Branch,Sunsari,ATM,Mini Statement,Debit Card,Savings,0.0,96,System Malfunction,Timeout,18,Female,1141
TXN0004408,2024-10-07,14:55:55,Bhaktapur Branch,Bhaktapur,POS,Refund,Debit Card,Savings,6283.27,00,Approved,Success,18,Male,479
TXN0004409,2024-10-07,15:00:45,Biratnagar Main,Morang,Mobile Banking,Mobile Top-up,N/A,Savings,200.0,00,Approved,Success,32,Female,742
TXN0004410,2024-10-07,15:45:07,Bhaktapur Branch,Bhaktapur,Branch Counter,Account Opening,N/A,Savings,0.0,55,Incorrect PIN,Timeout,51,Female,795
TXN0004411,2024-10-07,16:53:12,Biratnagar Main,Morang,ATM,Cash Withdrawal,Debit Card,Current,10000.0,00,Approved,Success,36,Female,1624
TXN0004412,2024-10-07,17:01:47,Dharan Branch,Sunsari,Mobile Banking,Bill Payment,N/A,Savings,1463.46,00,Approved,Success,30,Male,1115
TXN0004413,2024-10-07,17:37:48,Lalitpur Branch,Lalitpur,POS,Refund,Debit Card,Savings,8910.38,00,Approved,Success,41,Male,392
TXN0004414,2024-10-07,18:22:30,Dharan Branch,Sunsari,ATM,Balance Inquiry,Debit Card,Savings,0.0,00,Approved,Success,51,Female,905
TXN0004415,2024-10-07,18:32:47,Janakpur Branch,Dhanusha,ATM,PIN Change,Debit Card,Savings,0.0,00,Approved,Success,34,Female,1200
TXN0004416,2024-10-07,19:01:30,Dharan Branch,Sunsari,ATM,PIN Change,Debit Card,Savings,0.0,00,Approved,Success,45,Female,729
TXN0004417,2024-10-07,19:25:20,Biratnagar Main,Morang,Mobile Banking,Fund Transfer,N/A,Savings,85067.01,51,Insufficient Funds,Reversed,40,Male,592
TXN0004418,2024-10-07,19:29:57,Bharatpur Branch,Chitwan,ATM,Cash Withdrawal,Debit Card,Savings,8000.0,51,Insufficient Funds,Failed,37,Male,1505
TXN0004419,2024-10-07,19:50:16,Bharatpur Branch,Chitwan,Mobile Banking,Mobile Top-up,N/A,Savings,50.0,00,Approved,Success,36,Male,579
TXN0004420,2024-10-08,04:03:38,Birgunj Branch,Parsa,ATM,Mini Statement,Debit Card,Savings,0.0,00,Approved,Success,35,Male,956
TXN0004421,2024-10-08,05:25:08,Dhangadhi Branch,Kailali,Branch Counter,Account Opening,N/A,Current,0.0,00,Approved,Success,43,Male,878
TXN0004422,2024-10-08,07:04:31,Butwal Branch,Rupandehi,Mobile Banking,Fund Transfer,N/A,Savings,16844.56,00,Approved,Success,43,Female,605
TXN0004423,2024-10-08,07:29:53,Birgunj Branch,Parsa,POS,Purchase,Debit Card,Savings,4016.66,00,Approved,Success,32,Male,625
TXN0004424,2024-10-08,08:48:59,Janakpur Branch,Dhanusha,Mobile Banking,Bill Payment,N/A,Savings,4702.61,00,Approved,Success,36,Female,1157
TXN0004425,2024-10-08,08:50:22,Butwal Branch,Rupandehi,Mobile Banking,Balance Inquiry,N/A,Savings,0.0,00,Approved,Success,31,Female,195
TXN0004426,2024-10-08,10:00:35,Itahari Branch,Sunsari,ATM,Mini Statement,Debit Card,Savings,0.0,00,Approved,Success,20,Male,677
TXN0004427,2024-10-08,10:05:05,Dharan Branch,Sunsari,Branch Counter,Fund Transfer,N/A,Savings,24884.27,00,Approved,Success,56,Male,404
TXN0004428,2024-10-08,10:10:50,Butwal Branch,Rupandehi,POS,Refund,Debit Card,Savings,8886.44,00,Approved,Success,36,Female,719
TXN0004429,2024-10-08,10:28:19,New Baneshwor,Kathmandu,ATM,Mini Statement,Debit Card,Savings,0.0,00,Approved,Success,36,Male,80
TXN0004430,2024-10-08,11:24:08,Hetauda Branch,Makwanpur,ATM,Balance Inquiry,Debit Card,Savings,0.0,00,Approved,Success,,Male,985
TXN0004431,2024-10-08,11:56:32,Lalitpur Branch,Lalitpur,Mobile Banking,Bill Payment,N/A,Savings,5595.01,00,Approved,Success,64,Male,358
TXN0004432,2024-10-08,12:01:35,Itahari Branch,Sunsari,Internet Banking,Balance Inquiry,N/A,Savings,0.0,00,Approved,Success,20,Female,295
TXN0004433,2024-10-08,12:07:31,Lalitpur Branch,Lalitpur,Mobile Banking,Mobile Top-up,N/A,Savings,500.0,00,Approved,Success,30,Female,552
TXN0004434,2024-10-08,12:53:01,Kathmandu Main,Kathmandu,ATM,Cash Withdrawal,Credit Card,Savings,500.0,00,Approved,Success,34,Female,1465
TXN0004435,2024-10-08,13:18:53,Dhangadhi Branch,Kailali,ATM,Mini Statement,Debit Card,Savings,0.0,00,Approved,Success,26,Male,1680
TXN0004436,2024-10-08,13:36:02,Dharan Branch,Sunsari,ATM,PIN Change,Debit Card,Savings,0.0,00,Approved,Success,36,Female,626
TXN0004437,2024-10-08,13:45:08,Hetauda Branch,Makwanpur,mobile banking,Mobile Top-up,N/A,Savings,200.0,00,Approved,Success,18,Male,574
TXN0004438,2024-10-08,13:48:49,Dharan Branch,Sunsari,Mobile Banking,Fund Transfer,N/A,Savings,28125.94,00,Approved,Success,18,Male,658
TXN0004439,2024-10-08,14:28:57,Dharan Branch,Sunsari,ATM,PIN Change,Debit Card,Savings,0.0,00,Approved,Success,36,Female,208
TXN0004440,2024-10-08,14:31:17,Hetauda Branch,Makwanpur,ATM,PIN Change,Debit Card,Current,0.0,00,Approved,Success,31,Male,731
TXN0004441,2024-10-08,14:53:51,Bhaktapur Branch,Bhaktapur,Branch Counter,Cash Deposit,N/A,Current,46608.76,00,Approved,Success,24,Male,555
TXN0004442,2024-10-08,15:51:48,Butwal Branch,Rupandehi,POS,Purchase,Debit Card,Fixed Deposit,5207.6,00,Approved,Success,23,Female,683
TXN0004443,2024-10-08,16:27:52,Lalitpur Branch,Lalitpur,POS,Purchase,Debit Card,Savings,11178.22,00,Approved,Success,29,Male,235
TXN0004444,2024-10-08,18:28:58,Dhangadhi Branch,Kailali,ATM,Balance Inquiry,Debit Card,Savings,0.0,00,Approved,Success,55,Male,1266
TXN0004445,2024-10-08,18:35:36,Nepalgunj Branch,Banke,ATM,Cash Withdrawal,Debit Card,Savings,1000.0,00,Approved,Success,34,Female,1997
TXN0004446,2024-10-08,22:47:46,Dhangadhi Branch,Kailali,POS,Purchase,Debit Card,Current,5169.32,00,Approved,Success,21,Female,585
TXN0004447,2024-10-09,02:40:37,Bharatpur Branch,Chitwan,Mobile Banking,Mobile Top-up,N/A,Savings,50.0,00,Approved,Success,56,Female,448
TXN0004448,2024-10-09,07:30:25,Pokhara Lakeside,Kaski,POS,Purchase,Debit Card,Savings,12121.97,00,Approved,Success,28,Female,421
TXN0004449,2024-10-09,07:34:54,New Baneshwor,Kathmandu,ATM,Cash Withdrawal,Debit Card,Savings,20000.0,00,Approved,Success,49,Male,1915
TXN0004450,2024-10-09,08:20:41,Dharan Branch,Sunsari,atm,Cash Withdrawal,Debit Card,Fixed Deposit,8000.0,00,Approved,Success,37,Male,460
TXN0004451,2024-10-09,08:32:35,Hetauda Branch,Makwanpur,ATM,Mini Statement,Debit Card,Savings,0.0,00,Approved,Success,39,Male,1402
TXN0004452,2024-10-09,09:23:37,Itahari Branch,Sunsari,Internet Banking,Fund Transfer,N/A,Savings,50040.72,00,Approved,Success,45,Female,190
TXN0004453,2024-10-09,09:24:22,Bhaktapur Branch,Bhaktapur,POS,Purchase,Debit Card,Savings,3150.91,00,Approved,Success,18,Male,687
TXN0004454,2024-10-09,10:11:47,Biratnagar Main,Morang,ATM,Cash Withdrawal,Debit Card,Savings,1500.0,00,Approved,Success,31,Male,1822
TXN0004455,2024-10-09,10:16:07,Kathmandu Main,Kathmandu,ATM,Cash Withdrawal,Debit Card,Savings,2500.0,00,Approved,Success,31,Male,1381
TXN0004456,2024-10-09,10:19:58,New Baneshwor,Kathmandu,ATM,Mini Statement,Debit Card,Savings,0.0,96,System Malfunction,Failed,23,Female,1370
TXN0004457,2024-10-09,10:58:33,Lalitpur Branch,Lalitpur,Mobile Banking,Fund Transfer,N/A,Savings,10176.94,00,Approved,Success,32,Male,870
TXN0004458,2024-10-09,11:09:16,New Baneshwor,Kathmandu,POS,Purchase,Debit Card,Savings,13810.13,00,Approved,Success,48,Female,378
TXN0004459,2024-10-09,11:50:32,Bharatpur Branch,Chitwan,ATM,Balance Inquiry,Prepaid Card,Savings,0.0,00,Approved,Success,53,Female,1492
TXN0004460,2024-10-09,11:51:45,Bharatpur Branch,Chitwan,mobile banking,Mobile Top-up,N/A,Savings,50.0,00,Approved,Success,40,Male,678
TXN0004461,2024-10-09,13:26:16,Dhangadhi Branch,Kailali,Mobile Banking,Balance Inquiry,N/A,Savings,0.0,00,Approved,Success,49,Female,881
TXN0004462,2024-10-09,13:35:04,Dhangadhi Branch,Kailali,Mobile Banking,Mobile Top-up,N/A,Savings,200.0,00,Approved,Success,36,Female,685
TXN0004463,2024-10-09,13:43:05,Butwal Branch,Rupandehi,Mobile Banking,Bill Payment,N/A,Savings,10487.86,00,Approved,Success,40,Male,737
TXN0004464,2024-10-09,13:43:22,Bhaktapur Branch,Bhaktapur,POS,Refund,Credit Card,Savings,1198.99,00,Approved,Success,29,Male,734
TXN0004465,2024-10-09,13:54:06,Dhangadhi Branch,Kailali,ATM,Balance Inquiry,Debit Card,Savings,0.0,00,Approved,Success,39,Male,1287
TXN0004466,2024-10-09,14:13:06,Lalitpur Branch,Lalitpur,ATM,Cash Withdrawal,Debit Card,Savings,5000.0,00,Approved,Success,33,Male,1232
TXN0004467,2024-10-09,15:18:59,Itahari Branch,Sunsari,Internet Banking,Balance Inquiry,N/A,Current,0.0,00,Approved,Success,24,Male,629
TXN0004468,2024-10-09,15:34:38,Lalitpur Branch,Lalitpur,ATM,Balance Inquiry,Debit Card,Savings,0.0,00,Approved,Success,29,Male,1570
TXN0004469,2024-10-09,16:01:04,Itahari Branch,Sunsari,POS,Purchase,Debit Card,Savings,3896.69,00,Approved,Success,44,Female,370
TXN0004470,2024-10-09,16:31:22,Hetauda Branch,Makwanpur,Mobile Banking,Balance Inquiry,N/A,Savings,0.0,00,Approved,Success,37,Male,403
TXN0004471,2024-10-09,16:31:32,Bhaktapur Branch,Bhaktapur,ATM,Cash Withdrawal,Debit Card,Savings,8000.0,51,Insufficient Funds,Reversed,37,Female,999
TXN0004472,2024-10-09,16:54:55,Pokhara Lakeside,Kaski,Mobile Banking,Mobile Top-up,N/A,Savings,1000.0,00,Approved,Success,50,Female,576
TXN0004473,2024-10-09,17:34:57,New Baneshwor,Kathmandu,POS,Refund,Debit Card,Fixed Deposit,2835.97,00,Approved,Success,0,Female,590
TXN0004474,2024-10-09,17:40:49,Hetauda Branch,Makwanpur,POS,Purchase,Debit Card,Current,14874.53,00,Approved,Success,18,Female,1058
TXN0004475,2024-10-09,17:48:56,Birgunj Branch,Parsa,POS,Refund,Debit Card,Savings,5844.1,00,Approved,Success,55,Male,555
TXN0004476,2024-10-09,19:13:48,Dhangadhi Branch,Kailali,Mobile Banking,Balance Inquiry,N/A,Current,0.0,00,Approved,Success,24,Male,395
TXN0004477,2024-10-09,19:44:48,Birgunj Branch,Parsa,ATM,Cash Withdrawal,Debit Card,Current,500.0,00,Approved,Success,29,Female,347
TXN0004478,2024-10-09,19:51:21,Biratnagar Main,Morang,ATM,Cash Withdrawal,Debit Card,Savings,15000.0,00,Approved,Success,52,Male,1262
TXN0004479,2024-10-09,19:53:44,Birgunj Branch,Parsa,ATM,Balance Inquiry,Debit Card,Savings,0.0,00,Approved,Success,28,Female,1079
TXN0004480,2024-10-09,20:31:28,Janakpur Branch,Dhanusha,Mobile Banking,Fund Transfer,N/A,Savings,19120.56,00,Approved,Success,23,Male,555
TXN0004481,2024-10-10,00:38:19,Pokhara Lakeside,Kaski,Internet Banking,Balance Inquiry,N/A,Savings,0.0,00,Approved,Success,40,Female,769
TXN0004482,2024-10-10,04:22:46,Janakpur Branch,Dhanusha,ATM,Balance Inquiry,Debit Card,Fixed Deposit,0.0,00,Approved,Success,38,Male,1136
TXN0004482,2024-10-10,04:22:46,Janakpur Branch,Dhanusha,ATM,Balance Inquiry,Debit Card,Fixed Deposit,0.0,00,Approved,Success,38,Male,1136
TXN0004483,2024-10-10,07:16:11,Bhaktapur Branch,Bhaktapur,Mobile Banking,Bill Payment,N/A,Current,1881.2,00,Approved,Success,33,Male,474
TXN0004484,2024-10-10,07:17:47,Bhaktapur Branch,Bhaktapur,ATM,PIN Change,Debit Card,Savings,0.0,00,Approved,Success,50,Female,1130
TXN0004485,2024-10-10,09:35:21,New Baneshwor,Kathmandu,ATM,Balance Inquiry,Debit Card,Savings,0.0,51,Insufficient Funds,Reversed,25,Male,336
TXN0004486,2024-10-10,09:40:32,Lalitpur Branch,Lalitpur,Mobile Banking,Fund Transfer,N/A,Savings,69443.5,00,Approved,Success,18,Male,776
TXN0004487,2024-10-10,10:42:45,Lalitpur Branch,Lalitpur,Mobile Banking,Bill Payment,N/A,Savings,1738.77,00,Approved,Success,40,Male,1007
TXN0004488,2024-10-10,10:50:19,Hetauda Branch,Makwanpur,Mobile Banking,Bill Payment,N/A,Savings,5051.81,00,Approved,Success,,Female,551
TXN0004489,2024-10-10,11:13:14,Birgunj Branch,Parsa,ATM,PIN Change,Debit Card,Savings,0.0,00,Approved,Success,27,Male,761
TXN0004490,2024-10-10,11:15:06,Janakpur Branch,Dhanusha,Mobile Banking,Fund Transfer,N/A,Fixed Deposit,43550.52,00,Approved,Success,22,Female,320
TXN0004491,2024-10-10,11:39:12,Dharan Branch,Sunsari,Internet Banking,Fund Transfer,N/A,Savings,93277.92,00,Approved,Success,18,Male,605
TXN0004492,2024-10-10,11:44:42,Bhaktapur Branch,Bhaktapur,atm,PIN Change,Debit Card,Savings,0.0,00,Approved,Success,25,Female,1384
TXN0004493,2024-10-10,13:44:40,Biratnagar Main,Morang,Mobile Banking,Bill Payment,N/A,Savings,3699.78,00,Approved,Success,19,Male,80
TXN0004494,2024-10-10,13:47:31,Bharatpur Branch,Chitwan,ATM,Cash Withdrawal,Debit Card,Savings,8000.0,00,Approved,Success,25,Male,605
TXN0004495,2024-10-10,16:00:36,LALITPUR BRANCH,Lalitpur,ATM,PIN Change,Debit Card,Current,0.0,00,Approved,Success,18,Male,1470
TXN0004496,2024-10-10,16:39:38,Itahari Branch,Sunsari,ATM,Cash Withdrawal,Debit Card,Savings,2500.0,00,Approved,Success,48,Female,1301
TXN0004497,2024-10-10,17:14:03,Bharatpur Branch,Chitwan,ATM,PIN Change,Credit Card,Savings,0.0,00,Approved,Success,31,Male,559
TXN0004498,2024-10-10,19:15:48,Biratnagar Main,Morang,Internet Banking,Bill Payment,N/A,Savings,7760.69,00,Approved,Success,33,Female,571
TXN0004499,2024-10-11,06:32:29,Nepalgunj Branch,Banke,Mobile Banking,Fund Transfer,N/A,Savings,75600.52,00,Approved,Success,26,Male,795
TXN0004500,2024-10-11,07:47:13,Hetauda Branch,Makwanpur,Mobile Banking,Fund Transfer,N/A,Savings,64289.7,51,Insufficient Funds,Reversed,33,Female,842
TXN0004501,2024-10-11,08:03:29,Birgunj Branch,Parsa,Internet Banking,Bill Payment,N/A,Savings,10428.76,00,Approved,Success,18,Female,572
TXN0004502,2024-10-11,08:18:28,Biratnagar Main,Morang,ATM,PIN Change,Debit Card,Savings,0.0,00,Approved,Success,43,,2005
TXN0004503,2024-10-11,09:18:56,Itahari Branch,Sunsari,Internet Banking,Statement Download,N/A,Savings,0.0,00,Approved,Success,40,Male,894
TXN0004504,2024-10-11,10:29:55,New Baneshwor,Kathmandu,Mobile Banking,Mobile Top-up,N/A,Savings,100.0,00,Approved,Success,31,Male,366
TXN0004505,2024-10-11,10:31:03,Biratnagar Main,Morang,Mobile Banking,Bill Payment,N/A,Savings,10297.0,00,Approved,Success,51,Male,663
TXN0004506,2024-10-11,10:31:08,Lalitpur Branch,Lalitpur,ATM,Balance Inquiry,Prepaid Card,Fixed Deposit,0.0,00,Approved,Success,44,Male,1239
TXN0004507,2024-10-11,10:38:03,Dharan Branch,Sunsari,Mobile Banking,Bill Payment,N/A,Savings,5106.24,00,Approved,Success,45,Female,813
TXN0004508,2024-10-11,11:10:50,Butwal Branch,Rupandehi,Mobile Banking,Bill Payment,N/A,Savings,5517.99,00,Approved,Success,18,,598
TXN0004509,2024-10-11,11:18:47,Dharan Branch,Sunsari,Mobile Banking,QR Payment,N/A,Savings,4248.06,00,Approved,Success,44,Male,677
TXN0004510,2024-10-11,11:49:24,Dhangadhi Branch,Kailali,ATM,Balance Inquiry,Debit Card,Savings,0.0,00,Approved,Success,33,Male,1307
TXN0004511,2024-10-11,11:54:15,Lalitpur Branch,Lalitpur,Mobile Banking,Balance Inquiry,N/A,Savings,0.0,51,Insufficient Funds,Timeout,46,Male,528
TXN0004512,2024-10-11,12:01:05,Itahari Branch,Sunsari,ATM,Balance Inquiry,Debit Card,Savings,0.0,00,Approved,Success,35,Female,1653
TXN0004513,2024-10-11,12:01:08,Janakpur Branch,Dhanusha,POS,Purchase,Debit Card,Savings,518.68,00,Approved,Success,46,Male,962
TXN0004514,2024-10-11,12:26:50,Bharatpur Branch,Chitwan,Internet Banking,Fund Transfer,N/A,Savings,75170.98,00,Approved,Success,18,Male,930
TXN0004515,2024-10-11,13:26:15,Itahari Branch,Sunsari,POS,Purchase,Debit Card,Savings,13560.98,00,Approved,Success,,Female,349
TXN0004516,2024-10-11,13:46:48,Janakpur Branch,Dhanusha,ATM,PIN Change,Debit Card,Savings,0.0,00,Approved,Success,25,Female,1466
TXN0004517,2024-10-11,14:33:42,Dharan Branch,Sunsari,ATM,Balance Inquiry,Debit Card,Savings,0.0,00,Approved,Success,36,Female,2047
TXN0004518,2024-10-11,15:35:53,Nepalgunj Branch,Banke,Internet Banking,Statement Download,N/A,Current,0.0,00,Approved,Success,41,Female,776
TXN0004519,2024-10-11,16:29:35,Pokhara Lakeside,Kaski,Mobile Banking,QR Payment,N/A,Current,2580.88,00,Approved,Success,29,Male,710
TXN0004520,2024-10-11,17:19:16,Bhaktapur Branch,Bhaktapur,POS,Refund,Debit Card,Current,1580.53,00,Approved,Success,41,Female,863
TXN0004521,2024-10-11,17:57:25,Biratnagar Main,Morang,Mobile Banking,Balance Inquiry,N/A,Savings,0.0,00,Approved,Success,29,Male,950
TXN0004522,2024-10-11,18:40:35,Pokhara Lakeside,Kaski,Mobile Banking,Bill Payment,N/A,Savings,10588.74,00,Approved,Success,29,Female,441
TXN0004523,2024-10-11,19:24:49,Butwal Branch,Rupandehi,POS,Purchase,Debit Card,Savings,3435.48,00,Approved,Success,37,Female,970
TXN0004524,2024-10-12,01:42:59,Birgunj Branch,Parsa,Mobile Banking,Mobile Top-up,N/A,Savings,100.0,00,Approved,Success,42,Female,636
TXN0004525,2024-10-12,02:53:04,Hetauda Branch,Makwanpur,ATM,Cash Withdrawal,Prepaid Card,Savings,2500.0,61,Exceeds Withdrawal Limit,Failed,30,Female,1396
TXN0004526,2024-10-12,08:42:08,Dhangadhi Branch,Kailali,ATM,Cash Withdrawal,Debit Card,Savings,1500.0,00,Approved,Success,33,Female,1496
TXN0004527,2024-10-12,08:42:22,Hetauda Branch,Makwanpur,ATM,Cash Withdrawal,Debit Card,Savings,2500.0,00,Approved,Success,37,Female,1121
TXN0004528,2024-10-12,08:49:06,Itahari Branch,Sunsari,ATM,Cash Withdrawal,Debit Card,Savings,2500.0,00,Approved,Success,38,Female,821
TXN0004529,2024-10-12,10:22:32,Birgunj Branch,Parsa,Internet Banking,Statement Download,N/A,Savings,0.0,00,Approved,Success,26,Male,533
TXN0004530,2024-10-12,10:35:37,Janakpur Branch,Dhanusha,ATM,Cash Withdrawal,Debit Card,Savings,2500.0,00,Approved,Success,18,Female,1506
TXN0004531,2024-10-12,10:44:55,Pokhara Lakeside,Kaski,ATM,Balance Inquiry,Debit Card,Savings,0.0,00,Approved,Success,18,Male,1249
TXN0004532,2024-10-12,10:47:04,Birgunj Branch,Parsa,POS,Refund,Debit Card,Savings,841.57,00,Approved,Success,49,Female,875
TXN0004533,2024-10-12,10:55:23,Nepalgunj Branch,Banke,Mobile Banking,Mobile Top-up,N/A,Savings,200.0,00,Approved,Success,34,Female,642
TXN0004534,2024-10-12,10:56:33,Dhangadhi Branch,Kailali,POS,Purchase,Debit Card,Current,2572.34,00,Approved,Success,25,Female,544
TXN0004535,2024-10-12,11:20:55,Dharan Branch,Sunsari,Internet Banking,Balance Inquiry,N/A,Savings,0.0,00,Approved,Success,24,Female,997
TXN0004536,2024-10-12,11:49:05,New Baneshwor,Kathmandu,POS,Refund,Debit Card,Savings,1021.34,00,Approved,Success,29,Female,820
TXN0004537,2024-10-12,12:27:08,Pokhara Lakeside,Kaski,Internet Banking,Bill Payment,N/A,Savings,7299.2,00,Approved,Success,36,Male,550
TXN0004538,2024-10-12,12:36:07,Pokhara Lakeside,Kaski,Mobile Banking,Bill Payment,N/A,Savings,1732.26,00,Approved,Success,27,Female,326
TXN0004539,2024-10-12,13:58:33,Janakpur Branch,Dhanusha,Mobile Banking,QR Payment,N/A,Savings,2307.44,00,Approved,Success,31,Male,680
TXN0004540,2024-10-12,14:22:12,Bhaktapur Branch,Bhaktapur,ATM,Mini Statement,Debit Card,Savings,0.0,00,Approved,Success,67,Male,962
TXN0004541,2024-10-12,14:27:26,Dhangadhi Branch,Kailali,ATM,PIN Change,Credit Card,Savings,0.0,00,Approved,Success,18,Male,261
TXN0004542,2024-10-12,14:40:09,Bhaktapur Branch,Bhaktapur,ATM,Balance Inquiry,Debit Card,Fixed Deposit,0.0,00,Approved,Success,42,Male,1049
TXN0004543,2024-10-12,15:14:22,Itahari Branch,Sunsari,ATM,Cash Withdrawal,Debit Card,Savings,10000.0,00,Approved,Success,42,Female,1751
TXN0004544,2024-10-12,15:54:55,Birgunj Branch,Parsa,POS,Purchase,Debit Card,Current,8372.29,00,Approved,Success,43,Male,588
TXN0004545,2024-10-12,17:41:29,Dhangadhi Branch,Kailali,POS,Purchase,Debit Card,Savings,1107.53,00,Approved,Success,52,Male,808
TXN0004546,2024-10-12,17:50:52,Hetauda Branch,Makwanpur,Internet Banking,Bill Payment,N/A,Savings,4481.63,00,Approved,Success,39,Female,559
TXN0004547,2024-10-12,17:53:48,Lalitpur Branch,Lalitpur,ATM,Balance Inquiry,Credit Card,Savings,0.0,00,Approved,Success,27,Female,319
TXN0004548,2024-10-12,18:19:14,Itahari Branch,Sunsari,ATM,PIN Change,Debit Card,Savings,0.0,00,Approved,Success,40,Male,732
TXN0004549,2024-10-12,20:02:53,Pokhara Lakeside,Kaski,POS,Purchase,Debit Card,Current,9827.9,00,Approved,Success,18,Female,536
TXN0004550,2024-10-12,21:08:57,Biratnagar Main,Morang,Mobile Banking,Balance Inquiry,N/A,Savings,0.0,00,Approved,Success,31,Male,905
TXN0004551,2024-10-12,21:33:27,Nepalgunj Branch,Banke,Mobile Banking,Bill Payment,N/A,Savings,6049.16,00,Approved,Success,47,Male,626
TXN0004552,2024-10-13,02:06:27,Birgunj Branch,Parsa,ATM,PIN Change,Debit Card,Savings,0.0,91,Issuer Unavailable,Timeout,20,Female,647
TXN0004553,2024-10-13,03:22:21,Dhangadhi Branch,Kailali,ATM,Cash Withdrawal,Debit Card,Savings,15000.0,00,Approved,Success,49,Female,909
TXN0004554,2024-10-13,03:45:46,Birgunj Branch,Parsa,Branch Counter,Fund Transfer,N/A,Savings,44162.01,00,Approved,Success,54,Male,1405
TXN0004555,2024-10-13,06:27:17,Dhangadhi Branch,Kailali,Internet Banking,Bill Payment,N/A,Savings,8318.2,00,Approved,Success,33,Male,796
TXN0004556,2024-10-13,07:08:13,Dhangadhi Branch,Kailali,Internet Banking,Balance Inquiry,N/A,Savings,0.0,00,Approved,Success,50,Male,618
TXN0004557,2024-10-13,08:35:48,Bharatpur Branch,Chitwan,POS,Refund,Debit Card,Savings,1207.13,00,Approved,Success,26,Female,644
TXN0004558,2024-10-13,08:40:23,Biratnagar Main,Morang,ATM,Cash Withdrawal,Debit Card,Savings,1500.0,00,Approved,Success,42,Male,1165
TXN0004559,2024-10-13,09:58:58,ITAHARI BRANCH,Sunsari,ATM,PIN Change,Credit Card,Savings,0.0,00,Approved,Success,42,Male,1774
TXN0004560,2024-10-13,10:11:51,New Baneshwor,Kathmandu,Mobile Banking,QR Payment,N/A,Savings,1925.5,00,Approved,Success,24,Female,285
TXN0004561,2024-10-13,11:02:24,Kathmandu Main,Kathmandu,Mobile Banking,Mobile Top-up,N/A,Current,500.0,00,Approved,Success,,Female,439
TXN0004562,2024-10-13,13:54:59,Dhangadhi Branch,Kailali,Mobile Banking,QR Payment,N/A,Savings,4143.0,00,Approved,Success,36,Male,658
TXN0004563,2024-10-13,14:18:57,Lalitpur Branch,Lalitpur,Mobile Banking,Mobile Top-up,N/A,Savings,1000.0,00,Approved,Success,53,Male,873
TXN0004564,2024-10-13,16:50:27,Lalitpur Branch,Lalitpur,Mobile Banking,Bill Payment,N/A,Current,3235.43,00,Approved,Success,45,Male,562
TXN0004565,2024-10-13,17:41:08,Biratnagar Main,Morang,ATM,Balance Inquiry,Prepaid Card,Current,0.0,00,Approved,Success,45,Male,1455
TXN0004566,2024-10-13,17:52:07,Kathmandu Main,Kathmandu,ATM,PIN Change,Prepaid Card,Savings,0.0,00,Approved,Success,38,Male,463
TXN0004567,2024-10-13,17:53:00,Janakpur Branch,Dhanusha,POS,Refund,Debit Card,Savings,4422.96,00,Approved,Success,56,Female,307
TXN0004568,2024-10-13,18:24:09,Janakpur Branch,Dhanusha,POS,Purchase,Debit Card,Current,7206.87,00,Approved,Success,43,Male,386
TXN0004569,2024-10-13,18:30:08,Hetauda Branch,Makwanpur,Mobile Banking,Mobile Top-up,N/A,Current,500.0,00,Approved,Success,40,Female,648
TXN0004570,2024-10-13,18:36:18,Pokhara Lakeside,Kaski,ATM,PIN Change,Debit Card,Savings,0.0,51,Insufficient Funds,Reversed,27,Female,1070
TXN0004571,2024-10-13,21:41:34,Butwal Branch,Rupandehi,POS,Purchase,Credit Card,Savings,3926.9,00,Approved,Success,27,Male,510
TXN0004572,2024-10-13,22:29:40,Hetauda Branch,Makwanpur,ATM,Cash Withdrawal,Debit Card,Savings,20000.0,00,Approved,Success,,Male,788
TXN0004573,2024-10-14,01:57:29,Biratnagar Main,Morang,Mobile Banking,QR Payment,N/A,Savings,3356.41,00,Approved,Success,19,Female,1255
TXN0004574,2024-10-14,07:29:41,Dhangadhi Branch,Kailali,Internet Banking,Bill Payment,N/A,Current,1053.92,00,Approved,Success,24,Female,483
TXN0004575,2024-10-14,07:35:28,Janakpur Branch,Dhanusha,ATM,Cash Withdrawal,Debit Card,Savings,5000.0,00,Approved,Success,38,Male,1596
TXN0004576,2024-10-14,08:04:28,Biratnagar Main,Morang,ATM,Mini Statement,Debit Card,Fixed Deposit,0.0,00,Approved,Success,47,Male,967
TXN0004577,2024-10-14,08:19:23,Itahari Branch,Sunsari,ATM,Cash Withdrawal,Prepaid Card,Current,10000.0,00,Approved,Success,24,Female,1571
TXN0004578,2024-10-14,10:49:54,Pokhara Lakeside,Kaski,POS,Purchase,Debit Card,Savings,3324.98,00,Approved,Success,29,Female,549
TXN0004579,2024-10-14,11:23:20,Hetauda Branch,Makwanpur,POS,Purchase,Debit Card,Savings,13021.2,00,Approved,Success,21,Female,401
TXN0004580,2024-10-14,12:21:30,Bhaktapur Branch,Bhaktapur,Internet Banking,Bill Payment,N/A,Savings,9858.77,00,Approved,Success,38,Male,356
TXN0004581,2024-10-14,12:33:48,Biratnagar Main,Morang,Mobile Banking,Mobile Top-up,N/A,Savings,50.0,00,Approved,Success,25,Female,1236
TXN0004582,2024-10-14,12:48:45,Butwal Branch,Rupandehi,POS,Refund,Debit Card,Savings,9606.65,00,Approved,Success,51,,1011
TXN0004583,2024-10-14,12:56:29,Pokhara Lakeside,Kaski,Internet Banking,Statement Download,N/A,Savings,0.0,51,Insufficient Funds,Failed,51,Male,739
TXN0004584,2024-10-14,12:59:45,Bhaktapur Branch,Bhaktapur,POS,Purchase,Debit Card,Savings,5799.99,00,Approved,Success,36,Male,731
TXN0004585,2024-10-14,13:41:15,Kathmandu Main,Kathmandu,Mobile Banking,QR Payment,N/A,Savings,4927.43,00,Approved,Success,20,Female,241
TXN0004586,2024-10-14,14:18:23,Hetauda Branch,Makwanpur,ATM,Cash Withdrawal,Debit Card,Savings,500.0,00,Approved,Success,26,Female,1676
TXN0004587,2024-10-14,15:20:24,New Baneshwor,Kathmandu,Mobile Banking,Fund Transfer,N/A,Savings,44843.89,51,Insufficient Funds,Timeout,42,Male,508
TXN0004588,2024-10-14,15:59:48,Pokhara Lakeside,Kaski,Mobile Banking,Balance Inquiry,N/A,Savings,0.0,00,Approved,Success,58,Female,710
TXN0004589,2024-10-14,17:48:31,Janakpur Branch,Dhanusha,ATM,Balance Inquiry,Debit Card,Savings,0.0,51,Insufficient Funds,Timeout,33,Male,1804
TXN0004590,2024-10-14,19:22:59,Bharatpur Branch,Chitwan,Branch Counter,Account Opening,N/A,Savings,0.0,00,Approved,Success,,Male,653
TXN0004591,2024-10-14,19:36:06,Kathmandu Main,Kathmandu,ATM,Balance Inquiry,Debit Card,Savings,0.0,00,Approved,Success,26,Male,879
TXN0004592,2024-10-14,20:14:17,Lalitpur Branch,Lalitpur,Internet Banking,Statement Download,N/A,Savings,0.0,00,Approved,Success,41,Female,373
TXN0004593,2024-10-14,22:42:05,New Baneshwor,Kathmandu,Mobile Banking,Fund Transfer,N/A,Savings,37494.25,00,Approved,Success,40,Male,851
TXN0004594,2024-10-14,23:37:01,Nepalgunj Branch,Banke,ATM,Mini Statement,Debit Card,Savings,0.0,00,Approved,Success,45,Female,183
TXN0004595,2024-10-15,03:03:22,Nepalgunj Branch,Banke,Mobile Banking,QR Payment,N/A,Savings,4053.24,00,Approved,Success,18,Female,867
TXN0004596,2024-10-15,04:39:38,Dhangadhi Branch,Kailali,Mobile Banking,Balance Inquiry,N/A,Savings,0.0,00,Approved,Success,39,Male,598
TXN0004597,2024-10-15,07:27:02,Bhaktapur Branch,Bhaktapur,Mobile Banking,QR Payment,N/A,Savings,2357.92,00,Approved,Success,38,Female,1014
TXN0004598,2024-10-15,07:46:31,Birgunj Branch,Parsa,Mobile Banking,Bill Payment,N/A,Savings,7155.56,61,Exceeds Withdrawal Limit,Reversed,45,Male,360
TXN0004599,2024-10-15,08:04:30,Hetauda Branch,Makwanpur,Mobile Banking,Mobile Top-up,N/A,Current,1000.0,00,Approved,Success,45,Female,581
TXN0004600,2024-10-15,08:20:04,Dhangadhi Branch,Kailali,Mobile Banking,Fund Transfer,N/A,Savings,72551.26,00,Approved,Success,24,Female,726
TXN0004601,2024-10-15,09:05:16,Biratnagar Main,Morang,Mobile Banking,Bill Payment,N/A,Savings,4148.65,00,Approved,Success,38,Male,893
TXN0004602,2024-10-15,10:33:28,Janakpur Branch,Dhanusha,ATM,PIN Change,Debit Card,Savings,0.0,00,Approved,Success,44,Male,1207
TXN0004603,2024-10-15,10:52:31,New Baneshwor,Kathmandu,Internet Banking,Fund Transfer,N/A,Savings,43827.62,00,Approved,Success,53,Male,656
TXN0004604,2024-10-15,11:03:46,Dharan Branch,Sunsari,Mobile Banking,Bill Payment,N/A,Current,8497.82,00,Approved,Success,21,Male,626
TXN0004605,2024-10-15,12:08:14,Itahari Branch,Sunsari,ATM,Balance Inquiry,Debit Card,Savings,0.0,00,Approved,Success,49,Male,920
TXN0004606,2024-10-15,12:32:05,Hetauda Branch,Makwanpur,Mobile Banking,Balance Inquiry,N/A,Savings,0.0,55,Incorrect PIN,Timeout,50,Female,898
TXN0004607,2024-10-15,12:35:18,Biratnagar Main,Morang,Internet Banking,Statement Download,N/A,Fixed Deposit,0.0,00,Approved,Success,31,Male,748
TXN0004608,2024-10-15,12:41:16,Bhaktapur Branch,Bhaktapur,ATM,Cash Withdrawal,Debit Card,Savings,500.0,00,Approved,Success,43,Male,844
TXN0004609,2024-10-15,12:57:07,Hetauda Branch,Makwanpur,Internet Banking,Statement Download,N/A,Savings,0.0,00,Approved,Success,18,Male,959
TXN0004610,2024-10-15,13:20:21,Lalitpur Branch,Lalitpur,Mobile Banking,QR Payment,N/A,Savings,4422.6,00,Approved,Success,43,Female,615
TXN0004611,2024-10-15,14:26:26,Nepalgunj Branch,Banke,Internet Banking,Balance Inquiry,N/A,Savings,0.0,00,Approved,Success,46,Male,968
TXN0004612,2024-10-15,15:32:18,Dharan Branch,Sunsari,Mobile Banking,Fund Transfer,N/A,Savings,89033.91,00,Approved,Success,30,Female,805
TXN0004613,2024-10-15,16:09:52,Biratnagar Main,Morang,Internet Banking,Fund Transfer,N/A,Savings,43809.32,00,Approved,Success,18,Male,986
TXN0004614,2024-10-15,18:16:46,Dhangadhi Branch,Kailali,ATM,Mini Statement,Prepaid Card,Savings,0.0,00,Approved,Success,48,Male,672
TXN0004615,2024-10-15,18:34:54,Hetauda Branch,Makwanpur,ATM,PIN Change,Debit Card,Savings,0.0,00,Approved,Success,38,Female,1233
TXN0004616,2024-10-15,18:35:41,Pokhara Lakeside,Kaski,Mobile Banking,Fund Transfer,N/A,Current,71993.37,00,Approved,Success,21,Female,230
TXN0004617,2024-10-15,18:50:11,Nepalgunj Branch,Banke,ATM,Balance Inquiry,Credit Card,Savings,0.0,00,Approved,Success,18,Male,1569
TXN0004618,2024-10-16,00:40:59,Janakpur Branch,Dhanusha,Branch Counter,Fund Transfer,N/A,Savings,51249.32,00,Approved,Success,36,Male,344
TXN0004619,2024-10-16,10:08:36,Nepalgunj Branch,Banke,ATM,PIN Change,Debit Card,Fixed Deposit,0.0,00,Approved,Success,36,Male,1692
TXN0004620,2024-10-16,11:08:44,Lalitpur Branch,Lalitpur,Internet Banking,Fund Transfer,N/A,Savings,59266.95,00,Approved,Success,33,Male,131
TXN0004621,2024-10-16,11:13:08,Lalitpur Branch,Lalitpur,Internet Banking,Bill Payment,N/A,Savings,8458.31,00,Approved,Success,34,Female,829
TXN0004622,2024-10-16,11:42:28,Biratnagar Main,Morang,POS,Purchase,Debit Card,Savings,4319.04,00,Approved,Success,20,Female,637
TXN0004623,2024-10-16,11:54:19,Kathmandu Main,Kathmandu,ATM,Balance Inquiry,Debit Card,Savings,0.0,00,Approved,Success,45,Male,1752
TXN0004624,2024-10-16,12:52:05,Pokhara Lakeside,Kaski,Mobile Banking,QR Payment,N/A,Savings,3586.83,00,Approved,Success,,Female,266
TXN0004625,2024-10-16,13:00:36,Hetauda Branch,Makwanpur,ATM,Mini Statement,Debit Card,Savings,0.0,96,System Malfunction,Timeout,22,Male,1576
TXN0004626,2024-10-16,13:30:57,New Baneshwor,Kathmandu,Mobile Banking,Mobile Top-up,N/A,Savings,50.0,00,Approved,Success,53,Female,619
TXN0004627,2024-10-16,13:46:22,Kathmandu Main,Kathmandu,POS,Refund,Debit Card,Savings,3568.94,00,Approved,Success,57,Male,739
TXN0004628,2024-10-16,14:12:10,Bhaktapur Branch,Bhaktapur,ATM,Balance Inquiry,Debit Card,Savings,0.0,00,Approved,Success,46,Male,389
TXN0004629,2024-10-16,16:32:33,Bhaktapur Branch,Bhaktapur,Mobile Banking,Fund Transfer,N/A,Savings,48965.37,00,Approved,Success,38,Male,347
TXN0004630,2024-10-16,16:54:36,Dhangadhi Branch,Kailali,Internet Banking,Fund Transfer,N/A,Savings,34847.53,00,Approved,Success,35,Female,776
TXN0004631,2024-10-16,17:02:27,Dharan Branch,Sunsari,ATM,Cash Withdrawal,Credit Card,Savings,2500.0,00,Approved,Success,42,Male,1240
TXN0004632,2024-10-16,18:03:17,Itahari Branch,Sunsari,Mobile Banking,Bill Payment,N/A,Savings,10115.45,51,Insufficient Funds,Failed,29,Female,1079
TXN0004633,2024-10-16,22:47:57,Lalitpur Branch,Lalitpur,ATM,Balance Inquiry,Debit Card,Savings,0.0,00,Approved,Success,,Female,1306
TXN0004634,2024-10-17,00:28:04,Janakpur Branch,Dhanusha,ATM,Mini Statement,Debit Card,Savings,0.0,00,Approved,Success,29,Female,991
TXN0004635,2024-10-17,04:55:00,New Baneshwor,Kathmandu,ATM,Balance Inquiry,Debit Card,Current,0.0,00,Approved,Success,49,Male,1635
TXN0004636,2024-10-17,07:47:34,Dharan Branch,Sunsari,Internet Banking,Statement Download,N/A,Savings,0.0,00,Approved,Success,40,Male,322
TXN0004637,2024-10-17,09:20:10,Dhangadhi Branch,Kailali,ATM,Mini Statement,Prepaid Card,Savings,0.0,00,Approved,Success,41,Male,1114
TXN0004638,2024-10-17,09:42:14,Lalitpur Branch,Lalitpur,Mobile Banking,Bill Payment,N/A,Savings,7501.34,00,Approved,Success,43,Female,564
TXN0004639,2024-10-17,10:23:35,Kathmandu Main,Kathmandu,ATM,Cash Withdrawal,Debit Card,Savings,2500.0,00,Approved,Success,26,Female,881
TXN0004640,2024-10-17,11:52:41,New Baneshwor,Kathmandu,Mobile Banking,Fund Transfer,N/A,Current,14984.35,00,Approved,Success,35,,489
TXN0004641,2024-10-17,12:10:48,Dhangadhi Branch,Kailali,ATM,Mini Statement,Debit Card,Savings,0.0,00,Approved,Success,44,Female,2065
TXN0004642,2024-10-17,12:58:48,Bhaktapur Branch,Bhaktapur,Mobile Banking,Mobile Top-up,N/A,Current,1000.0,00,Approved,Success,43,Female,799
TXN0004643,2024-10-17,14:15:35,Itahari Branch,Sunsari,Internet Banking,Bill Payment,N/A,Savings,2302.95,00,Approved,Success,25,Male,698
TXN0004644,2024-10-17,14:19:49,Kathmandu Main,Kathmandu,Branch Counter,Cash Deposit,N/A,Savings,129331.54,96,System Malfunction,Timeout,38,,530
TXN0004645,2024-10-17,15:19:01,Bharatpur Branch,Chitwan,ATM,PIN Change,Debit Card,Savings,0.0,00,Approved,Success,35,Male,864
TXN0004646,2024-10-17,15:21:52,Kathmandu Main,Kathmandu,Mobile Banking,QR Payment,N/A,Savings,2348.34,51,Insufficient Funds,Timeout,24,Female,355
TXN0004647,2024-10-17,16:05:36,Bhaktapur Branch,Bhaktapur,POS,Refund,Debit Card,Savings,3939.54,00,Approved,Success,30,Female,870
TXN0004648,2024-10-17,16:32:09,Dharan Branch,Sunsari,ATM,Mini Statement,Debit Card,Savings,0.0,00,Approved,Success,42,Male,595
TXN0004649,2024-10-17,16:37:04,Pokhara Lakeside,Kaski,Internet Banking,Statement Download,N/A,Savings,0.0,00,Approved,Success,18,Male,1224
TXN0004650,2024-10-17,16:38:27,Hetauda Branch,Makwanpur,ATM,PIN Change,Debit Card,Savings,0.0,00,Approved,Success,34,Female,1845
TXN0004651,2024-10-17,16:58:45,Butwal Branch,Rupandehi,ATM,Mini Statement,Debit Card,Savings,0.0,51,Insufficient Funds,Reversed,27,Female,1316
TXN0004652,2024-10-17,17:13:24,Biratnagar Main,Morang,POS,Refund,Debit Card,Savings,7756.41,00,Approved,Success,18,Female,383
TXN0004653,2024-10-17,17:52:04,Butwal Branch,Rupandehi,Mobile Banking,Bill Payment,N/A,Fixed Deposit,2519.04,00,Approved,Success,50,Female,585
TXN0004654,2024-10-17,21:43:38,Lalitpur Branch,Lalitpur,Internet Banking,Fund Transfer,N/A,Savings,58226.03,00,Approved,Success,42,Female,754
TXN0004655,2024-10-17,23:46:14,New Baneshwor,Kathmandu,POS,Refund,Debit Card,Current,9406.35,00,Approved,Success,31,Male,809
TXN0004656,2024-10-18,01:36:14,Kathmandu Main,Kathmandu,Mobile Banking,Bill Payment,N/A,Savings,7687.7,00,Approved,Success,40,Male,226
TXN0004657,2024-10-18,04:30:32,Bharatpur Branch,Chitwan,ATM,Cash Withdrawal,Debit Card,Current,15000.0,00,Approved,Success,48,Male,1594
TXN0004658,2024-10-18,06:00:39,Bhaktapur Branch,Bhaktapur,POS,Purchase,Debit Card,Savings,9252.28,00,Approved,Success,37,Female,741
TXN0004659,2024-10-18,06:16:56,Kathmandu Main,Kathmandu,ATM,PIN Change,Debit Card,Savings,0.0,00,Approved,Success,40,Female,1580
TXN0004660,2024-10-18,06:27:10,Itahari Branch,Sunsari,POS,Refund,Debit Card,Savings,9026.25,00,Approved,Success,50,Female,447
TXN0004661,2024-10-18,08:02:23,Dharan Branch,Sunsari,ATM,PIN Change,Debit Card,Savings,0.0,00,Approved,Success,40,Female,919
TXN0004662,2024-10-18,08:09:30,Dharan Branch,Sunsari,ATM,PIN Change,Debit Card,Current,0.0,00,Approved,Success,32,Male,1521
TXN0004663,2024-10-18,08:13:54,Biratnagar Main,Morang,ATM,Cash Withdrawal,Debit Card,Savings,15000.0,00,Approved,Success,25,Female,1713
TXN0004664,2024-10-18,09:02:11,Bharatpur Branch,Chitwan,POS,Purchase,Prepaid Card,Savings,13318.12,00,Approved,Success,59,Female,1083
TXN0004665,2024-10-18,09:08:25,Hetauda Branch,Makwanpur,ATM,Mini Statement,Debit Card,Savings,0.0,00,Approved,Success,33,Male,983
TXN0004666,2024-10-18,09:33:45,New Baneshwor,Kathmandu,Mobile Banking,QR Payment,N/A,Savings,4833.92,00,Approved,Success,51,Female,735
TXN0004667,2024-10-18,09:43:42,Pokhara Lakeside,Kaski,ATM,PIN Change,Debit Card,Savings,0.0,00,Approved,Success,31,Female,1656
TXN0004668,2024-10-18,10:23:42,Birgunj Branch,Parsa,POS,Refund,Debit Card,Current,9763.21,00,Approved,Success,35,Female,219
TXN0004669,2024-10-18,10:27:37,Butwal Branch,Rupandehi,ATM,PIN Change,Debit Card,Current,0.0,00,Approved,Success,31,Male,716
TXN0004670,2024-10-18,10:38:44,Birgunj Branch,Parsa,Mobile Banking,Mobile Top-up,N/A,Savings,200.0,00,Approved,Success,40,Female,1034
TXN0004671,2024-10-18,10:39:44,Janakpur Branch,Dhanusha,ATM,Mini Statement,Debit Card,Savings,0.0,00,Approved,Success,33,Female,1147
TXN0004672,2024-10-18,12:07:01,Bhaktapur Branch,Bhaktapur,Mobile Banking,Mobile Top-up,N/A,Current,200.0,00,Approved,Success,23,Female,604
TXN0004673,2024-10-18,13:17:56,Bhaktapur Branch,Bhaktapur,Internet Banking,Bill Payment,N/A,Savings,10055.27,55,Incorrect PIN,Reversed,32,Male,870
TXN0004674,2024-10-18,13:19:56,Birgunj Branch,Parsa,ATM,Mini Statement,Debit Card,Savings,0.0,00,Approved,Success,34,Male,589
TXN0004675,2024-10-18,16:56:07,Bhaktapur Branch,Bhaktapur,POS,Refund,Debit Card,Savings,7016.63,00,Approved,Success,32,Female,373
TXN0004676,2024-10-18,17:20:29,Nepalgunj Branch,Banke,ATM,Cash Withdrawal,Debit Card,Savings,15000.0,00,Approved,Success,18,Female,748
TXN0004677,2024-10-18,18:30:07,Lalitpur Branch,Lalitpur,Mobile Banking,QR Payment,N/A,Savings,2266.19,00,Approved,Success,,Male,762
TXN0004678,2024-10-18,18:48:45,Itahari Branch,Sunsari,ATM,PIN Change,Debit Card,Savings,0.0,00,Approved,Success,44,Male,1490
TXN0004679,2024-10-19,00:50:09,Biratnagar Main,Morang,Mobile Banking,Mobile Top-up,N/A,Savings,50.0,00,Approved,Success,27,Female,774
TXN0004680,2024-10-19,01:03:09,Hetauda Branch,Makwanpur,Internet Banking,Fund Transfer,N/A,Savings,81616.58,00,Approved,Success,,Male,540
TXN0004681,2024-10-19,01:06:49,Pokhara Lakeside,Kaski,Internet Banking,Bill Payment,N/A,Savings,11209.45,00,Approved,Success,20,Male,480
TXN0004682,2024-10-19,06:14:19,Birgunj Branch,Parsa,Mobile Banking,Fund Transfer,N/A,Savings,76596.55,00,Approved,Success,61,Female,513
TXN0004683,2024-10-19,07:25:36,Pokhara Lakeside,Kaski,ATM,Cash Withdrawal,Debit Card,Savings,3000.0,00,Approved,Success,35,Female,1507
TXN0004684,2024-10-19,08:50:03,Itahari Branch,Sunsari,Internet Banking,Bill Payment,N/A,Savings,2638.01,00,Approved,Success,38,Male,682
TXN0004685,2024-10-19,09:00:50,Butwal Branch,Rupandehi,Mobile Banking,QR Payment,N/A,Savings,3413.86,00,Approved,Success,49,Male,553
TXN0004686,2024-10-19,09:54:21,Birgunj Branch,Parsa,Mobile Banking,QR Payment,N/A,Current,4458.75,00,Approved,Success,20,Male,267
TXN0004687,2024-10-19,10:02:07,Bharatpur Branch,Chitwan,ATM,PIN Change,Debit Card,Savings,0.0,00,Approved,Success,38,Female,1673
TXN0004688,2024-10-19,11:24:59,Hetauda Branch,Makwanpur,ATM,Balance Inquiry,Debit Card,Savings,0.0,00,Approved,Success,18,Female,1341
TXN0004689,2024-10-19,11:46:54,Dharan Branch,Sunsari,Mobile Banking,Balance Inquiry,N/A,Savings,0.0,00,Approved,Success,49,Male,311
TXN0004690,2024-10-19,12:18:45,Bhaktapur Branch,Bhaktapur,ATM,Balance Inquiry,Prepaid Card,Savings,0.0,00,Approved,Success,23,Female,2123
TXN0004691,2024-10-19,12:54:23,Itahari Branch,Sunsari,Internet Banking,Statement Download,N/A,Current,0.0,00,Approved,Success,34,Female,567
TXN0004692,2024-10-19,13:20:53,Hetauda Branch,Makwanpur,ATM,Mini Statement,Debit Card,Savings,0.0,00,Approved,Success,35,Female,1137
TXN0004693,2024-10-19,14:13:06,Itahari Branch,Sunsari,Branch Counter,Cash Withdrawal,N/A,Savings,500.0,00,Approved,Success,42,Male,354
TXN0004694,2024-10-19,14:24:59,Bhaktapur Branch,Bhaktapur,ATM,Balance Inquiry,Debit Card,Savings,0.0,55,Incorrect PIN,Failed,43,Male,1069
TXN0004695,2024-10-19,14:57:03,Bhaktapur Branch,Bhaktapur,ATM,Cash Withdrawal,Debit Card,Savings,3000.0,00,Approved,Success,,Male,1863
TXN0004696,2024-10-19,15:44:38,Lalitpur Branch,Lalitpur,POS,Refund,Debit Card,Savings,7540.16,00,Approved,Success,54,Female,778
TXN0004697,2024-10-19,15:52:11,Biratnagar Main,Morang,ATM,Cash Withdrawal,Debit Card,Fixed Deposit,1000.0,00,Approved,Success,40,Male,1006
TXN0004698,2024-10-19,16:14:53,Lalitpur Branch,Lalitpur,Mobile Banking,QR Payment,N/A,Savings,4250.1,00,Approved,Success,34,Male,553
TXN0004699,2024-10-19,16:35:37,Dharan Branch,Sunsari,Mobile Banking,Mobile Top-up,N/A,Current,200.0,00,Approved,Success,54,Male,297
TXN0004700,2024-10-19,17:04:03,New Baneshwor,Kathmandu,Mobile Banking,Balance Inquiry,N/A,Savings,0.0,00,Approved,Success,63,Female,806
TXN0004701,2024-10-19,17:14:38,Birgunj Branch,Parsa,Mobile Banking,Bill Payment,N/A,Savings,11986.66,00,Approved,Success,18,Male,422
TXN0004702,2024-10-19,18:02:40,Birgunj Branch,Parsa,POS,Purchase,Debit Card,Savings,7938.29,00,Approved,Success,50,Female,576
TXN0004703,2024-10-19,20:49:51,Hetauda Branch,Makwanpur,POS,Refund,Debit Card,Savings,8640.23,00,Approved,Success,47,Male,756
TXN0004704,2024-10-20,02:21:06,Dharan Branch,Sunsari,Internet Banking,Fund Transfer,N/A,Current,62997.78,00,Approved,Success,33,Male,550
TXN0004705,2024-10-20,08:16:25,Butwal Branch,Rupandehi,Branch Counter,Cash Withdrawal,N/A,Savings,10000.0,00,Approved,Success,35,Female,671
TXN0004706,2024-10-20,09:21:07,Janakpur Branch,Dhanusha,ATM,Mini Statement,Debit Card,Savings,0.0,00,Approved,Success,,Male,1600
TXN0004707,2024-10-20,09:27:24,New Baneshwor,Kathmandu,ATM,Cash Withdrawal,Debit Card,Savings,2000.0,00,Approved,Success,21,Female,976
TXN0004708,2024-10-20,09:48:15,Pokhara Lakeside,Kaski,Branch Counter,Fund Transfer,N/A,Fixed Deposit,19316.7,00,Approved,Success,36,Female,568
TXN0004709,2024-10-20,09:50:59,Bharatpur Branch,Chitwan,ATM,Mini Statement,Credit Card,Current,0.0,00,Approved,Success,25,Female,1206
TXN0004710,2024-10-20,09:59:28,Itahari Branch,Sunsari,Internet Banking,Statement Download,N/A,Savings,0.0,00,Approved,Success,50,Male,900
TXN0004711,2024-10-20,10:08:06,Pokhara Lakeside,Kaski,POS,Purchase,Debit Card,Fixed Deposit,4273.55,00,Approved,Success,30,Male,435
TXN0004712,2024-10-20,10:50:29,Bhaktapur Branch,Bhaktapur,ATM,Cash Withdrawal,Debit Card,Savings,3000.0,00,Approved,Success,48,Female,1507
TXN0004713,2024-10-20,11:04:54,Birgunj Branch,Parsa,POS,Purchase,Debit Card,Savings,4710.31,00,Approved,Success,48,Male,615
TXN0004714,2024-10-20,11:08:45,Pokhara Lakeside,Kaski,Mobile Banking,QR Payment,N/A,Savings,1776.8,00,Approved,Success,49,Female,399
TXN0004715,2024-10-20,11:20:41,Butwal Branch,Rupandehi,ATM,Balance Inquiry,Prepaid Card,Savings,0.0,00,Approved,Success,37,Female,505
TXN0004716,2024-10-20,13:17:19,New Baneshwor,Kathmandu,ATM,Balance Inquiry,Debit Card,Savings,0.0,00,Approved,Success,38,Male,1016
TXN0004717,2024-10-20,13:21:17,Birgunj Branch,Parsa,Mobile Banking,Fund Transfer,N/A,Current,95734.83,00,Approved,Success,47,Female,601
TXN0004718,2024-10-20,13:41:38,Dhangadhi Branch,Kailali,POS,Purchase,Debit Card,Savings,13287.64,00,Approved,Success,18,Male,323
TXN0004719,2024-10-20,13:42:44,Bhaktapur Branch,Bhaktapur,Mobile Banking,Balance Inquiry,N/A,Savings,0.0,00,Approved,Success,42,Female,655
TXN0004720,2024-10-20,14:12:06,Bhaktapur Branch,Bhaktapur,Branch Counter,Cash Deposit,N/A,Savings,129058.75,96,System Malfunction,Reversed,34,Female,360
TXN0004721,2024-10-20,14:15:07,Hetauda Branch,Makwanpur,ATM,Cash Withdrawal,Debit Card,Savings,1500.0,00,Approved,Success,27,Female,1629
TXN0004722,2024-10-20,14:54:57,Hetauda Branch,Makwanpur,ATM,Cash Withdrawal,Debit Card,Savings,10000.0,00,Approved,Success,20,Male,1370
TXN0004723,2024-10-20,15:02:16,Butwal Branch,Rupandehi,Internet Banking,Balance Inquiry,N/A,Savings,0.0,55,Incorrect PIN,Timeout,34,Female,746
TXN0004724,2024-10-20,15:07:19,Itahari Branch,Sunsari,Mobile Banking,QR Payment,N/A,Current,2238.42,00,Approved,Success,32,Male,80
TXN0004725,2024-10-20,16:01:06,Dharan Branch,Sunsari,ATM,PIN Change,Debit Card,Savings,0.0,00,Approved,Success,52,Female,1106
TXN0004726,2024-10-20,16:30:35,Birgunj Branch,Parsa,ATM,Balance Inquiry,Credit Card,Savings,0.0,00,Approved,Success,45,Female,903
TXN0004727,2024-10-20,16:59:30,Dharan Branch,Sunsari,Internet Banking,Balance Inquiry,N/A,Savings,0.0,00,Approved,Success,30,Female,398
TXN0004728,2024-10-20,17:29:08,Bharatpur Branch,Chitwan,POS,Purchase,Debit Card,Savings,10236.4,00,Approved,Success,,Female,637
TXN0004729,2024-10-20,18:27:41,Hetauda Branch,Makwanpur,ATM,Balance Inquiry,Debit Card,Savings,0.0,00,Approved,Success,51,Male,979
TXN0004730,2024-10-21,02:21:00,Butwal Branch,Rupandehi,Mobile Banking,Mobile Top-up,N/A,Savings,1000.0,00,Approved,Success,31,Female,644
TXN0004731,2024-10-21,06:25:55,Kathmandu Main,Kathmandu,ATM,Cash Withdrawal,Prepaid Card,Fixed Deposit,1000.0,00,Approved,Success,30,Female,987
TXN0004732,2024-10-21,07:50:55,Hetauda Branch,Makwanpur,Internet Banking,Fund Transfer,N/A,Savings,11233.0,00,Approved,Success,24,Female,518
TXN0004733,2024-10-21,08:36:04,New Baneshwor,Kathmandu,Internet Banking,Balance Inquiry,N/A,Savings,0.0,00,Approved,Success,29,Female,878
TXN0004734,2024-10-21,09:52:46,Dharan Branch,Sunsari,ATM,Mini Statement,Debit Card,Savings,0.0,00,Approved,Success,41,Female,1236
TXN0004735,2024-10-21,09:54:04,Lalitpur Branch,Lalitpur,POS,Refund,Debit Card,Savings,8751.7,00,Approved,Success,,Female,741
TXN0004736,2024-10-21,09:55:13,Dhangadhi Branch,Kailali,Internet Banking,Balance Inquiry,N/A,Savings,0.0,00,Approved,Success,28,Male,256
TXN0004737,2024-10-21,10:26:40,Kathmandu Main,Kathmandu,ATM,Mini Statement,Debit Card,Savings,0.0,00,Approved,Success,31,Male,847
TXN0004738,2024-10-21,10:47:50,Lalitpur Branch,Lalitpur,POS,Purchase,Credit Card,Savings,2072.69,00,Approved,Success,18,Female,510
TXN0004739,2024-10-21,12:10:34,Biratnagar Main,Morang,ATM,Mini Statement,Debit Card,Savings,0.0,00,Approved,Success,30,Female,1535
TXN0004740,2024-10-21,13:11:32,Dharan Branch,Sunsari,POS,Purchase,Debit Card,Savings,11366.95,51,Insufficient Funds,Timeout,22,Male,325
TXN0004741,2024-10-21,13:12:20,New Baneshwor,Kathmandu,ATM,Mini Statement,Debit Card,Savings,0.0,00,Approved,Success,24,Male,869
TXN0004742,2024-10-21,13:19:58,Dharan Branch,Sunsari,ATM,Mini Statement,Debit Card,Savings,0.0,00,Approved,Success,22,Male,1475
TXN0004743,2024-10-21,13:23:54,Kathmandu Main,Kathmandu,Mobile Banking,QR Payment,N/A,Savings,377.91,00,Approved,Success,24,Male,741
TXN0004744,2024-10-21,13:41:35,Nepalgunj Branch,Banke,Mobile Banking,Mobile Top-up,N/A,Savings,100.0,00,Approved,Success,22,Female,938
TXN0004745,2024-10-21,13:48:55,Lalitpur Branch,Lalitpur,Internet Banking,Statement Download,N/A,Savings,0.0,00,Approved,Success,18,Male,649
TXN0004746,2024-10-21,13:50:24,Dharan Branch,Sunsari,Mobile Banking,Balance Inquiry,N/A,Savings,0.0,00,Approved,Success,18,Female,563
TXN0004747,2024-10-21,15:45:11,Pokhara Lakeside,Kaski,ATM,Cash Withdrawal,Debit Card,Savings,500.0,00,Approved,Success,47,Female,1617
TXN0004748,2024-10-21,16:50:07,Lalitpur Branch,Lalitpur,ATM,Balance Inquiry,Debit Card,Savings,0.0,00,Approved,Success,27,Male,1565
TXN0004749,2024-10-21,17:07:32,Biratnagar Main,Morang,ATM,Balance Inquiry,Debit Card,Savings,0.0,00,Approved,Success,44,Male,907
TXN0004750,2024-10-21,17:38:10,Pokhara Lakeside,Kaski,ATM,PIN Change,Prepaid Card,Savings,0.0,00,Approved,Success,55,Female,1175
TXN0004751,2024-10-21,18:14:45,Janakpur Branch,Dhanusha,Branch Counter,Fund Transfer,N/A,Savings,56482.12,00,Approved,Success,,Male,385
TXN0004752,2024-10-21,19:47:26,Kathmandu Main,Kathmandu,ATM,Balance Inquiry,Debit Card,Savings,0.0,00,Approved,Success,18,Male,741
TXN0004753,2024-10-21,20:04:45,Itahari Branch,Sunsari,ATM,Balance Inquiry,Credit Card,Savings,0.0,00,Approved,Success,51,Male,1158
TXN0004754,2024-10-21,20:27:25,Dharan Branch,Sunsari,Mobile Banking,QR Payment,N/A,Savings,3233.83,00,Approved,Success,48,Female,919
TXN0004755,2024-10-21,23:18:38,Janakpur Branch,Dhanusha,POS,Purchase,Debit Card,Savings,3881.04,14,Invalid Card,Reversed,32,Male,567
TXN0004756,2024-10-22,00:32:49,Bharatpur Branch,Chitwan,Mobile Banking,QR Payment,N/A,Savings,2803.01,00,Approved,Success,53,Female,606
TXN0004757,2024-10-22,07:07:32,Pokhara Lakeside,Kaski,ATM,PIN Change,Prepaid Card,Savings,0.0,00,Approved,Success,43,Male,1340
TXN0004758,2024-10-22,07:44:02,Kathmandu Main,Kathmandu,Mobile Banking,Bill Payment,N/A,Savings,6145.14,00,Approved,Success,40,Male,510
TXN0004759,2024-10-22,09:38:23,Bhaktapur Branch,Bhaktapur,Mobile Banking,Mobile Top-up,N/A,Savings,500.0,00,Approved,Success,38,Male,498
TXN0004760,2024-10-22,09:49:16,Lalitpur Branch,Lalitpur,Mobile Banking,Mobile Top-up,N/A,Savings,100.0,00,Approved,Success,42,Female,542
TXN0004761,2024-10-22,10:19:15,Nepalgunj Branch,Banke,ATM,PIN Change,Debit Card,Fixed Deposit,0.0,14,Invalid Card,Timeout,40,Male,1069
TXN0004762,2024-10-22,10:32:47,Itahari Branch,Sunsari,POS,Purchase,Prepaid Card,Savings,1147.94,00,Approved,Success,41,Male,509
TXN0004763,2024-10-22,10:51:56,Itahari Branch,Sunsari,ATM,Cash Withdrawal,Debit Card,Current,15000.0,96,System Malfunction,Failed,61,Female,1253
TXN0004764,2024-10-22,11:43:02,New Baneshwor,Kathmandu,ATM,PIN Change,Credit Card,Savings,0.0,00,Approved,Success,50,Male,1076
TXN0004765,2024-10-22,13:36:00,Bhaktapur Branch,Bhaktapur,ATM,Balance Inquiry,Debit Card,Savings,0.0,91,Issuer Unavailable,Failed,,Female,1586
TXN0004766,2024-10-22,13:44:24,Janakpur Branch,Dhanusha,ATM,Mini Statement,Debit Card,Savings,0.0,00,Approved,Success,43,Female,1425
TXN0004767,2024-10-22,14:03:06,Birgunj Branch,Parsa,ATM,Mini Statement,Credit Card,Savings,0.0,00,Approved,Success,33,Female,875
TXN0004768,2024-10-22,14:49:10,Kathmandu Main,Kathmandu,Mobile Banking,Bill Payment,N/A,Savings,2341.64,00,Approved,Success,31,Female,341
TXN0004769,2024-10-22,15:01:25,Biratnagar Main,Morang,POS,Refund,Debit Card,Savings,1734.27,00,Approved,Success,18,Female,373
TXN0004770,2024-10-22,15:24:29,New Baneshwor,Kathmandu,POS,Purchase,Debit Card,Savings,1842.9,00,Approved,Success,35,Male,614
TXN0004771,2024-10-22,18:40:46,Pokhara Lakeside,Kaski,Branch Counter,Fund Transfer,N/A,Savings,96994.97,00,Approved,Success,22,Male,1142
TXN0004772,2024-10-22,18:40:59,Bharatpur Branch,Chitwan,Internet Banking,Statement Download,N/A,Savings,0.0,00,Approved,Success,41,Female,936
TXN0004773,2024-10-22,20:55:58,Kathmandu Main,Kathmandu,Mobile Banking,QR Payment,N/A,Savings,2731.8,00,Approved,Success,23,Male,1313
TXN0004774,2024-10-22,21:23:43,Dhangadhi Branch,Kailali,ATM,Cash Withdrawal,Debit Card,Savings,2500.0,00,Approved,Success,24,Female,1227
TXN0004775,2024-10-23,00:27:34,Birgunj Branch,Parsa,Mobile Banking,QR Payment,N/A,Current,3826.67,00,Approved,Success,,Female,632
TXN0004776,2024-10-23,04:57:34,Bhaktapur Branch,Bhaktapur,ATM,Cash Withdrawal,Debit Card,Current,1500.0,00,Approved,Success,,Female,1516
TXN0004777,2024-10-23,07:25:40,Lalitpur Branch,Lalitpur,POS,Purchase,Debit Card,Savings,14519.92,00,Approved,Success,29,Male,103
TXN0004778,2024-10-23,08:05:44,Nepalgunj Branch,Banke,ATM,Cash Withdrawal,Debit Card,Savings,-8000.0,00,Approved,Success,31,Male,1594
TXN0004779,2024-10-23,09:42:45,Itahari Branch,Sunsari,mobile banking,Fund Transfer,N/A,Savings,63255.31,00,Approved,Success,21,Female,798
TXN0004780,2024-10-23,10:04:05,Nepalgunj Branch,Banke,ATM,PIN Change,Debit Card,Savings,0.0,00,Approved,Success,33,Male,1360
TXN0004781,2024-10-23,10:28:26,Bhaktapur Branch,Bhaktapur,Mobile Banking,QR Payment,N/A,Savings,875.26,00,Approved,Success,32,Male,728
TXN0004782,2024-10-23,10:38:59,Birgunj Branch,Parsa,ATM,PIN Change,Debit Card,Savings,0.0,00,Approved,Success,40,Male,1816
TXN0004783,2024-10-23,11:05:07,Kathmandu Main,Kathmandu,POS,Refund,Debit Card,Savings,9345.1,00,Approved,Success,36,Female,649
TXN0004784,2024-10-23,11:06:17,Dhangadhi Branch,Kailali,ATM,Mini Statement,Debit Card,Savings,0.0,00,Approved,Success,20,Female,924
TXN0004785,2024-10-23,11:40:13,Dharan Branch,Sunsari,Mobile Banking,Fund Transfer,N/A,Savings,69220.16,00,Approved,Success,31,Female,418
TXN0004786,2024-10-23,12:04:18,Butwal Branch,Rupandehi,POS,Purchase,Debit Card,Savings,8196.71,00,Approved,Success,43,Female,971
TXN0004787,2024-10-23,12:33:37,Nepalgunj Branch,Banke,Mobile Banking,Fund Transfer,N/A,Savings,98932.83,55,Incorrect PIN,Reversed,37,Male,996
TXN0004788,2024-10-23,13:24:50,Dharan Branch,Sunsari,ATM,Balance Inquiry,Debit Card,Savings,0.0,00,Approved,Success,48,Female,1464
TXN0004789,2024-10-23,13:40:01,Dharan Branch,Sunsari,POS,Purchase,Debit Card,Current,2990.41,00,Approved,Success,23,Male,742
TXN0004790,2024-10-23,14:40:24,Bharatpur Branch,Chitwan,ATM,PIN Change,Debit Card,Savings,0.0,00,Approved,Success,32,Female,1021
TXN0004791,2024-10-23,17:08:01,Bhaktapur Branch,Bhaktapur,POS,Refund,Debit Card,Fixed Deposit,8634.76,00,Approved,Success,26,Male,532
TXN0004792,2024-10-23,17:49:50,Janakpur Branch,Dhanusha,ATM,Balance Inquiry,Debit Card,Savings,0.0,00,Approved,Success,50,Female,1502
TXN0004793,2024-10-24,04:01:31,Birgunj Branch,Parsa,ATM,Mini Statement,Prepaid Card,Savings,0.0,61,Exceeds Withdrawal Limit,Timeout,44,Female,1338
TXN0004794,2024-10-24,07:22:09,Biratnagar Main,Morang,ATM,Balance Inquiry,Debit Card,Savings,0.0,00,Approved,Success,47,Female,1617
TXN0004795,2024-10-24,07:33:37,Butwal Branch,Rupandehi,POS,Purchase,Debit Card,Savings,12244.68,00,Approved,Success,42,Male,787
TXN0004796,2024-10-24,07:43:48,Butwal Branch,Rupandehi,Mobile Banking,Balance Inquiry,N/A,Savings,0.0,00,Approved,Success,18,Male,532
TXN0004797,2024-10-24,08:13:17,Kathmandu Main,Kathmandu,ATM,Balance Inquiry,Debit Card,Savings,0.0,00,Approved,Success,,Female,1244
TXN0004798,2024-10-24,09:27:33,Itahari Branch,Sunsari,POS,Purchase,Debit Card,Savings,7899.46,00,Approved,Success,48,Female,597
TXN0004798,2024-10-24,09:27:33,Itahari Branch,Sunsari,POS,Purchase,Debit Card,Savings,7899.46,00,Approved,Success,48,Female,597
TXN0004799,2024-10-24,10:33:04,Bhaktapur Branch,Bhaktapur,Mobile Banking,Balance Inquiry,N/A,Savings,0.0,00,Approved,Success,47,Male,978
TXN0004800,2024-10-24,12:19:19,Butwal Branch,Rupandehi,Mobile Banking,Fund Transfer,N/A,Savings,2177.88,00,Approved,Success,23,Male,603
TXN0004801,2024-10-24,12:28:30,Birgunj Branch,Parsa,ATM,Balance Inquiry,Debit Card,Savings,0.0,00,Approved,Success,40,Male,1093
TXN0004802,2024-10-24,13:51:14,Dhangadhi Branch,Kailali,Mobile Banking,QR Payment,N/A,Savings,1749.88,00,Approved,Success,58,Male,534
TXN0004803,2024-10-24,13:55:44,Birgunj Branch,Parsa,Mobile Banking,Fund Transfer,N/A,Savings,37587.93,00,Approved,Success,46,Female,436
TXN0004804,2024-10-24,13:57:58,Biratnagar Main,Morang,Mobile Banking,Bill Payment,N/A,Current,2102.09,00,Approved,Success,20,Female,290
TXN0004805,2024-10-24,14:15:52,BHAKTAPUR BRANCH,Bhaktapur,ATM,Cash Withdrawal,Debit Card,Savings,8000.0,00,Approved,Success,18,Female,1413
TXN0004806,2024-10-24,17:09:24,Pokhara Lakeside,Kaski,ATM,PIN Change,Debit Card,Savings,0.0,00,Approved,Success,21,Male,926
TXN0004807,2024-10-24,18:33:15,Nepalgunj Branch,Banke,Mobile Banking,Fund Transfer,N/A,Savings,34603.99,91,Issuer Unavailable,Failed,38,Female,460
TXN0004808,2024-10-24,20:13:48,Bharatpur Branch,Chitwan,Mobile Banking,Bill Payment,N/A,Savings,4648.03,00,Approved,Success,18,Male,299
TXN0004808,2024-10-24,20:13:48,Bharatpur Branch,Chitwan,Mobile Banking,Bill Payment,N/A,Savings,4648.03,00,Approved,Success,18,Male,299
TXN0004809,2024-10-24,20:45:41,Hetauda Branch,Makwanpur,ATM,Cash Withdrawal,Debit Card,Savings,1500.0,00,Approved,Success,33,Male,1203
TXN0004810,2024-10-24,23:03:41,Dhangadhi Branch,Kailali,Internet Banking,Fund Transfer,N/A,Savings,63139.95,00,Approved,Success,18,Male,1083
TXN0004811,2024-10-25,01:41:39,Pokhara Lakeside,Kaski,POS,Refund,Debit Card,Savings,256.64,00,Approved,Success,43,Female,788
TXN0004812,2024-10-25,02:03:08,Lalitpur Branch,Lalitpur,ATM,Cash Withdrawal,Debit Card,Savings,2000.0,00,Approved,Success,29,Female,1203
TXN0004813,2024-10-25,07:13:22,Janakpur Branch,Dhanusha,Mobile Banking,QR Payment,N/A,Savings,959.97,00,Approved,Success,20,Female,403
TXN0004814,2024-10-25,07:40:13,Kathmandu Main,Kathmandu,Mobile Banking,Mobile Top-up,N/A,Savings,50.0,00,Approved,Success,34,Female,571
TXN0004815,2024-10-25,08:24:35,Itahari Branch,Sunsari,ATM,Balance Inquiry,Credit Card,Current,0.0,00,Approved,Success,52,Female,2114
TXN0004816,2024-10-25,09:40:05,Birgunj Branch,Parsa,ATM,PIN Change,Debit Card,Savings,0.0,51,Insufficient Funds,Failed,41,Female,634
TXN0004817,2024-10-25,09:55:25,Hetauda Branch,Makwanpur,ATM,Mini Statement,Prepaid Card,Savings,0.0,00,Approved,Success,53,Male,1492
TXN0004818,2024-10-25,10:29:55,New Baneshwor,Kathmandu,Mobile Banking,Bill Payment,N/A,Fixed Deposit,2227.84,00,Approved,Success,32,Female,874
TXN0004819,2024-10-25,10:36:35,Dharan Branch,Sunsari,Branch Counter,Cash Withdrawal,N/A,Savings,20000.0,00,Approved,Success,18,Male,244
TXN0004820,2024-10-25,10:48:36,New Baneshwor,Kathmandu,ATM,PIN Change,Prepaid Card,Current,0.0,00,Approved,Success,35,Male,592
TXN0004821,2024-10-25,11:12:32,Lalitpur Branch,Lalitpur,ATM,Balance Inquiry,Credit Card,Savings,0.0,00,Approved,Success,31,Female,1152
TXN0004822,2024-10-25,11:19:21,Pokhara Lakeside,Kaski,ATM,Mini Statement,Debit Card,Current,0.0,00,Approved,Success,39,Female,965
TXN0004823,2024-10-25,11:34:56,Dharan Branch,Sunsari,ATM,Balance Inquiry,Prepaid Card,Current,0.0,00,Approved,Success,37,Male,1755
TXN0004824,2024-10-25,11:34:57,Dhangadhi Branch,Kailali,POS,Refund,Debit Card,Fixed Deposit,8090.2,00,Approved,Success,52,Male,334
TXN0004825,2024-10-25,13:49:40,New Baneshwor,Kathmandu,ATM,Cash Withdrawal,Debit Card,Savings,500.0,00,Approved,Success,35,Male,1435
TXN0004826,2024-10-25,13:54:10,Lalitpur Branch,Lalitpur,Mobile Banking,QR Payment,N/A,Savings,3646.42,00,Approved,Success,18,Female,505
TXN0004827,2024-10-25,14:37:54,Itahari Branch,Sunsari,ATM,Cash Withdrawal,Debit Card,Savings,10000.0,00,Approved,Success,29,,1034
TXN0004828,2024-10-25,14:55:07,Birgunj Branch,Parsa,ATM,Mini Statement,Credit Card,Savings,0.0,00,Approved,Success,20,Male,1468
TXN0004829,2024-10-25,15:00:55,Pokhara Lakeside,Kaski,ATM,PIN Change,Debit Card,Current,0.0,00,Approved,Success,37,Female,827
TXN0004830,2024-10-25,15:41:42,Pokhara Lakeside,Kaski,Mobile Banking,Mobile Top-up,N/A,Savings,100.0,00,Approved,Success,37,Female,760
TXN0004831,2024-10-25,17:41:25,Butwal Branch,Rupandehi,Mobile Banking,Bill Payment,N/A,Fixed Deposit,1235.89,00,Approved,Success,27,Female,777
TXN0004832,2024-10-25,17:59:09,Pokhara Lakeside,Kaski,ATM,PIN Change,Debit Card,Savings,0.0,00,Approved,Success,42,Male,1030
TXN0004833,2024-10-25,18:41:10,Itahari Branch,Sunsari,POS,Purchase,Debit Card,Savings,10196.12,00,Approved,Success,31,Male,706
TXN0004834,2024-10-25,19:00:58,Hetauda Branch,Makwanpur,Internet Banking,Bill Payment,N/A,Savings,4466.32,00,Approved,Success,31,Female,1187
TXN0004835,2024-10-25,19:09:10,Nepalgunj Branch,Banke,Internet Banking,Statement Download,N/A,Savings,0.0,00,Approved,Success,27,Male,1025
TXN0004836,2024-10-25,19:42:19,Kathmandu Main,Kathmandu,Mobile Banking,Bill Payment,N/A,Savings,10145.17,00,Approved,Success,18,Female,472
TXN0004837,2024-10-25,19:47:39,Dhangadhi Branch,Kailali,POS,Refund,Debit Card,Current,5140.57,00,Approved,Success,29,Male,686
TXN0004838,2024-10-25,20:30:56,Itahari Branch,Sunsari,Internet Banking,Fund Transfer,N/A,Savings,94675.43,00,Approved,Success,44,Male,687
TXN0004839,2024-10-25,20:32:43,New Baneshwor,Kathmandu,ATM,Mini Statement,Debit Card,Savings,0.0,00,Approved,Success,22,Female,1235
TXN0004840,2024-10-26,07:17:29,BHARATPUR BRANCH,Chitwan,ATM,Cash Withdrawal,Debit Card,Savings,8000.0,00,Approved,Success,45,Male,1095
TXN0004841,2024-10-26,08:38:02,Itahari Branch,Sunsari,Mobile Banking,Fund Transfer,N/A,Savings,36098.08,00,Approved,Success,44,Female,667
TXN0004842,2024-10-26,08:58:30,Bhaktapur Branch,Bhaktapur,ATM,Cash Withdrawal,Credit Card,Current,10000.0,00,Approved,Success,36,Female,955
TXN0004843,2024-10-26,09:56:28,Pokhara Lakeside,Kaski,ATM,PIN Change,Debit Card,Savings,0.0,00,Approved,Success,39,Female,1416
TXN0004844,2024-10-26,09:58:09,Pokhara Lakeside,Kaski,POS,Refund,Debit Card,Savings,8781.08,96,System Malfunction,Reversed,53,Female,369
TXN0004845,2024-10-26,10:30:16,Birgunj Branch,Parsa,Mobile Banking,QR Payment,N/A,Savings,1313.75,96,System Malfunction,Timeout,23,Male,522
TXN0004846,2024-10-26,10:53:29,Janakpur Branch,Dhanusha,ATM,Balance Inquiry,Debit Card,Savings,0.0,00,Approved,Success,43,Female,931
TXN0004847,2024-10-26,11:52:42,Bharatpur Branch,Chitwan,ATM,Cash Withdrawal,Debit Card,Savings,20000.0,00,Approved,Success,52,Female,1552
TXN0004848,2024-10-26,12:41:48,Birgunj Branch,Parsa,POS,Purchase,Debit Card,Savings,12815.96,00,Approved,Success,34,Female,593
TXN0004849,2024-10-26,12:54:07,Nepalgunj Branch,Banke,ATM,Cash Withdrawal,Debit Card,Savings,1000.0,00,Approved,Success,42,Female,1139
TXN0004850,2024-10-26,13:14:24,Dharan Branch,Sunsari,POS,Refund,Debit Card,Savings,685.15,00,Approved,Success,29,Male,810
TXN0004851,2024-10-26,14:49:43,Lalitpur Branch,Lalitpur,ATM,Balance Inquiry,Debit Card,Savings,0.0,00,Approved,Success,41,Male,1242
TXN0004852,2024-10-26,15:13:43,Biratnagar Main,Morang,ATM,Cash Withdrawal,Debit Card,Savings,2500.0,00,Approved,Success,45,Female,993
TXN0004853,2024-10-26,18:23:47,Biratnagar Main,Morang,Mobile Banking,Fund Transfer,N/A,Savings,46512.41,00,Approved,Success,18,Male,558
TXN0004854,2024-10-26,19:01:19,Bhaktapur Branch,Bhaktapur,POS,Purchase,Prepaid Card,Savings,11207.41,00,Approved,Success,45,Female,825
TXN0004855,2024-10-26,19:54:23,Biratnagar Main,Morang,Mobile Banking,Mobile Top-up,N/A,Current,200.0,00,Approved,Success,33,Male,589
TXN0004856,2024-10-26,20:31:15,Dharan Branch,Sunsari,Mobile Banking,Balance Inquiry,N/A,Savings,0.0,00,Approved,Success,28,Male,80
TXN0004857,2024-10-26,23:16:47,Janakpur Branch,Dhanusha,Mobile Banking,Balance Inquiry,N/A,Savings,0.0,00,Approved,Success,36,Female,454
TXN0004858,2024-10-27,04:43:25,Butwal Branch,Rupandehi,ATM,Cash Withdrawal,Debit Card,Savings,1000.0,00,Approved,Success,35,Female,878
TXN0004859,2024-10-27,07:03:33,Dharan Branch,Sunsari,ATM,Mini Statement,Debit Card,Savings,0.0,55,Incorrect PIN,Timeout,43,Male,1366
TXN0004860,2024-10-27,09:20:44,Biratnagar Main,Morang,Mobile Banking,Bill Payment,N/A,Savings,6426.08,00,Approved,Success,68,Male,379
TXN0004861,2024-10-27,10:41:50,Lalitpur Branch,Lalitpur,ATM,Cash Withdrawal,Credit Card,Savings,20000.0,00,Approved,Success,49,Female,859
TXN0004862,2024-10-27,11:34:27,Bhaktapur Branch,Bhaktapur,ATM,Mini Statement,Debit Card,Savings,0.0,00,Approved,Success,23,Male,1522
TXN0004863,2024-10-27,11:37:40,New Baneshwor,Kathmandu,POS,Purchase,Debit Card,Savings,13370.56,00,Approved,Success,32,Male,298
TXN0004864,2024-10-27,11:41:36,Nepalgunj Branch,Banke,Mobile Banking,QR Payment,N/A,Savings,2232.59,00,Approved,Success,40,Female,1131
TXN0004865,2024-10-27,12:19:31,Dharan Branch,Sunsari,POS,Purchase,Prepaid Card,Savings,8624.89,00,Approved,Success,49,Male,470
TXN0004866,2024-10-27,12:39:46,Janakpur Branch,Dhanusha,POS,Purchase,Debit Card,Savings,3161.82,00,Approved,Success,43,Male,528
TXN0004867,2024-10-27,12:44:26,Dhangadhi Branch,Kailali,ATM,PIN Change,Debit Card,Savings,0.0,00,Approved,Success,37,Female,1202
TXN0004868,2024-10-27,13:16:01,Dharan Branch,Sunsari,Mobile Banking,Bill Payment,N/A,Savings,2596.54,00,Approved,Success,32,Female,620
TXN0004869,2024-10-27,13:38:49,Hetauda Branch,Makwanpur,ATM,Cash Withdrawal,Debit Card,Savings,20000.0,00,Approved,Success,20,Male,887
TXN0004870,2024-10-27,14:10:01,Dharan Branch,Sunsari,Mobile Banking,Mobile Top-up,N/A,Savings,1000.0,00,Approved,Success,,Male,636
TXN0004871,2024-10-27,14:13:04,Itahari Branch,Sunsari,Internet Banking,Statement Download,N/A,Current,0.0,00,Approved,Success,23,Female,455
TXN0004872,2024-10-27,14:22:45,Bharatpur Branch,Chitwan,ATM,PIN Change,Debit Card,Savings,0.0,00,Approved,Success,37,Female,992
TXN0004873,2024-10-27,15:18:25,Bharatpur Branch,Chitwan,POS,Purchase,Debit Card,Savings,2224.23,00,Approved,Success,46,Male,690
TXN0004874,2024-10-27,16:08:29,Biratnagar Main,Morang,Mobile Banking,Fund Transfer,N/A,Current,52933.39,00,Approved,Success,38,Female,755
TXN0004875,2024-10-27,19:00:00,Dharan Branch,Sunsari,Mobile Banking,Bill Payment,N/A,Savings,9822.61,00,Approved,Success,34,Female,276
TXN0004876,2024-10-27,19:50:56,Dharan Branch,Sunsari,POS,Refund,Debit Card,Savings,4067.08,00,Approved,Success,37,Male,884
TXN0004877,2024-10-27,20:25:19,Hetauda Branch,Makwanpur,Branch Counter,Fund Transfer,N/A,Fixed Deposit,5706.56,00,Approved,Success,52,Female,318
TXN0004878,2024-10-27,20:33:01,Butwal Branch,Rupandehi,POS,Purchase,Credit Card,Current,7356.98,00,Approved,Success,18,Female,734
TXN0004879,2024-10-28,00:18:39,New Baneshwor,Kathmandu,ATM,Mini Statement,Debit Card,Savings,0.0,51,Insufficient Funds,Timeout,38,Female,1730
TXN0004880,2024-10-28,01:06:33,Birgunj Branch,Parsa,Mobile Banking,QR Payment,N/A,Savings,4966.41,00,Approved,Success,36,Male,602
TXN0004881,2024-10-28,04:58:56,Butwal Branch,Rupandehi,POS,Refund,Debit Card,Savings,3902.09,00,Approved,Success,48,Male,901
TXN0004882,2024-10-28,07:55:28,Biratnagar Main,Morang,pos,Purchase,Credit Card,Savings,14582.04,00,Approved,Success,45,Male,417
TXN0004883,2024-10-28,09:31:41,Birgunj Branch,Parsa,POS,Refund,Debit Card,Savings,1426.73,00,Approved,Success,31,Female,920
TXN0004884,2024-10-28,09:37:28,Dharan Branch,Sunsari,ATM,PIN Change,Prepaid Card,Current,0.0,00,Approved,Success,26,Male,1212
TXN0004885,2024-10-28,09:54:44,Hetauda Branch,Makwanpur,Mobile Banking,Fund Transfer,N/A,Savings,88011.34,00,Approved,Success,24,Female,917
TXN0004886,2024-10-28,10:15:34,Bharatpur Branch,Chitwan,Internet Banking,Fund Transfer,N/A,Current,16083.15,00,Approved,Success,41,Female,335
TXN0004887,2024-10-28,10:30:32,Bhaktapur Branch,Bhaktapur,Mobile Banking,QR Payment,N/A,Savings,52.45,00,Approved,Success,23,Male,426
TXN0004888,2024-10-28,10:31:01,Bharatpur Branch,Chitwan,ATM,PIN Change,Debit Card,Savings,0.0,00,Approved,Success,49,Female,1438
TXN0004888,2024-10-28,10:31:01,Bharatpur Branch,Chitwan,ATM,PIN Change,Debit Card,Savings,0.0,00,Approved,Success,49,Female,1438
TXN0004889,2024-10-28,12:29:32,Biratnagar Main,Morang,ATM,Mini Statement,Debit Card,Savings,0.0,00,Approved,Success,45,Male,1577
TXN0004890,2024-10-28,12:52:23,Janakpur Branch,Dhanusha,ATM,Mini Statement,Debit Card,Savings,0.0,00,Approved,Success,40,Female,1190
TXN0004891,2024-10-28,13:06:28,Pokhara Lakeside,Kaski,ATM,Balance Inquiry,Debit Card,Savings,0.0,00,Approved,Success,34,Female,745
TXN0004892,2024-10-28,13:39:32,Dhangadhi Branch,Kailali,Branch Counter,Cash Deposit,N/A,Savings,141747.69,00,Approved,Success,36,Female,399
TXN0004893,2024-10-28,15:24:23,Dharan Branch,Sunsari,POS,Purchase,Prepaid Card,Savings,13256.73,00,Approved,Success,41,Female,399
TXN0004894,2024-10-28,15:49:38,Birgunj Branch,Parsa,Mobile Banking,Balance Inquiry,N/A,Savings,0.0,00,Approved,Success,40,Female,897
TXN0004895,2024-10-28,15:57:07,Janakpur Branch,Dhanusha,Mobile Banking,Fund Transfer,N/A,Current,8515.97,00,Approved,Success,50,Female,384
TXN0004896,2024-10-28,16:37:56,Nepalgunj Branch,Banke,ATM,PIN Change,Debit Card,Savings,0.0,00,Approved,Success,19,Female,1757
TXN0004897,2024-10-28,18:49:30,Kathmandu Main,Kathmandu,ATM,Mini Statement,Credit Card,Savings,0.0,00,Approved,Success,31,Male,605
TXN0004898,2024-10-28,19:22:22,Butwal Branch,Rupandehi,POS,Purchase,Debit Card,Savings,3401.42,00,Approved,Success,50,Male,763
TXN0004899,2024-10-28,19:46:04,New Baneshwor,Kathmandu,POS,Purchase,Debit Card,Savings,9381.52,00,Approved,Success,57,Female,480
TXN0004900,2024-10-28,21:51:05,Lalitpur Branch,Lalitpur,Mobile Banking,Fund Transfer,N/A,Savings,55416.99,55,Incorrect PIN,Reversed,52,Male,579
TXN0004901,2024-10-28,23:07:11,Kathmandu Main,Kathmandu,Mobile Banking,Balance Inquiry,N/A,Savings,0.0,00,Approved,Success,33,Male,1082
TXN0004902,2024-10-29,08:00:26,Lalitpur Branch,Lalitpur,Internet Banking,Statement Download,N/A,Savings,0.0,00,Approved,Success,21,Male,805
TXN0004903,2024-10-29,08:56:08,Birgunj Branch,Parsa,ATM,PIN Change,Debit Card,Current,0.0,00,Approved,Success,33,Female,1037
TXN0004904,2024-10-29,09:09:43,Butwal Branch,Rupandehi,ATM,Mini Statement,Debit Card,Savings,0.0,00,Approved,Success,32,Male,674
TXN0004905,2024-10-29,09:12:25,Biratnagar Main,Morang,POS,Purchase,Prepaid Card,Savings,3618.49,00,Approved,Success,24,Male,581
TXN0004906,2024-10-29,09:31:39,Biratnagar Main,Morang,ATM,Balance Inquiry,Debit Card,Savings,0.0,00,Approved,Success,39,Male,941
TXN0004906,2024-10-29,09:31:39,Biratnagar Main,Morang,ATM,Balance Inquiry,Debit Card,Savings,0.0,00,Approved,Success,39,Male,941
TXN0004907,2024-10-29,10:43:36,Dhangadhi Branch,Kailali,ATM,Cash Withdrawal,Debit Card,Current,2000.0,00,Approved,Success,38,Female,1546
TXN0004908,2024-10-29,11:12:09,New Baneshwor,Kathmandu,POS,Purchase,Debit Card,Savings,10541.15,51,Insufficient Funds,Timeout,22,Male,546
TXN0004909,2024-10-29,11:40:02,Dhangadhi Branch,Kailali,Internet Banking,Balance Inquiry,N/A,Savings,0.0,00,Approved,Success,18,Male,679
TXN0004910,2024-10-29,12:06:29,Bharatpur Branch,Chitwan,Internet Banking,Bill Payment,N/A,Savings,8871.2,00,Approved,Success,18,Female,342
TXN0004911,2024-10-29,12:23:26,Dharan Branch,Sunsari,Mobile Banking,QR Payment,N/A,Savings,3215.66,00,Approved,Success,26,Male,855
TXN0004912,2024-10-29,12:29:45,Hetauda Branch,Makwanpur,Mobile Banking,Bill Payment,N/A,Current,4937.42,00,Approved,Success,56,Female,283
TXN0004913,2024-10-29,12:31:07,Dharan Branch,Sunsari,POS,Refund,Debit Card,Savings,6152.45,00,Approved,Success,49,Male,324
TXN0004914,2024-10-29,13:26:34,Nepalgunj Branch,Banke,Mobile Banking,Balance Inquiry,N/A,Savings,0.0,61,Exceeds Withdrawal Limit,Failed,41,Male,470
TXN0004915,2024-10-29,13:42:35,Pokhara Lakeside,Kaski,Mobile Banking,Fund Transfer,N/A,Savings,33336.2,00,Approved,Success,29,Female,795
TXN0004916,2024-10-29,13:53:41,New Baneshwor,Kathmandu,Mobile Banking,Fund Transfer,N/A,Savings,83764.35,00,Approved,Success,30,Male,782
TXN0004917,2024-10-29,14:03:09,Nepalgunj Branch,Banke,ATM,Cash Withdrawal,Debit Card,Current,10000.0,51,Insufficient Funds,Failed,44,Male,1048
TXN0004918,2024-10-29,14:39:54,Dharan Branch,Sunsari,Mobile Banking,QR Payment,N/A,Current,1795.01,00,Approved,Success,33,Male,767
TXN0004919,2024-10-29,15:03:17,Dharan Branch,Sunsari,ATM,Balance Inquiry,Debit Card,Savings,0.0,00,Approved,Success,18,Female,1352
TXN0004920,2024-10-29,15:21:37,Birgunj Branch,Parsa,Mobile Banking,QR Payment,N/A,Current,1696.86,00,Approved,Success,48,Female,84
TXN0004921,2024-10-29,15:58:29,Kathmandu Main,Kathmandu,ATM,PIN Change,Debit Card,Savings,0.0,91,Issuer Unavailable,Timeout,34,Female,922
TXN0004922,2024-10-29,16:12:07,Bharatpur Branch,Chitwan,Internet Banking,Balance Inquiry,N/A,Savings,0.0,00,Approved,Success,41,,933
TXN0004923,2024-10-29,16:44:35,Nepalgunj Branch,Banke,Mobile Banking,QR Payment,N/A,Savings,4911.98,00,Approved,Success,30,Female,875
TXN0004924,2024-10-29,19:27:31,Kathmandu Main,Kathmandu,Branch Counter,Account Opening,N/A,Savings,0.0,00,Approved,Success,43,Female,801
TXN0004925,2024-10-29,19:38:36,Birgunj Branch,Parsa,POS,Refund,Debit Card,Savings,5934.27,91,Issuer Unavailable,Failed,18,Female,681
TXN0004926,2024-10-30,04:59:56,Nepalgunj Branch,Banke,POS,Refund,Debit Card,Current,2600.49,00,Approved,Success,25,Female,920
TXN0004927,2024-10-30,08:19:09,Dharan Branch,Sunsari,ATM,Mini Statement,Debit Card,Savings,0.0,00,Approved,Success,38,Male,1338
TXN0004928,2024-10-30,09:51:44,Bharatpur Branch,Chitwan,Mobile Banking,Bill Payment,N/A,Current,6920.57,00,Approved,Success,48,Female,1038
TXN0004929,2024-10-30,11:03:03,Hetauda Branch,Makwanpur,Internet Banking,Statement Download,N/A,Savings,0.0,00,Approved,Success,31,Female,830
TXN0004930,2024-10-30,11:06:04,Hetauda Branch,Makwanpur,ATM,PIN Change,Credit Card,Savings,0.0,00,Approved,Success,18,Male,1824
TXN0004931,2024-10-30,11:43:59,Birgunj Branch,Parsa,ATM,Cash Withdrawal,Debit Card,Savings,10000.0,00,Approved,Success,18,Male,937
TXN0004932,2024-10-30,12:14:27,Birgunj Branch,Parsa,POS,Refund,Prepaid Card,Current,750.44,05,Do Not Honor,Reversed,32,Female,663
TXN0004933,2024-10-30,13:57:26,New Baneshwor,Kathmandu,ATM,Cash Withdrawal,Credit Card,Savings,500.0,00,Approved,Success,52,Female,1336
TXN0004934,2024-10-30,14:29:33,  Dharan Branch  ,Sunsari,ATM,Cash Withdrawal,Debit Card,Savings,20000.0,00,Approved,Success,19,Male,338
TXN0004935,2024-10-30,14:30:02,Kathmandu Main,Kathmandu,ATM,PIN Change,Debit Card,Fixed Deposit,0.0,00,Approved,Success,46,Male,955
TXN0004936,2024-10-30,14:50:57,Butwal Branch,Rupandehi,ATM,PIN Change,Debit Card,Savings,0.0,00,Approved,Success,32,Female,1368
TXN0004937,2024-10-30,15:43:16,Lalitpur Branch,Lalitpur,POS,Purchase,Debit Card,Savings,10624.19,00,Approved,Success,36,Male,483
TXN0004938,2024-10-30,17:11:08,Itahari Branch,Sunsari,POS,Purchase,Debit Card,Savings,402.74,00,Approved,Success,41,Female,594
TXN0004939,2024-10-30,17:19:33,Itahari Branch,Sunsari,ATM,Balance Inquiry,Debit Card,Savings,0.0,00,Approved,Success,18,Male,659
TXN0004940,2024-10-30,18:40:12,Itahari Branch,Sunsari,POS,Refund,Debit Card,Current,6122.82,00,Approved,Success,45,Female,741
TXN0004941,2024-10-30,19:46:54,Nepalgunj Branch,Banke,ATM,PIN Change,Debit Card,Savings,0.0,00,Approved,Success,29,Female,1538
TXN0004942,2024-10-30,20:49:33,Lalitpur Branch,Lalitpur,Mobile Banking,Balance Inquiry,N/A,Savings,0.0,00,Approved,Success,28,Male,869
TXN0004943,2024-10-31,06:27:01,Hetauda Branch,Makwanpur,POS,Purchase,Debit Card,Savings,2954.63,00,Approved,Success,47,Female,545
TXN0004944,2024-10-31,08:52:26,Biratnagar Main,Morang,POS,Refund,Debit Card,Savings,911.74,00,Approved,Success,20,Male,741
TXN0004945,2024-10-31,09:35:08,Janakpur Branch,Dhanusha,Branch Counter,Cash Withdrawal,N/A,Savings,2500.0,00,Approved,Success,24,Male,80
TXN0004946,2024-10-31,11:03:07,Janakpur Branch,Dhanusha,ATM,PIN Change,Debit Card,Savings,0.0,00,Approved,Success,32,Female,458
TXN0004947,2024-10-31,13:03:28,Bhaktapur Branch,Bhaktapur,POS,Refund,Debit Card,Savings,506.12,51,Insufficient Funds,Timeout,28,Female,420
TXN0004948,2024-10-31,15:28:04,Itahari Branch,Sunsari,ATM,Cash Withdrawal,Debit Card,Savings,5000.0,00,Approved,Success,18,Female,843
TXN0004949,2024-10-31,16:49:04,Janakpur Branch,Dhanusha,ATM,Cash Withdrawal,Prepaid Card,Savings,5000.0,00,Approved,Success,24,Male,1041
TXN0004950,2024-10-31,17:31:08,Kathmandu Main,Kathmandu,ATM,Cash Withdrawal,Debit Card,Current,1000.0,55,Incorrect PIN,Failed,18,Male,1147
TXN0004951,2024-10-31,18:42:13,Bhaktapur Branch,Bhaktapur,POS,Refund,Debit Card,Savings,8046.83,00,Approved,Success,21,Male,434
TXN0004952,2024-10-31,18:59:12,Dhangadhi Branch,Kailali,Mobile Banking,Bill Payment,N/A,Savings,4018.75,91,Issuer Unavailable,Reversed,22,Female,114
TXN0004953,2024-11-01,08:03:46,Kathmandu Main,Kathmandu,POS,Purchase,Debit Card,Savings,12615.43,00,Approved,Success,45,Female,558
TXN0004954,2024-11-01,08:54:48,Hetauda Branch,Makwanpur,Mobile Banking,Fund Transfer,N/A,Savings,61531.47,00,Approved,Success,45,Female,472
TXN0004955,2024-11-01,09:29:03,Dharan Branch,Sunsari,Internet Banking,Statement Download,N/A,Savings,0.0,00,Approved,Success,27,Male,80
TXN0004956,2024-11-01,11:10:07,Hetauda Branch,Makwanpur,Mobile Banking,Balance Inquiry,N/A,Savings,0.0,00,Approved,Success,43,Male,577
TXN0004957,2024-11-01,11:11:33,Hetauda Branch,Makwanpur,ATM,Mini Statement,Debit Card,Savings,0.0,00,Approved,Success,22,Male,1499
TXN0004958,2024-11-01,11:43:57,  Bharatpur Branch  ,Chitwan,Mobile Banking,Bill Payment,N/A,Current,1237.27,00,Approved,Success,43,Male,835
TXN0004959,2024-11-01,11:52:46,Bharatpur Branch,Chitwan,ATM,PIN Change,Prepaid Card,Savings,0.0,00,Approved,Success,29,Male,1057
TXN0004960,2024-11-01,11:53:46,Biratnagar Main,Morang,ATM,Balance Inquiry,Credit Card,Savings,0.0,00,Approved,Success,59,Female,920
TXN0004961,2024-11-01,12:07:36,Lalitpur Branch,Lalitpur,Internet Banking,Fund Transfer,N/A,Savings,60808.39,00,Approved,Success,23,Male,1092
TXN0004962,2024-11-01,12:16:44,Birgunj Branch,Parsa,POS,Purchase,Debit Card,Savings,7033.49,00,Approved,Success,22,Female,784
TXN0004963,2024-11-01,13:36:50,Dharan Branch,Sunsari,ATM,PIN Change,Debit Card,Savings,0.0,00,Approved,Success,38,Female,1503
TXN0004964,2024-11-01,13:54:05,Butwal Branch,Rupandehi,POS,Refund,Debit Card,Fixed Deposit,3605.37,00,Approved,Success,28,Female,603
TXN0004965,2024-11-01,14:13:33,Dharan Branch,Sunsari,ATM,Mini Statement,Debit Card,Savings,0.0,00,Approved,Success,18,Female,1342
TXN0004966,2024-11-01,15:02:31,Butwal Branch,Rupandehi,ATM,PIN Change,Debit Card,Savings,0.0,00,Approved,Success,18,Male,1274
TXN0004967,2024-11-01,16:09:58,Lalitpur Branch,Lalitpur,Mobile Banking,Mobile Top-up,N/A,Savings,200.0,00,Approved,Success,41,Male,560
TXN0004968,2024-11-01,17:26:43,Butwal Branch,Rupandehi,POS,Refund,Debit Card,Savings,6623.52,00,Approved,Success,37,Female,638
TXN0004969,2024-11-01,17:54:23,Bhaktapur Branch,Bhaktapur,ATM,Balance Inquiry,Debit Card,Savings,0.0,00,Approved,Success,30,Female,561
TXN0004970,2024-11-01,18:14:48,Butwal Branch,Rupandehi,ATM,Balance Inquiry,Debit Card,Savings,0.0,00,Approved,Success,35,Male,1276
TXN0004971,2024-11-01,19:22:44,Biratnagar Main,Morang,ATM,Balance Inquiry,Debit Card,Fixed Deposit,0.0,00,Approved,Success,38,Male,1568
TXN0004972,2024-11-01,20:01:07,Bhaktapur Branch,Bhaktapur,Mobile Banking,Fund Transfer,N/A,Savings,80606.88,00,Approved,Success,41,Male,243
TXN0004973,2024-11-01,20:32:05,Pokhara Lakeside,Kaski,ATM,Cash Withdrawal,Debit Card,Savings,3000.0,00,Approved,Success,23,Female,1093
TXN0004974,2024-11-02,03:57:50,Pokhara Lakeside,Kaski,ATM,PIN Change,Credit Card,Current,0.0,00,Approved,Success,24,Male,1406
TXN0004975,2024-11-02,08:32:46,Bhaktapur Branch,Bhaktapur,ATM,Mini Statement,Prepaid Card,Savings,0.0,00,Approved,Success,33,Female,1188
TXN0004976,2024-11-02,10:09:27,Butwal Branch,Rupandehi,POS,Refund,Debit Card,Savings,677.12,00,Approved,Success,40,Female,688
TXN0004977,2024-11-02,10:17:43,Nepalgunj Branch,Banke,Mobile Banking,Balance Inquiry,N/A,Current,0.0,00,Approved,Success,22,Female,181
TXN0004978,2024-11-02,10:25:44,Lalitpur Branch,Lalitpur,ATM,PIN Change,Prepaid Card,Savings,0.0,00,Approved,Success,31,Male,1192
TXN0004979,2024-11-02,10:55:33,Butwal Branch,Rupandehi,ATM,PIN Change,Debit Card,Savings,0.0,00,Approved,Success,27,Male,912
TXN0004980,2024-11-02,13:01:26,Biratnagar Main,Morang,Mobile Banking,Mobile Top-up,N/A,Savings,500.0,51,Insufficient Funds,Reversed,31,Female,738
TXN0004981,2024-11-02,13:03:03,Itahari Branch,Sunsari,POS,Purchase,Debit Card,Savings,9788.27,00,Approved,Success,30,Male,581
TXN0004982,2024-11-02,13:15:36,Pokhara Lakeside,Kaski,POS,Refund,Debit Card,Savings,9055.13,00,Approved,Success,25,Male,330
TXN0004983,2024-11-02,16:43:09,Bharatpur Branch,Chitwan,ATM,PIN Change,Debit Card,Savings,0.0,96,System Malfunction,Timeout,38,Female,1516
TXN0004984,2024-11-02,16:57:21,Pokhara Lakeside,Kaski,Internet Banking,Fund Transfer,N/A,Savings,28205.94,00,Approved,Success,29,Female,512
TXN0004985,2024-11-02,17:00:55,Dhangadhi Branch,Kailali,Mobile Banking,Balance Inquiry,N/A,Current,0.0,00,Approved,Success,54,Female,687
TXN0004986,2024-11-02,17:53:45,BHAKTAPUR BRANCH,Bhaktapur,ATM,Mini Statement,Debit Card,Current,0.0,00,Approved,Success,21,Male,1790
TXN0004987,2024-11-02,18:59:01,Biratnagar Main,Morang,Mobile Banking,QR Payment,N/A,Savings,2875.19,00,Approved,Success,40,Male,642
TXN0004988,2024-11-02,20:09:53,Kathmandu Main,Kathmandu,ATM,Balance Inquiry,Debit Card,Savings,0.0,00,Approved,Success,29,Female,1755
TXN0004989,2024-11-02,22:01:47,Dharan Branch,Sunsari,Mobile Banking,Fund Transfer,N/A,Savings,20922.0,00,Approved,Success,,Female,1031
TXN0004990,2024-11-02,22:08:44,Dhangadhi Branch,Kailali,Mobile Banking,Bill Payment,N/A,Savings,6298.89,00,Approved,Success,18,Female,642
TXN0004991,2024-11-02,23:16:00,Dhangadhi Branch,Kailali,ATM,Cash Withdrawal,Prepaid Card,Savings,2000.0,00,Approved,Success,29,Female,1137
TXN0004992,2024-11-03,00:47:01,Bhaktapur Branch,Bhaktapur,ATM,Balance Inquiry,Credit Card,Savings,0.0,00,Approved,Success,18,Female,1417
TXN0004993,2024-11-03,02:16:17,Bharatpur Branch,Chitwan,ATM,Balance Inquiry,Prepaid Card,Savings,0.0,00,Approved,Success,49,Female,1010
TXN0004994,2024-11-03,04:55:55,Biratnagar Main,Morang,POS,Purchase,Prepaid Card,Savings,2193.41,00,Approved,Success,32,Male,829
TXN0004995,2024-11-03,06:41:38,Janakpur Branch,Dhanusha,POS,Refund,Debit Card,Savings,7449.35,00,Approved,Success,35,Female,473
TXN0004996,2024-11-03,08:04:47,Bharatpur Branch,Chitwan,ATM,Cash Withdrawal,Debit Card,Current,2500.0,55,Incorrect PIN,Timeout,48,,1000
TXN0004997,2024-11-03,10:21:16,New Baneshwor,Kathmandu,POS,Refund,Credit Card,Current,6725.58,14,Invalid Card,Timeout,33,Female,408
TXN0004998,2024-11-03,10:35:57,New Baneshwor,Kathmandu,ATM,Mini Statement,Debit Card,Savings,0.0,00,Approved,Success,41,Female,1745
TXN0004999,2024-11-03,10:40:11,Janakpur Branch,Dhanusha,Mobile Banking,Fund Transfer,N/A,Current,79061.13,96,System Malfunction,Failed,57,Female,767
TXN0005000,2024-11-03,11:05:15,HETAUDA BRANCH,Makwanpur,Mobile Banking,QR Payment,N/A,Savings,3711.0,00,Approved,Success,34,Female,775
TXN0005001,2024-11-03,11:37:49,Birgunj Branch,Parsa,ATM,Mini Statement,Debit Card,Savings,0.0,00,Approved,Success,43,Female,1156
TXN0005002,2024-11-03,12:38:25,Biratnagar Main,Morang,ATM,Mini Statement,Debit Card,Current,0.0,00,Approved,Success,36,Male,1306
TXN0005003,2024-11-03,13:05:11,Itahari Branch,Sunsari,Mobile Banking,Bill Payment,N/A,Savings,5130.56,00,Approved,Success,45,Male,407
TXN0005004,2024-11-03,13:43:24,Lalitpur Branch,Lalitpur,Mobile Banking,Bill Payment,N/A,Savings,7898.06,00,Approved,Success,38,Female,673
TXN0005005,2024-11-03,15:01:29,Hetauda Branch,Makwanpur,Internet Banking,Bill Payment,N/A,Current,3762.99,00,Approved,Success,18,,530
TXN0005006,2024-11-03,15:24:10,Pokhara Lakeside,Kaski,Internet Banking,Bill Payment,N/A,Savings,1190.13,00,Approved,Success,26,Male,217
TXN0005007,2024-11-03,17:01:53,Dhangadhi Branch,Kailali,ATM,Balance Inquiry,Debit Card,Savings,0.0,00,Approved,Success,37,Male,680
TXN0005008,2024-11-03,19:15:25,Bhaktapur Branch,Bhaktapur,Internet Banking,Fund Transfer,N/A,Current,47682.9,00,Approved,Success,42,Male,787
TXN0005009,2024-11-03,19:18:51,New Baneshwor,Kathmandu,POS,Purchase,Debit Card,Savings,4955.19,00,Approved,Success,31,Male,508
TXN0005010,2024-11-03,23:30:23,Kathmandu Main,Kathmandu,Mobile Banking,Bill Payment,N/A,Savings,750.56,00,Approved,Success,18,Male,655
TXN0005011,2024-11-04,00:23:28,BHAKTAPUR BRANCH,Bhaktapur,ATM,Mini Statement,Debit Card,Savings,0.0,00,Approved,Success,28,Male,691
TXN0005012,2024-11-04,01:01:44,Bharatpur Branch,Chitwan,ATM,Balance Inquiry,Prepaid Card,Current,0.0,00,Approved,Success,18,Female,725
TXN0005013,2024-11-04,02:43:13,Kathmandu Main,Kathmandu,Mobile Banking,Bill Payment,N/A,Savings,7101.3,00,Approved,Success,18,Female,411
TXN0005014,2024-11-04,03:00:26,Dhangadhi Branch,Kailali,Mobile Banking,QR Payment,N/A,Savings,4874.61,00,Approved,Success,32,Male,901
TXN0005015,2024-11-04,07:04:19,Bharatpur Branch,Chitwan,Mobile Banking,Bill Payment,N/A,Savings,9919.37,00,Approved,Success,22,Male,1256
TXN0005016,2024-11-04,07:47:02,Lalitpur Branch,Lalitpur,ATM,Balance Inquiry,Debit Card,Current,0.0,00,Approved,Success,18,Female,1558
TXN0005017,2024-11-04,08:16:52,Birgunj Branch,Parsa,ATM,Balance Inquiry,Prepaid Card,Savings,0.0,00,Approved,Success,31,Male,1057
TXN0005018,2024-11-04,09:05:01,Hetauda Branch,Makwanpur,ATM,Mini Statement,Debit Card,Savings,0.0,00,Approved,Success,37,Male,1189
TXN0005019,2024-11-04,09:36:47,Biratnagar Main,Morang,Branch Counter,Account Opening,N/A,Savings,0.0,00,Approved,Success,41,Male,212
TXN0005020,2024-11-04,10:10:41,Janakpur Branch,Dhanusha,ATM,PIN Change,Prepaid Card,Savings,0.0,00,Approved,Success,46,Female,774
TXN0005021,2024-11-04,10:51:53,Kathmandu Main,Kathmandu,Internet Banking,Bill Payment,N/A,Savings,4638.72,00,Approved,Success,25,Female,946
TXN0005022,2024-11-04,10:59:48,Itahari Branch,Sunsari,ATM,PIN Change,Debit Card,Savings,0.0,00,Approved,Success,54,Female,1101
TXN0005023,2024-11-04,11:12:12,Bharatpur Branch,Chitwan,Mobile Banking,Bill Payment,N/A,Savings,9869.47,00,Approved,Success,35,Male,734
TXN0005024,2024-11-04,14:03:14,  Dharan Branch  ,Sunsari,Mobile Banking,Mobile Top-up,N/A,Savings,200.0,00,Approved,Success,26,Male,291
TXN0005025,2024-11-04,15:13:50,Butwal Branch,Rupandehi,Branch Counter,Fund Transfer,N/A,Savings,85624.34,00,Approved,Success,18,Male,310
TXN0005026,2024-11-04,15:49:43,Birgunj Branch,Parsa,ATM,PIN Change,Prepaid Card,Savings,0.0,55,Incorrect PIN,Failed,30,Male,1086
TXN0005027,2024-11-04,16:10:44,Itahari Branch,Sunsari,ATM,Balance Inquiry,Debit Card,Savings,0.0,00,Approved,Success,18,Male,812
TXN0005028,2024-11-04,16:20:23,  Birgunj Branch  ,Parsa,POS,Purchase,Debit Card,Savings,10302.97,00,Approved,Success,18,Male,525
TXN0005029,2024-11-04,16:22:21,Kathmandu Main,Kathmandu,Mobile Banking,Balance Inquiry,N/A,Savings,0.0,00,Approved,Success,18,Female,422
TXN0005030,2024-11-04,16:26:56,Dharan Branch,Sunsari,POS,Refund,Debit Card,Savings,773.2,00,Approved,Success,29,Male,544
TXN0005031,2024-11-04,17:03:23,BIRGUNJ BRANCH,Parsa,Mobile Banking,Mobile Top-up,N/A,Current,100.0,55,Incorrect PIN,Timeout,36,Female,885
TXN0005032,2024-11-04,17:23:42,Nepalgunj Branch,Banke,POS,Refund,Prepaid Card,Savings,6083.28,00,Approved,Success,30,Female,391
TXN0005033,2024-11-04,17:35:29,Nepalgunj Branch,Banke,ATM,Cash Withdrawal,Prepaid Card,Savings,8000.0,00,Approved,Success,42,Male,1433
TXN0005034,2024-11-04,18:17:53,Biratnagar Main,Morang,Branch Counter,Fund Transfer,N/A,Current,66658.61,00,Approved,Success,47,Male,540
TXN0005035,2024-11-04,19:19:04,New Baneshwor,Kathmandu,POS,Refund,Prepaid Card,Current,7022.66,00,Approved,Success,27,Male,843
TXN0005036,2024-11-04,20:28:10,Bharatpur Branch,Chitwan,ATM,Mini Statement,Debit Card,Savings,0.0,00,Approved,Success,23,Male,1484
TXN0005037,2024-11-04,20:59:37,New Baneshwor,Kathmandu,ATM,Cash Withdrawal,Debit Card,Savings,15000.0,00,Approved,Success,42,Female,1244
TXN0005038,2024-11-04,22:56:11,Hetauda Branch,Makwanpur,ATM,Mini Statement,Debit Card,Savings,0.0,00,Approved,Success,24,Female,1253
TXN0005039,2024-11-05,10:03:40,New Baneshwor,Kathmandu,Branch Counter,Fund Transfer,N/A,Current,88456.65,00,Approved,Success,52,Female,997
TXN0005040,2024-11-05,10:26:10,Itahari Branch,Sunsari,ATM,Balance Inquiry,Debit Card,Savings,0.0,00,Approved,Success,34,Male,1571
TXN0005041,2024-11-05,10:48:10,Nepalgunj Branch,Banke,ATM,Mini Statement,Debit Card,Current,0.0,00,Approved,Success,53,Male,1664
TXN0005042,2024-11-05,11:22:25,Pokhara Lakeside,Kaski,ATM,Cash Withdrawal,Debit Card,Savings,500.0,51,Insufficient Funds,Failed,18,Female,1135
TXN0005043,2024-11-05,11:57:30,Butwal Branch,Rupandehi,POS,Refund,Debit Card,Savings,6335.03,00,Approved,Success,24,Female,765
TXN0005044,2024-11-05,12:21:59,Birgunj Branch,Parsa,POS,Purchase,Debit Card,Savings,7330.51,91,Issuer Unavailable,Failed,48,Female,840
TXN0005045,2024-11-05,13:09:50,Dhangadhi Branch,Kailali,ATM,Balance Inquiry,Debit Card,Savings,0.0,00,Approved,Success,21,Female,1507
TXN0005046,2024-11-05,13:19:50,Itahari Branch,Sunsari,ATM,Mini Statement,Debit Card,Current,0.0,00,Approved,Success,55,Female,1977
TXN0005047,2024-11-05,13:53:47,Dhangadhi Branch,Kailali,Mobile Banking,QR Payment,N/A,Fixed Deposit,3938.18,00,Approved,Success,43,Female,777
TXN0005048,2024-11-05,13:54:30,Dharan Branch,Sunsari,ATM,Cash Withdrawal,Debit Card,Savings,5000.0,00,Approved,Success,31,Male,1506
TXN0005049,2024-11-05,13:58:48,Biratnagar Main,Morang,Mobile Banking,QR Payment,N/A,Savings,266.28,00,Approved,Success,18,Male,580
TXN0005050,2024-11-05,14:40:04,Janakpur Branch,Dhanusha,POS,Refund,Debit Card,Savings,5285.9,96,System Malfunction,Failed,34,Female,291
TXN0005051,2024-11-05,18:24:08,Dhangadhi Branch,Kailali,Mobile Banking,Bill Payment,N/A,Savings,399.87,00,Approved,Success,25,Male,791
TXN0005052,2024-11-05,18:29:02,Kathmandu Main,Kathmandu,Mobile Banking,QR Payment,N/A,Savings,2455.68,00,Approved,Success,48,Male,765
TXN0005053,2024-11-05,20:32:38,Birgunj Branch,Parsa,POS,Purchase,Debit Card,Savings,7399.8,00,Approved,Success,18,Male,366
TXN0005054,2024-11-06,08:00:07,Bhaktapur Branch,Bhaktapur,POS,Purchase,Debit Card,Savings,5237.87,00,Approved,Success,31,Male,80
TXN0005055,2024-11-06,09:10:38,New Baneshwor,Kathmandu,POS,Refund,Credit Card,Current,7126.43,00,Approved,Success,32,Female,809
TXN0005056,2024-11-06,09:26:21,Pokhara Lakeside,Kaski,Mobile Banking,Balance Inquiry,N/A,Current,0.0,00,Approved,Success,18,Female,685
TXN0005057,2024-11-06,09:33:20,Pokhara Lakeside,Kaski,Internet Banking,Balance Inquiry,N/A,Savings,0.0,00,Approved,Success,36,Male,255
TXN0005058,2024-11-06,10:44:35,Dharan Branch,Sunsari,Mobile Banking,Fund Transfer,N/A,Savings,49966.71,00,Approved,Success,50,Female,728
TXN0005059,2024-11-06,11:26:46,Nepalgunj Branch,Banke,POS,Refund,Prepaid Card,Savings,2942.71,00,Approved,Success,26,Male,839
TXN0005060,2024-11-06,11:45:12,Bhaktapur Branch,Bhaktapur,Mobile Banking,Fund Transfer,N/A,Current,96489.72,00,Approved,Success,45,,634
TXN0005061,2024-11-06,11:45:59,Itahari Branch,Sunsari,Mobile Banking,QR Payment,N/A,Savings,2430.0,00,Approved,Success,31,Male,842
TXN0005062,2024-11-06,11:56:08,Pokhara Lakeside,Kaski,Branch Counter,Cash Withdrawal,N/A,Savings,500.0,00,Approved,Success,18,Male,681
TXN0005063,2024-11-06,11:56:23,Bhaktapur Branch,Bhaktapur,Internet Banking,Statement Download,N/A,Savings,0.0,00,Approved,Success,36,Female,671
TXN0005064,2024-11-06,12:29:29,Dharan Branch,Sunsari,Mobile Banking,Fund Transfer,N/A,Savings,4424.52,00,Approved,Success,40,Female,536
TXN0005065,2024-11-06,15:28:05,Butwal Branch,Rupandehi,ATM,Cash Withdrawal,Debit Card,Savings,20000.0,00,Approved,Success,18,Male,1390
TXN0005066,2024-11-06,15:50:54,Bharatpur Branch,Chitwan,ATM,Cash Withdrawal,Debit Card,Savings,15000.0,00,Approved,Success,50,Female,764
TXN0005067,2024-11-06,17:18:19,Bhaktapur Branch,Bhaktapur,Branch Counter,Cash Deposit,N/A,Current,13278.67,00,Approved,Success,41,Male,634
TXN0005068,2024-11-06,18:42:10,Hetauda Branch,Makwanpur,Internet Banking,Bill Payment,N/A,Savings,6324.23,00,Approved,Success,36,Female,801
TXN0005069,2024-11-06,18:53:01,Itahari Branch,Sunsari,ATM,PIN Change,Debit Card,Savings,0.0,00,Approved,Success,43,Female,764
TXN0005070,2024-11-06,19:14:12,New Baneshwor,Kathmandu,Internet Banking,Statement Download,N/A,Savings,0.0,00,Approved,Success,25,Male,188
TXN0005071,2024-11-06,20:32:46,Janakpur Branch,Dhanusha,Mobile Banking,Fund Transfer,N/A,Fixed Deposit,82963.96,00,Approved,Success,,Female,695
TXN0005072,2024-11-06,21:36:30,DHARAN BRANCH,Sunsari,Internet Banking,Balance Inquiry,N/A,Savings,0.0,00,Approved,Success,33,Female,766
TXN0005073,2024-11-06,22:04:03,Itahari Branch,Sunsari,Mobile Banking,QR Payment,N/A,Savings,3888.43,00,Approved,Success,35,Male,524
TXN0005074,2024-11-07,02:47:16,Dharan Branch,Sunsari,Branch Counter,Cash Deposit,N/A,Savings,145217.11,00,Approved,Success,28,Female,439
TXN0005075,2024-11-07,06:57:26,Pokhara Lakeside,Kaski,Internet Banking,Fund Transfer,N/A,Savings,15090.99,91,Issuer Unavailable,Reversed,44,Male,684
TXN0005076,2024-11-07,07:04:49,Dharan Branch,Sunsari,ATM,Balance Inquiry,Debit Card,Savings,0.0,00,Approved,Success,37,Male,1239
TXN0005077,2024-11-07,08:09:55,Dharan Branch,Sunsari,POS,Purchase,Debit Card,Savings,12264.02,00,Approved,Success,38,Male,1041
TXN0005078,2024-11-07,09:23:23,Janakpur Branch,Dhanusha,POS,Refund,Debit Card,Savings,3618.85,00,Approved,Success,35,Male,813
TXN0005079,2024-11-07,09:59:09,Biratnagar Main,Morang,Mobile Banking,Mobile Top-up,N/A,Fixed Deposit,100.0,51,Insufficient Funds,Failed,18,Female,586
TXN0005080,2024-11-07,10:05:27,Bharatpur Branch,Chitwan,ATM,PIN Change,Debit Card,Savings,0.0,96,System Malfunction,Failed,53,Female,1344
TXN0005081,2024-11-07,10:13:44,Dharan Branch,Sunsari,ATM,Balance Inquiry,Credit Card,Fixed Deposit,0.0,96,System Malfunction,Reversed,26,Male,1590
TXN0005082,2024-11-07,10:44:49,Dharan Branch,Sunsari,ATM,Cash Withdrawal,Debit Card,Savings,20000.0,00,Approved,Success,45,Female,1156
TXN0005083,2024-11-07,10:52:28,Dharan Branch,Sunsari,Mobile Banking,QR Payment,N/A,Savings,1677.32,00,Approved,Success,36,Female,583
TXN0005084,2024-11-07,10:54:00,Birgunj Branch,Parsa,ATM,Cash Withdrawal,Prepaid Card,Savings,1500.0,00,Approved,Success,31,Female,1277
TXN0005085,2024-11-07,11:44:30,Nepalgunj Branch,Banke,Internet Banking,Bill Payment,N/A,Savings,9649.85,00,Approved,Success,34,Male,447
TXN0005086,2024-11-07,14:14:39,Biratnagar Main,Morang,POS,Purchase,Debit Card,Savings,11842.83,00,Approved,Success,36,Male,283
TXN0005087,2024-11-07,15:01:47,Dhangadhi Branch,Kailali,Mobile Banking,Bill Payment,N/A,Savings,4901.87,00,Approved,Success,18,Male,405
TXN0005088,2024-11-07,15:47:52,Hetauda Branch,Makwanpur,Mobile Banking,Balance Inquiry,N/A,Fixed Deposit,0.0,00,Approved,Success,46,Female,849
TXN0005089,2024-11-07,18:04:42,Nepalgunj Branch,Banke,POS,Refund,Debit Card,Savings,6682.05,00,Approved,Success,20,Female,965
TXN0005090,2024-11-07,19:24:06,New Baneshwor,Kathmandu,POS,Purchase,Debit Card,Savings,14886.46,00,Approved,Success,26,Male,730
TXN0005091,2024-11-07,19:49:10,Birgunj Branch,Parsa,POS,Purchase,Debit Card,Savings,13461.47,00,Approved,Success,26,Female,719
TXN0005092,2024-11-07,21:50:07,Pokhara Lakeside,Kaski,Internet Banking,Fund Transfer,N/A,Current,65713.07,51,Insufficient Funds,Reversed,34,Male,630
TXN0005093,2024-11-08,02:07:55,Bhaktapur Branch,Bhaktapur,ATM,Mini Statement,Credit Card,Savings,0.0,00,Approved,Success,28,Male,590
TXN0005094,2024-11-08,02:46:50,Lalitpur Branch,Lalitpur,POS,Refund,Debit Card,Fixed Deposit,4363.17,00,Approved,Success,27,Female,864
TXN0005095,2024-11-08,04:53:12,Kathmandu Main,Kathmandu,ATM,Balance Inquiry,Debit Card,Savings,0.0,00,Approved,Success,30,Female,627
TXN0005096,2024-11-08,05:59:24,Kathmandu Main,Kathmandu,POS,Refund,Debit Card,Savings,5276.55,00,Approved,Success,40,Male,103
TXN0005097,2024-11-08,07:49:16,Pokhara Lakeside,Kaski,ATM,Cash Withdrawal,Prepaid Card,Savings,5000.0,00,Approved,Success,33,Male,1622
TXN0005098,2024-11-08,08:59:52,Bharatpur Branch,Chitwan,Mobile Banking,Mobile Top-up,N/A,Current,100.0,00,Approved,Success,34,Female,646
TXN0005099,2024-11-08,09:45:50,Itahari Branch,Sunsari,POS,Refund,Debit Card,Savings,7873.06,00,Approved,Success,18,Female,887
TXN0005100,2024-11-08,10:19:08,Butwal Branch,Rupandehi,ATM,Mini Statement,Debit Card,Current,0.0,51,Insufficient Funds,Timeout,37,Female,1364
TXN0005101,2024-11-08,10:44:27,Dhangadhi Branch,Kailali,Internet Banking,Statement Download,N/A,Savings,0.0,00,Approved,Success,49,Female,278
TXN0005102,2024-11-08,10:50:04,Butwal Branch,Rupandehi,POS,Refund,Debit Card,Current,7036.5,00,Approved,Success,29,Female,446
TXN0005103,2024-11-08,11:18:11,Bhaktapur Branch,Bhaktapur,ATM,Cash Withdrawal,Credit Card,Savings,20000.0,00,Approved,Success,33,Female,878
TXN0005104,2024-11-08,11:32:04,Itahari Branch,Sunsari,Mobile Banking,Bill Payment,N/A,Savings,5956.43,00,Approved,Success,41,Male,935
TXN0005105,2024-11-08,11:56:12,Itahari Branch,Sunsari,ATM,Balance Inquiry,Debit Card,Savings,0.0,00,Approved,Success,18,Female,1293
TXN0005106,2024-11-08,12:06:12,Dhangadhi Branch,Kailali,POS,Purchase,Debit Card,Current,13060.98,00,Approved,Success,28,Female,836
TXN0005107,2024-11-08,12:20:58,Birgunj Branch,Parsa,POS,Purchase,Debit Card,Savings,2983.29,00,Approved,Success,35,Female,518
TXN0005108,2024-11-08,14:04:29,Lalitpur Branch,Lalitpur,Mobile Banking,Fund Transfer,N/A,Savings,34667.69,00,Approved,Success,49,Male,360
TXN0005109,2024-11-08,14:06:56,Itahari Branch,Sunsari,POS,Refund,Prepaid Card,Savings,608.59,05,Do Not Honor,Reversed,26,Female,777
TXN0005110,2024-11-08,14:31:36,Lalitpur Branch,Lalitpur,ATM,PIN Change,Debit Card,Savings,0.0,00,Approved,Success,28,Male,1026
TXN0005111,2024-11-08,15:09:40,New Baneshwor,Kathmandu,POS,Refund,Prepaid Card,Savings,1861.99,00,Approved,Success,40,Female,651
TXN0005112,2024-11-08,15:11:32,Bharatpur Branch,Chitwan,ATM,Cash Withdrawal,Debit Card,Current,20000.0,00,Approved,Success,36,Male,851
TXN0005113,2024-11-08,15:20:07,  Lalitpur Branch  ,Lalitpur,ATM,Cash Withdrawal,Debit Card,Savings,1500.0,00,Approved,Success,32,Male,876
TXN0005114,2024-11-08,16:35:35,Janakpur Branch,Dhanusha,ATM,Cash Withdrawal,Debit Card,Savings,1500.0,00,Approved,Success,45,Female,1727
TXN0005115,2024-11-08,17:53:55,Biratnagar Main,Morang,POS,Purchase,Debit Card,Current,6171.89,00,Approved,Success,62,Male,654
TXN0005116,2024-11-08,18:48:54,Bhaktapur Branch,Bhaktapur,ATM,Mini Statement,Debit Card,Savings,0.0,00,Approved,Success,43,Male,1133
TXN0005117,2024-11-09,09:23:28,Janakpur Branch,Dhanusha,POS,Purchase,Debit Card,Savings,11262.06,00,Approved,Success,31,Male,571
TXN0005118,2024-11-09,09:31:04,Biratnagar Main,Morang,ATM,Cash Withdrawal,Prepaid Card,Savings,3000.0,51,Insufficient Funds,Reversed,43,Male,1684
TXN0005119,2024-11-09,12:19:32,Birgunj Branch,Parsa,POS,Refund,Debit Card,Savings,6520.53,00,Approved,Success,23,Male,810
TXN0005120,2024-11-09,13:42:20,Lalitpur Branch,Lalitpur,ATM,PIN Change,Debit Card,Current,0.0,00,Approved,Success,18,Female,839
TXN0005121,2024-11-09,13:44:34,New Baneshwor,Kathmandu,Mobile Banking,QR Payment,N/A,Savings,3199.18,00,Approved,Success,42,Male,267
TXN0005122,2024-11-09,14:17:10,Kathmandu Main,Kathmandu,Mobile Banking,Bill Payment,N/A,Savings,3139.9,00,Approved,Success,39,Female,871
TXN0005123,2024-11-09,14:45:49,Lalitpur Branch,Lalitpur,ATM,Cash Withdrawal,Debit Card,Savings,1500.0,00,Approved,Success,27,Female,2381
TXN0005124,2024-11-09,14:56:35,Bhaktapur Branch,Bhaktapur,ATM,Cash Withdrawal,Debit Card,Savings,1000.0,00,Approved,Success,32,Female,1025
TXN0005125,2024-11-09,15:05:12,Bhaktapur Branch,Bhaktapur,ATM,PIN Change,Debit Card,Savings,0.0,00,Approved,Success,23,Female,1347
TXN0005126,2024-11-09,15:44:46,Bharatpur Branch,Chitwan,ATM,Mini Statement,Debit Card,Savings,0.0,55,Incorrect PIN,Failed,52,Male,1367
TXN0005127,2024-11-09,16:36:12,Nepalgunj Branch,Banke,Internet Banking,Fund Transfer,N/A,Current,54334.87,00,Approved,Success,42,Female,975
TXN0005128,2024-11-09,16:51:14,Butwal Branch,Rupandehi,Branch Counter,Account Opening,N/A,Savings,0.0,00,Approved,Success,39,Female,617
TXN0005129,2024-11-09,17:19:01,Dhangadhi Branch,Kailali,Branch Counter,Cash Deposit,N/A,Savings,120078.41,00,Approved,Success,37,Male,510
TXN0005130,2024-11-09,18:05:58,Dharan Branch,Sunsari,ATM,PIN Change,Debit Card,Savings,0.0,00,Approved,Success,23,Female,702
TXN0005131,2024-11-09,18:48:24,Kathmandu Main,Kathmandu,ATM,Balance Inquiry,Debit Card,Current,0.0,55,Incorrect PIN,Timeout,48,Female,641
TXN0005132,2024-11-09,20:54:57,Bharatpur Branch,Chitwan,ATM,Cash Withdrawal,Debit Card,Savings,15000.0,00,Approved,Success,25,Male,1402
TXN0005133,2024-11-09,22:06:59,Dhangadhi Branch,Kailali,ATM,Cash Withdrawal,Debit Card,Savings,10000.0,00,Approved,Success,38,Male,1503
TXN0005134,2024-11-10,00:53:08,Kathmandu Main,Kathmandu,ATM,Mini Statement,Debit Card,Savings,0.0,00,Approved,Success,44,Female,1688
TXN0005135,2024-11-10,02:38:15,Dhangadhi Branch,Kailali,ATM,Cash Withdrawal,Debit Card,Savings,3000.0,00,Approved,Success,46,Female,1406
TXN0005136,2024-11-10,05:48:22,Biratnagar Main,Morang,ATM,PIN Change,Prepaid Card,Savings,0.0,00,Approved,Success,28,Female,1034
TXN0005137,2024-11-10,08:20:55,Bhaktapur Branch,Bhaktapur,Mobile Banking,Mobile Top-up,N/A,Savings,1000.0,00,Approved,Success,40,Female,476
TXN0005138,2024-11-10,09:02:26,Nepalgunj Branch,Banke,ATM,Mini Statement,Debit Card,Savings,0.0,00,Approved,Success,48,Female,522
TXN0005139,2024-11-10,09:40:21,Bharatpur Branch,Chitwan,Branch Counter,Fund Transfer,N/A,Current,84603.58,00,Approved,Success,59,Male,542
TXN0005140,2024-11-10,10:02:15,Bharatpur Branch,Chitwan,ATM,Mini Statement,Debit Card,Current,0.0,61,Exceeds Withdrawal Limit,Timeout,,Male,1172
TXN0005141,2024-11-10,11:31:09,Dhangadhi Branch,Kailali,POS,Refund,Debit Card,Current,358.56,00,Approved,Success,43,Female,419
TXN0005142,2024-11-10,11:32:18,New Baneshwor,Kathmandu,Mobile Banking,QR Payment,N/A,Savings,2725.87,00,Approved,Success,29,Male,842
TXN0005143,2024-11-10,11:57:50,Pokhara Lakeside,Kaski,Internet Banking,Bill Payment,N/A,Current,8995.13,00,Approved,Success,28,Male,650
TXN0005144,2024-11-10,12:01:12,Biratnagar Main,Morang,POS,Refund,Debit Card,Savings,2074.35,00,Approved,Success,50,Female,915
TXN0005145,2024-11-10,12:53:07,New Baneshwor,Kathmandu,Internet Banking,Statement Download,N/A,Savings,0.0,00,Approved,Success,31,Female,1141
TXN0005146,2024-11-10,14:22:06,Kathmandu Main,Kathmandu,ATM,Cash Withdrawal,Debit Card,Current,8000.0,00,Approved,Success,51,Male,1326
TXN0005147,2024-11-10,14:28:06,Pokhara Lakeside,Kaski,Mobile Banking,QR Payment,N/A,Savings,2945.47,00,Approved,Success,47,Male,549
TXN0005148,2024-11-10,16:08:57,Butwal Branch,Rupandehi,ATM,Mini Statement,Debit Card,Savings,0.0,00,Approved,Success,21,Female,653
TXN0005149,2024-11-10,17:59:07,Kathmandu Main,Kathmandu,POS,Refund,Debit Card,Savings,7808.28,55,Incorrect PIN,Timeout,36,Female,683
TXN0005150,2024-11-10,20:02:14,Pokhara Lakeside,Kaski,Mobile Banking,QR Payment,N/A,Savings,936.77,55,Incorrect PIN,Timeout,39,Female,498
TXN0005151,2024-11-10,20:36:25,Hetauda Branch,Makwanpur,Mobile Banking,Bill Payment,N/A,Savings,2351.61,00,Approved,Success,32,Male,479
TXN0005152,2024-11-10,22:22:33,Janakpur Branch,Dhanusha,POS,Purchase,Debit Card,Current,1686.19,00,Approved,Success,30,Female,1081
TXN0005153,2024-11-10,23:10:47,New Baneshwor,Kathmandu,Internet Banking,Fund Transfer,N/A,Savings,8431.7,55,Incorrect PIN,Timeout,18,Male,485
TXN0005154,2024-11-10,23:37:45,New Baneshwor,Kathmandu,Mobile Banking,Fund Transfer,N/A,Savings,45427.62,00,Approved,Success,32,Female,551
TXN0005155,2024-11-11,05:44:27,Janakpur Branch,Dhanusha,POS,Purchase,Credit Card,Current,10954.64,00,Approved,Success,65,Female,984
TXN0005156,2024-11-11,08:58:08,Pokhara Lakeside,Kaski,Mobile Banking,Mobile Top-up,N/A,Savings,200.0,00,Approved,Success,41,Female,394
TXN0005157,2024-11-11,09:32:44,Dharan Branch,Sunsari,Branch Counter,Cash Withdrawal,N/A,Current,15000.0,00,Approved,Success,30,Male,209
TXN0005158,2024-11-11,09:33:42,Lalitpur Branch,Lalitpur,ATM,Cash Withdrawal,Debit Card,Savings,2000.0,91,Issuer Unavailable,Failed,41,Female,1372
TXN0005159,2024-11-11,09:46:55,Lalitpur Branch,Lalitpur,POS,Purchase,Debit Card,Savings,5386.72,00,Approved,Success,34,Male,627
TXN0005159,2024-11-11,09:46:55,Lalitpur Branch,Lalitpur,POS,Purchase,Debit Card,Savings,5386.72,00,Approved,Success,34,Male,627
TXN0005160,2024-11-11,10:00:55,Biratnagar Main,Morang,Mobile Banking,Fund Transfer,N/A,Savings,8907.09,00,Approved,Success,63,Male,398
TXN0005161,2024-11-11,10:17:39,Bhaktapur Branch,Bhaktapur,ATM,Balance Inquiry,Debit Card,Current,0.0,00,Approved,Success,46,Male,1128
TXN0005162,2024-11-11,10:19:32,Itahari Branch,Sunsari,POS,Refund,Debit Card,Savings,342.3,00,Approved,Success,41,Female,525
TXN0005163,2024-11-11,10:36:55,Janakpur Branch,Dhanusha,Internet Banking,Balance Inquiry,N/A,Savings,0.0,91,Issuer Unavailable,Reversed,22,Female,1041
TXN0005164,2024-11-11,10:53:57,Bhaktapur Branch,Bhaktapur,Mobile Banking,QR Payment,N/A,Savings,4971.72,00,Approved,Success,28,Male,514
TXN0005165,2024-11-11,10:59:09,Nepalgunj Branch,Banke,POS,Purchase,Credit Card,Savings,9389.17,00,Approved,Success,32,Male,786
TXN0005166,2024-11-11,11:10:22,Biratnagar Main,Morang,Mobile Banking,Fund Transfer,N/A,Savings,74616.71,00,Approved,Success,31,Female,483
TXN0005167,2024-11-11,11:15:54,Bharatpur Branch,Chitwan,POS,Purchase,Debit Card,Savings,996.12,00,Approved,Success,,Female,809
TXN0005168,2024-11-11,11:48:25,Birgunj Branch,Parsa,ATM,Cash Withdrawal,Debit Card,Savings,1500.0,00,Approved,Success,29,Female,1356
TXN0005169,2024-11-11,13:04:21,Dhangadhi Branch,Kailali,POS,Refund,Debit Card,Savings,2338.98,00,Approved,Success,36,Female,564
TXN0005170,2024-11-11,13:06:52,Dharan Branch,Sunsari,POS,Refund,Prepaid Card,Savings,1014.89,55,Incorrect PIN,Failed,26,Male,406
TXN0005171,2024-11-11,13:34:25,Janakpur Branch,Dhanusha,POS,Purchase,Debit Card,Savings,14211.25,00,Approved,Success,40,Male,624
TXN0005172,2024-11-11,14:24:44,Lalitpur Branch,Lalitpur,ATM,Mini Statement,Debit Card,Savings,0.0,00,Approved,Success,18,Female,1181
TXN0005173,2024-11-11,14:35:46,Bharatpur Branch,Chitwan,Mobile Banking,QR Payment,N/A,Savings,4554.39,00,Approved,Success,47,Male,734
TXN0005174,2024-11-11,14:55:52,Pokhara Lakeside,Kaski,ATM,Cash Withdrawal,Debit Card,Current,1000.0,00,Approved,Success,42,Female,952
TXN0005175,2024-11-11,15:33:21,Bharatpur Branch,Chitwan,ATM,Balance Inquiry,Debit Card,Savings,0.0,00,Approved,Success,49,Female,1395
TXN0005176,2024-11-11,16:10:46,Biratnagar Main,Morang,ATM,Mini Statement,Debit Card,Savings,0.0,00,Approved,Success,44,Male,805
TXN0005177,2024-11-11,16:34:12,Biratnagar Main,Morang,POS,Purchase,Debit Card,Savings,13198.82,00,Approved,Success,44,Female,585
TXN0005178,2024-11-11,16:34:29,Nepalgunj Branch,Banke,POS,Purchase,Debit Card,Savings,5637.65,00,Approved,Success,20,Female,545
TXN0005179,2024-11-11,20:19:19,Hetauda Branch,Makwanpur,ATM,Cash Withdrawal,Prepaid Card,Savings,500.0,00,Approved,Success,32,Female,1156
TXN0005180,2024-11-11,22:37:28,Bhaktapur Branch,Bhaktapur,POS,Purchase,Debit Card,Current,2277.82,00,Approved,Success,31,Male,80
TXN0005181,2024-11-12,05:32:33,Bharatpur Branch,Chitwan,ATM,Balance Inquiry,Debit Card,Savings,0.0,55,Incorrect PIN,Failed,18,Female,1819
TXN0005182,2024-11-12,07:04:05,Butwal Branch,Rupandehi,Internet Banking,Bill Payment,N/A,Savings,6058.67,00,Approved,Success,39,Female,467
TXN0005183,2024-11-12,09:40:24,New Baneshwor,Kathmandu,ATM,Balance Inquiry,Debit Card,Savings,0.0,00,Approved,Success,47,Male,1318
TXN0005184,2024-11-12,09:42:06,Dhangadhi Branch,Kailali,Mobile Banking,Fund Transfer,N/A,Current,47098.2,00,Approved,Success,30,Female,575
TXN0005185,2024-11-12,10:08:52,Bharatpur Branch,Chitwan,Mobile Banking,Balance Inquiry,N/A,Savings,0.0,00,Approved,Success,31,Female,423
TXN0005186,2024-11-12,10:15:57,Janakpur Branch,Dhanusha,POS,Purchase,Credit Card,Savings,11802.41,00,Approved,Success,32,Male,718
TXN0005187,2024-11-12,12:00:51,Pokhara Lakeside,Kaski,Mobile Banking,Balance Inquiry,N/A,Savings,0.0,00,Approved,Success,51,Female,467
TXN0005188,2024-11-12,12:24:09,Kathmandu Main,Kathmandu,ATM,PIN Change,Debit Card,Savings,0.0,00,Approved,Success,41,Female,1683
TXN0005189,2024-11-12,12:37:23,New Baneshwor,Kathmandu,Mobile Banking,Mobile Top-up,N/A,Savings,100.0,00,Approved,Success,50,Female,259
TXN0005190,2024-11-12,13:00:42,New Baneshwor,Kathmandu,Mobile Banking,Balance Inquiry,N/A,Current,0.0,00,Approved,Success,35,Male,609
TXN0005191,2024-11-12,14:35:30,Hetauda Branch,Makwanpur,Mobile Banking,Mobile Top-up,N/A,Savings,500.0,91,Issuer Unavailable,Failed,46,Male,850
TXN0005192,2024-11-12,14:53:17,Kathmandu Main,Kathmandu,Mobile Banking,Balance Inquiry,N/A,Savings,0.0,00,Approved,Success,33,Female,684
TXN0005193,2024-11-12,15:07:41,Hetauda Branch,Makwanpur,ATM,PIN Change,Debit Card,Savings,0.0,00,Approved,Success,23,Male,1515
TXN0005194,2024-11-12,15:23:01,Itahari Branch,Sunsari,ATM,Cash Withdrawal,Debit Card,Savings,500.0,00,Approved,Success,35,Female,1719
TXN0005195,2024-11-12,15:35:44,Birgunj Branch,Parsa,POS,Refund,Debit Card,Savings,1631.28,00,Approved,Success,45,Female,915
TXN0005196,2024-11-12,15:37:50,Biratnagar Main,Morang,ATM,Mini Statement,Debit Card,Savings,0.0,00,Approved,Success,30,Female,1397
TXN0005197,2024-11-12,16:07:49,Biratnagar Main,Morang,ATM,Cash Withdrawal,Debit Card,Savings,1000.0,00,Approved,Success,18,,1412
TXN0005198,2024-11-12,17:49:17,Birgunj Branch,Parsa,internet banking,Statement Download,N/A,Savings,0.0,00,Approved,Success,24,Male,343
TXN0005199,2024-11-12,18:28:13,Dhangadhi Branch,Kailali,Internet Banking,Fund Transfer,N/A,Savings,91427.69,00,Approved,Success,50,Female,691
TXN0005200,2024-11-12,18:33:43,Biratnagar Main,Morang,ATM,PIN Change,Debit Card,Current,0.0,51,Insufficient Funds,Timeout,34,Male,359
TXN0005201,2024-11-12,22:45:44,Itahari Branch,Sunsari,Branch Counter,Account Opening,N/A,Savings,0.0,00,Approved,Success,40,Male,340
TXN0005202,2024-11-13,03:29:41,Hetauda Branch,Makwanpur,POS,Refund,Debit Card,Savings,2962.39,00,Approved,Success,31,Male,1162
TXN0005203,2024-11-13,03:54:24,New Baneshwor,Kathmandu,Mobile Banking,Fund Transfer,N/A,Savings,34539.07,00,Approved,Success,32,Female,447
TXN0005204,2024-11-13,05:00:37,Hetauda Branch,Makwanpur,ATM,Mini Statement,Debit Card,Savings,0.0,00,Approved,Success,21,Male,608
TXN0005205,2024-11-13,08:09:57,Pokhara Lakeside,Kaski,Mobile Banking,Balance Inquiry,N/A,Savings,0.0,00,Approved,Success,39,Male,527
TXN0005206,2024-11-13,09:12:00,Lalitpur Branch,Lalitpur,ATM,Mini Statement,Debit Card,Savings,0.0,55,Incorrect PIN,Reversed,63,Male,800
TXN0005207,2024-11-13,09:26:46,Janakpur Branch,Dhanusha,Branch Counter,Cash Deposit,N/A,Current,144754.58,00,Approved,Success,30,Male,633
TXN0005208,2024-11-13,11:01:54,Dhangadhi Branch,Kailali,Mobile Banking,Fund Transfer,N/A,Savings,60432.49,00,Approved,Success,43,Male,322
TXN0005209,2024-11-13,11:03:20,BHARATPUR BRANCH,Chitwan,ATM,Cash Withdrawal,Debit Card,Savings,15000.0,91,Issuer Unavailable,Failed,30,Female,1274
TXN0005210,2024-11-13,12:39:47,Butwal Branch,Rupandehi,Mobile Banking,Balance Inquiry,N/A,Fixed Deposit,0.0,00,Approved,Success,34,Female,724
TXN0005211,2024-11-13,13:15:50,Janakpur Branch,Dhanusha,POS,Purchase,Credit Card,Savings,11463.67,00,Approved,Success,29,Female,514
TXN0005212,2024-11-13,14:40:03,Bharatpur Branch,Chitwan,Mobile Banking,Balance Inquiry,N/A,Current,0.0,00,Approved,Success,66,Male,800
TXN0005213,2024-11-13,16:31:15,Janakpur Branch,Dhanusha,Branch Counter,Cash Deposit,N/A,Savings,83527.38,51,Insufficient Funds,Failed,38,Female,556
TXN0005214,2024-11-13,17:02:40,  Nepalgunj Branch  ,Banke,ATM,PIN Change,Debit Card,Savings,0.0,00,Approved,Success,39,Male,969
TXN0005215,2024-11-13,17:03:58,Dhangadhi Branch,Kailali,POS,Purchase,Debit Card,Savings,14620.43,51,Insufficient Funds,Reversed,25,Male,1047
TXN0005216,2024-11-13,17:55:33,Birgunj Branch,Parsa,Mobile Banking,Mobile Top-up,N/A,Savings,200.0,00,Approved,Success,44,Male,676
TXN0005217,2024-11-13,19:18:04,Lalitpur Branch,Lalitpur,ATM,Balance Inquiry,Debit Card,Current,0.0,00,Approved,Success,46,Male,1348
TXN0005218,2024-11-14,00:00:44,Biratnagar Main,Morang,ATM,Cash Withdrawal,Credit Card,Savings,8000.0,00,Approved,Success,23,Male,1983
TXN0005219,2024-11-14,00:16:56,Dharan Branch,Sunsari,Mobile Banking,Balance Inquiry,N/A,Savings,0.0,00,Approved,Success,31,Male,615
TXN0005220,2024-11-14,07:48:36,Janakpur Branch,Dhanusha,ATM,Cash Withdrawal,Debit Card,Current,20000.0,51,Insufficient Funds,Failed,52,Female,1434
TXN0005221,2024-11-14,08:47:52,Itahari Branch,Sunsari,Internet Banking,Bill Payment,N/A,Fixed Deposit,6836.7,00,Approved,Success,38,Male,896
TXN0005222,2024-11-14,09:46:58,Itahari Branch,Sunsari,Mobile Banking,Balance Inquiry,N/A,Savings,0.0,00,Approved,Success,34,Female,477
TXN0005223,2024-11-14,09:48:44,New Baneshwor,Kathmandu,Mobile Banking,Fund Transfer,N/A,Savings,27964.24,55,Incorrect PIN,Failed,26,Male,1161
TXN0005224,2024-11-14,09:52:48,Hetauda Branch,Makwanpur,Mobile Banking,Mobile Top-up,N/A,Savings,200.0,00,Approved,Success,33,Female,837
TXN0005225,2024-11-14,11:22:16,Biratnagar Main,Morang,Internet Banking,Balance Inquiry,N/A,Savings,0.0,00,Approved,Success,32,Male,626
TXN0005226,2024-11-14,15:41:21,Dharan Branch,Sunsari,POS,Refund,Debit Card,Savings,7361.25,00,Approved,Success,31,Male,437
TXN0005227,2024-11-14,16:10:40,Itahari Branch,Sunsari,Mobile Banking,Bill Payment,N/A,Current,2069.66,00,Approved,Success,33,Female,318
TXN0005228,2024-11-14,16:13:47,Bharatpur Branch,Chitwan,Mobile Banking,Balance Inquiry,N/A,Savings,0.0,00,Approved,Success,31,Male,412
TXN0005229,2024-11-14,16:38:02,Biratnagar Main,Morang,Mobile Banking,Balance Inquiry,N/A,Savings,0.0,00,Approved,Success,25,Female,463
TXN0005230,2024-11-14,17:03:23,Birgunj Branch,Parsa,POS,Purchase,Debit Card,Savings,8646.31,61,Exceeds Withdrawal Limit,Failed,33,Male,372
TXN0005231,2024-11-14,17:52:14,Janakpur Branch,Dhanusha,Internet Banking,Fund Transfer,N/A,Current,41886.74,55,Incorrect PIN,Failed,50,Female,327
TXN0005232,2024-11-14,21:03:13,Nepalgunj Branch,Banke,POS,Refund,Credit Card,Savings,6444.38,00,Approved,Success,40,Male,362
TXN0005233,2024-11-14,22:02:30,Dharan Branch,Sunsari,Mobile Banking,Balance Inquiry,N/A,Savings,0.0,00,Approved,Success,30,Female,965
TXN0005234,2024-11-14,22:16:42,Kathmandu Main,Kathmandu,ATM,Cash Withdrawal,Prepaid Card,Savings,15000.0,00,Approved,Success,,Male,1542
TXN0005235,2024-11-14,23:05:09,Itahari Branch,Sunsari,Mobile Banking,QR Payment,N/A,Current,1448.76,00,Approved,Success,18,Male,533
TXN0005236,2024-11-15,01:42:02,Bhaktapur Branch,Bhaktapur,Mobile Banking,QR Payment,N/A,Savings,2575.18,00,Approved,Success,37,Male,1037
TXN0005237,2024-11-15,01:47:59,New Baneshwor,Kathmandu,POS,Refund,Debit Card,Current,3227.92,00,Approved,Success,18,Male,842
TXN0005238,2024-11-15,08:11:47,Bhaktapur Branch,Bhaktapur,Internet Banking,Statement Download,N/A,Current,0.0,00,Approved,Success,41,Male,648
TXN0005239,2024-11-15,08:36:29,Pokhara Lakeside,Kaski,POS,Purchase,Debit Card,Savings,8040.95,00,Approved,Success,41,Male,546
TXN0005240,2024-11-15,09:32:25,Pokhara Lakeside,Kaski,Mobile Banking,Fund Transfer,N/A,Fixed Deposit,39693.42,00,Approved,Success,19,Male,1100
TXN0005241,2024-11-15,10:11:55,Birgunj Branch,Parsa,POS,Refund,Debit Card,Savings,9189.93,51,Insufficient Funds,Reversed,57,Female,972
TXN0005242,2024-11-15,10:17:37,Nepalgunj Branch,Banke,ATM,PIN Change,Debit Card,Savings,0.0,00,Approved,Success,40,Female,1522
TXN0005243,2024-11-15,10:19:28,New Baneshwor,Kathmandu,POS,Purchase,Credit Card,Savings,5382.84,00,Approved,Success,45,Male,730
TXN0005244,2024-11-15,10:34:16,Nepalgunj Branch,Banke,POS,Refund,Debit Card,Savings,3042.07,00,Approved,Success,22,Male,202
TXN0005245,2024-11-15,11:39:17,New Baneshwor,Kathmandu,ATM,Balance Inquiry,Debit Card,Savings,0.0,00,Approved,Success,50,Female,1446
TXN0005246,2024-11-15,12:09:13,Hetauda Branch,Makwanpur,ATM,Cash Withdrawal,Debit Card,Current,500.0,00,Approved,Success,24,Female,1395
TXN0005247,2024-11-15,12:14:19,Lalitpur Branch,Lalitpur,ATM,Mini Statement,Credit Card,Savings,0.0,96,System Malfunction,Failed,33,Male,977
TXN0005248,2024-11-15,15:29:24,Kathmandu Main,Kathmandu,Mobile Banking,QR Payment,N/A,Savings,1179.93,00,Approved,Success,35,Female,912
TXN0005249,2024-11-15,15:51:04,Kathmandu Main,Kathmandu,Mobile Banking,Bill Payment,N/A,Savings,8646.89,00,Approved,Success,49,Female,831
TXN0005250,2024-11-15,16:16:53,Butwal Branch,Rupandehi,Mobile Banking,Mobile Top-up,N/A,Savings,200.0,00,Approved,Success,43,Female,407
TXN0005251,2024-11-15,17:23:47,Pokhara Lakeside,Kaski,POS,Purchase,Debit Card,Savings,12333.07,00,Approved,Success,19,Male,720
TXN0005252,2024-11-15,19:30:11,Janakpur Branch,Dhanusha,Mobile Banking,Balance Inquiry,N/A,Savings,0.0,00,Approved,Success,18,Female,885
TXN0005253,2024-11-16,07:46:52,Butwal Branch,Rupandehi,Branch Counter,Cash Withdrawal,N/A,Savings,20000.0,00,Approved,Success,35,Female,247
TXN0005254,2024-11-16,08:11:41,Bhaktapur Branch,Bhaktapur,Internet Banking,Fund Transfer,N/A,Savings,50114.67,00,Approved,Success,43,Male,335
TXN0005255,2024-11-16,08:14:39,Dhangadhi Branch,Kailali,ATM,Cash Withdrawal,Debit Card,Savings,1500.0,00,Approved,Success,38,Male,1019
TXN0005256,2024-11-16,09:46:03,Bharatpur Branch,Chitwan,ATM,Balance Inquiry,Debit Card,Fixed Deposit,0.0,00,Approved,Success,51,Female,778
TXN0005257,2024-11-16,09:46:59,Dharan Branch,Sunsari,ATM,Balance Inquiry,Credit Card,Savings,0.0,00,Approved,Success,49,Male,694
TXN0005258,2024-11-16,10:40:29,Itahari Branch,Sunsari,ATM,Mini Statement,Debit Card,Savings,0.0,00,Approved,Success,36,Male,1339
TXN0005259,2024-11-16,10:56:42,Lalitpur Branch,Lalitpur,Internet Banking,Fund Transfer,N/A,Savings,95468.08,00,Approved,Success,31,Male,762
TXN0005260,2024-11-16,11:19:03,Nepalgunj Branch,Banke,ATM,Mini Statement,Debit Card,Savings,0.0,00,Approved,Success,30,Female,1740
TXN0005261,2024-11-16,12:06:07,Bharatpur Branch,Chitwan,Mobile Banking,Bill Payment,N/A,Savings,6815.89,00,Approved,Success,18,Female,687
TXN0005262,2024-11-16,12:08:21,Bhaktapur Branch,Bhaktapur,ATM,Balance Inquiry,Credit Card,Savings,0.0,00,Approved,Success,27,Female,80
TXN0005263,2024-11-16,12:33:15,Butwal Branch,Rupandehi,ATM,Mini Statement,Debit Card,Savings,0.0,00,Approved,Success,33,Male,389
TXN0005264,2024-11-16,13:08:44,Hetauda Branch,Makwanpur,ATM,Balance Inquiry,Debit Card,Savings,0.0,51,Insufficient Funds,Reversed,18,Female,1365
TXN0005265,2024-11-16,13:15:04,Biratnagar Main,Morang,Internet Banking,Balance Inquiry,N/A,Savings,0.0,00,Approved,Success,32,Female,670
TXN0005266,2024-11-16,15:05:46,Lalitpur Branch,Lalitpur,ATM,PIN Change,Credit Card,Fixed Deposit,0.0,55,Incorrect PIN,Reversed,36,Female,1561
TXN0005267,2024-11-16,15:23:22,Dhangadhi Branch,Kailali,pos,Refund,Credit Card,Savings,9821.64,00,Approved,Success,33,Male,727
TXN0005268,2024-11-16,16:00:25,Kathmandu Main,Kathmandu,Internet Banking,Fund Transfer,N/A,Savings,54997.48,00,Approved,Success,18,Female,404
TXN0005269,2024-11-16,16:18:08,Dhangadhi Branch,Kailali,atm,Cash Withdrawal,Debit Card,Savings,2000.0,00,Approved,Success,34,Male,1428
TXN0005270,2024-11-16,17:14:45,Dhangadhi Branch,Kailali,Internet Banking,Fund Transfer,N/A,Savings,17667.01,00,Approved,Success,30,Female,720
TXN0005271,2024-11-16,17:25:05,Lalitpur Branch,Lalitpur,ATM,Mini Statement,Debit Card,Savings,0.0,00,Approved,Success,18,Male,708
TXN0005272,2024-11-16,18:10:50,Itahari Branch,Sunsari,Internet Banking,Statement Download,N/A,Savings,0.0,00,Approved,Success,26,Female,815
TXN0005273,2024-11-16,18:39:41,Lalitpur Branch,Lalitpur,ATM,Cash Withdrawal,Credit Card,Savings,2000.0,00,Approved,Success,47,Male,1754
TXN0005274,2024-11-16,18:45:24,Nepalgunj Branch,Banke,ATM,PIN Change,Debit Card,Savings,0.0,00,Approved,Success,42,Male,1272
TXN0005275,2024-11-16,19:37:59,Dhangadhi Branch,Kailali,Internet Banking,Fund Transfer,N/A,Savings,34727.41,00,Approved,Success,41,Female,383
TXN0005276,2024-11-16,20:01:21,Butwal Branch,Rupandehi,Internet Banking,Balance Inquiry,N/A,Savings,0.0,00,Approved,Success,27,Female,501
TXN0005277,2024-11-16,20:16:48,Bharatpur Branch,Chitwan,ATM,Mini Statement,Debit Card,Savings,0.0,00,Approved,Success,57,Female,1293
TXN0005278,2024-11-17,06:06:32,Itahari Branch,Sunsari,POS,Purchase,Debit Card,Current,13640.17,00,Approved,Success,35,Female,473
TXN0005279,2024-11-17,06:38:42,Bhaktapur Branch,Bhaktapur,ATM,Balance Inquiry,Debit Card,Savings,0.0,00,Approved,Success,30,Female,1129
TXN0005280,2024-11-17,07:19:29,Nepalgunj Branch,Banke,ATM,Mini Statement,Debit Card,Savings,0.0,00,Approved,Success,36,Male,1250
TXN0005281,2024-11-17,07:44:50,Itahari Branch,Sunsari,Mobile Banking,Mobile Top-up,N/A,Current,1000.0,00,Approved,Success,39,Male,335
TXN0005282,2024-11-17,07:51:38,Pokhara Lakeside,Kaski,Mobile Banking,Bill Payment,N/A,Savings,11173.92,00,Approved,Success,34,Female,821
TXN0005283,2024-11-17,09:11:11,Pokhara Lakeside,Kaski,ATM,Balance Inquiry,Debit Card,Savings,0.0,00,Approved,Success,39,Male,1112
TXN0005284,2024-11-17,10:48:12,Birgunj Branch,Parsa,ATM,PIN Change,Debit Card,Savings,0.0,00,Approved,Success,44,Female,1335
TXN0005285,2024-11-17,10:53:23,Kathmandu Main,Kathmandu,POS,Refund,Debit Card,Savings,4226.91,00,Approved,Success,29,Female,915
TXN0005286,2024-11-17,10:58:04,Itahari Branch,Sunsari,ATM,PIN Change,Debit Card,Current,0.0,00,Approved,Success,39,Male,1111
TXN0005287,2024-11-17,11:11:45,Dharan Branch,Sunsari,ATM,Balance Inquiry,Credit Card,Savings,0.0,00,Approved,Success,26,Male,1685
TXN0005288,2024-11-17,11:24:19,Dharan Branch,Sunsari,ATM,Cash Withdrawal,Debit Card,Savings,2500.0,00,Approved,Success,27,Male,2037
TXN0005289,2024-11-17,11:33:37,Dhangadhi Branch,Kailali,Internet Banking,Balance Inquiry,N/A,Savings,0.0,00,Approved,Success,18,Female,694
TXN0005290,2024-11-17,12:14:24,Birgunj Branch,Parsa,Branch Counter,Cash Deposit,N/A,Fixed Deposit,96500.91,00,Approved,Success,45,Female,484
TXN0005291,2024-11-17,12:23:58,Janakpur Branch,Dhanusha,ATM,Cash Withdrawal,Debit Card,Savings,1000.0,00,Approved,Success,34,Male,1451
TXN0005292,2024-11-17,12:37:25,Dharan Branch,Sunsari,ATM,Balance Inquiry,Prepaid Card,Savings,0.0,00,Approved,Success,60,Female,897
TXN0005293,2024-11-17,12:39:03,Dhangadhi Branch,Kailali,POS,Purchase,Debit Card,Current,10280.3,00,Approved,Success,34,Female,581
TXN0005294,2024-11-17,13:15:40,Pokhara Lakeside,Kaski,POS,Purchase,Debit Card,Current,2266.5,00,Approved,Success,18,Male,705
TXN0005295,2024-11-17,13:31:14,Nepalgunj Branch,Banke,POS,Refund,Debit Card,Savings,8913.54,00,Approved,Success,42,Male,416
TXN0005296,2024-11-17,14:07:32,New Baneshwor,Kathmandu,Mobile Banking,Mobile Top-up,N/A,Current,1000.0,00,Approved,Success,18,Male,544
TXN0005297,2024-11-17,14:15:04,Kathmandu Main,Kathmandu,Internet Banking,Fund Transfer,N/A,Savings,57444.42,00,Approved,Success,33,Male,749
TXN0005298,2024-11-17,15:05:28,Lalitpur Branch,Lalitpur,ATM,Mini Statement,Prepaid Card,Savings,0.0,00,Approved,Success,35,Female,859
TXN0005299,2024-11-17,15:05:29,Dhangadhi Branch,Kailali,ATM,PIN Change,Debit Card,Savings,0.0,00,Approved,Success,39,Female,1139
TXN0005300,2024-11-17,15:14:59,Bhaktapur Branch,Bhaktapur,Internet Banking,Fund Transfer,N/A,Current,44837.97,00,Approved,Success,19,Male,524
TXN0005301,2024-11-17,15:28:04,Pokhara Lakeside,Kaski,ATM,Cash Withdrawal,Debit Card,Savings,2500.0,00,Approved,Success,33,Male,1036
TXN0005302,2024-11-17,15:48:44,New Baneshwor,Kathmandu,Mobile Banking,Bill Payment,N/A,Savings,11080.21,00,Approved,Success,,Male,761
TXN0005303,2024-11-17,16:11:13,Hetauda Branch,Makwanpur,ATM,Balance Inquiry,Credit Card,Savings,0.0,00,Approved,Success,41,Female,97
TXN0005304,2024-11-17,20:00:24,Dhangadhi Branch,Kailali,ATM,Cash Withdrawal,Debit Card,Savings,5000.0,00,Approved,Success,28,Female,1290
TXN0005305,2024-11-17,23:11:39,Kathmandu Main,Kathmandu,Mobile Banking,Bill Payment,N/A,Current,3870.11,00,Approved,Success,52,Male,429
TXN0005306,2024-11-18,08:00:37,Nepalgunj Branch,Banke,POS,Refund,Debit Card,Savings,7361.09,00,Approved,Success,18,Male,352
TXN0005307,2024-11-18,10:19:34,Janakpur Branch,Dhanusha,Mobile Banking,Bill Payment,N/A,Current,9580.06,00,Approved,Success,18,Male,718
TXN0005308,2024-11-18,10:38:45,Lalitpur Branch,Lalitpur,POS,Refund,Debit Card,Fixed Deposit,1249.85,00,Approved,Success,43,Female,568
TXN0005309,2024-11-18,11:53:48,Butwal Branch,Rupandehi,ATM,Mini Statement,Prepaid Card,Current,0.0,00,Approved,Success,22,Female,1708
TXN0005310,2024-11-18,12:38:18,Hetauda Branch,Makwanpur,POS,Refund,Debit Card,Savings,7326.77,00,Approved,Success,34,Female,645
TXN0005311,2024-11-18,13:37:18,Lalitpur Branch,Lalitpur,Internet Banking,Fund Transfer,N/A,Savings,73927.55,00,Approved,Success,35,Female,385
TXN0005312,2024-11-18,13:39:07,Hetauda Branch,Makwanpur,ATM,PIN Change,Debit Card,Savings,0.0,00,Approved,Success,31,Male,803
TXN0005313,2024-11-18,14:03:44,Butwal Branch,Rupandehi,Branch Counter,Cash Withdrawal,N/A,Savings,2500.0,00,Approved,Success,33,Female,747
TXN0005314,2024-11-18,14:17:47,Kathmandu Main,Kathmandu,Internet Banking,Fund Transfer,N/A,Savings,85807.92,00,Approved,Success,41,Female,625
TXN0005315,2024-11-18,15:26:11,Pokhara Lakeside,Kaski,Mobile Banking,QR Payment,N/A,Current,3578.52,00,Approved,Success,24,Female,358
TXN0005316,2024-11-18,15:32:06,Butwal Branch,Rupandehi,Mobile Banking,QR Payment,N/A,Savings,69.29,00,Approved,Success,29,Female,529
TXN0005317,2024-11-18,15:51:39,Janakpur Branch,Dhanusha,POS,Refund,Debit Card,Savings,6755.34,00,Approved,Success,43,Female,889
TXN0005318,2024-11-18,18:06:15,Dharan Branch,Sunsari,Internet Banking,Bill Payment,N/A,Savings,1952.45,00,Approved,Success,39,Female,157
TXN0005319,2024-11-18,18:50:14,Butwal Branch,Rupandehi,Branch Counter,Cash Deposit,N/A,Savings,148555.09,00,Approved,Success,20,Male,366
TXN0005320,2024-11-18,19:15:42,Hetauda Branch,Makwanpur,Mobile Banking,Fund Transfer,N/A,Savings,76769.81,00,Approved,Success,19,Male,487
TXN0005321,2024-11-18,19:52:33,Bhaktapur Branch,Bhaktapur,ATM,Cash Withdrawal,Credit Card,Savings,500.0,00,Approved,Success,24,Female,1139
TXN0005322,2024-11-18,20:44:43,Biratnagar Main,Morang,Mobile Banking,Bill Payment,N/A,Savings,8037.53,00,Approved,Success,40,Male,486
TXN0005323,2024-11-19,00:39:51,New Baneshwor,Kathmandu,internet banking,Balance Inquiry,N/A,Savings,0.0,00,Approved,Success,50,Female,363
TXN0005324,2024-11-19,01:30:09,Bhaktapur Branch,Bhaktapur,ATM,Mini Statement,Debit Card,Current,0.0,51,Insufficient Funds,Failed,28,Male,1059
TXN0005325,2024-11-19,01:31:20,Kathmandu Main,Kathmandu,POS,Refund,Debit Card,Current,4249.52,00,Approved,Success,23,Female,111
TXN0005326,2024-11-19,07:43:08,Nepalgunj Branch,Banke,POS,Purchase,Debit Card,Current,4737.7,00,Approved,Success,5,Female,495
TXN0005327,2024-11-19,08:30:36,Lalitpur Branch,Lalitpur,POS,Purchase,Debit Card,Savings,11024.91,00,Approved,Success,40,Female,755
TXN0005328,2024-11-19,10:02:36,Bhaktapur Branch,Bhaktapur,Mobile Banking,Bill Payment,N/A,Savings,4342.97,00,Approved,Success,24,Male,645
TXN0005329,2024-11-19,10:24:57,Bhaktapur Branch,Bhaktapur,ATM,PIN Change,Credit Card,Savings,0.0,00,Approved,Success,37,Male,1013
TXN0005330,2024-11-19,10:53:22,Pokhara Lakeside,Kaski,POS,Purchase,Debit Card,Current,8309.25,00,Approved,Success,28,Female,463
TXN0005331,2024-11-19,11:10:57,Janakpur Branch,Dhanusha,POS,Refund,Debit Card,Savings,2750.57,51,Insufficient Funds,Timeout,38,Male,659
TXN0005332,2024-11-19,11:25:31,Bhaktapur Branch,Bhaktapur,Internet Banking,Balance Inquiry,N/A,Savings,0.0,00,Approved,Success,46,Female,601
TXN0005333,2024-11-19,13:25:04,Bhaktapur Branch,Bhaktapur,Mobile Banking,Bill Payment,N/A,Savings,5890.89,00,Approved,Success,,Female,876
TXN0005334,2024-11-19,14:01:13,Butwal Branch,Rupandehi,ATM,PIN Change,Prepaid Card,Savings,0.0,00,Approved,Success,45,Male,1963
TXN0005335,2024-11-19,16:18:28,Hetauda Branch,Makwanpur,Internet Banking,Statement Download,N/A,Savings,0.0,00,Approved,Success,35,Female,702
TXN0005336,2024-11-19,16:52:43,Nepalgunj Branch,Banke,Branch Counter,Account Opening,N/A,Savings,0.0,00,Approved,Success,30,Female,706
TXN0005337,2024-11-19,18:50:06,Butwal Branch,Rupandehi,ATM,Mini Statement,Debit Card,Savings,0.0,00,Approved,Success,30,Male,720
TXN0005338,2024-11-19,20:41:50,Kathmandu Main,Kathmandu,Mobile Banking,QR Payment,N/A,Savings,1702.01,00,Approved,Success,45,Male,382
TXN0005339,2024-11-19,21:36:58,Itahari Branch,Sunsari,Mobile Banking,Bill Payment,N/A,Savings,3639.83,00,Approved,Success,46,Female,844
TXN0005340,2024-11-20,08:36:50,Dhangadhi Branch,Kailali,ATM,Balance Inquiry,Debit Card,Current,0.0,00,Approved,Success,18,Male,1084
TXN0005341,2024-11-20,09:05:09,Lalitpur Branch,Lalitpur,ATM,Balance Inquiry,Debit Card,Fixed Deposit,0.0,00,Approved,Success,26,Female,1237
TXN0005342,2024-11-20,09:50:51,Pokhara Lakeside,Kaski,ATM,Balance Inquiry,Debit Card,Savings,0.0,00,Approved,Success,23,Male,1499
TXN0005343,2024-11-20,10:12:25,New Baneshwor,Kathmandu,Mobile Banking,Bill Payment,N/A,Savings,10089.04,00,Approved,Success,37,Male,506
TXN0005344,2024-11-20,10:39:39,Bhaktapur Branch,Bhaktapur,ATM,Balance Inquiry,Prepaid Card,Savings,0.0,00,Approved,Success,20,Female,1659
TXN0005345,2024-11-20,10:59:28,Bharatpur Branch,Chitwan,Mobile Banking,Balance Inquiry,N/A,Savings,0.0,00,Approved,Success,43,Female,373
TXN0005346,2024-11-20,11:20:05,Nepalgunj Branch,Banke,ATM,Balance Inquiry,Debit Card,Current,0.0,00,Approved,Success,45,Female,1414
TXN0005347,2024-11-20,11:31:35,Bhaktapur Branch,Bhaktapur,ATM,Mini Statement,Debit Card,Savings,0.0,00,Approved,Success,37,Female,1269
TXN0005348,2024-11-20,11:53:06,Hetauda Branch,Makwanpur,Mobile Banking,Fund Transfer,N/A,Savings,71194.13,00,Approved,Success,47,Female,872
TXN0005349,2024-11-20,12:19:10,Dhangadhi Branch,Kailali,ATM,Mini Statement,Debit Card,Current,0.0,00,Approved,Success,27,Female,1629
TXN0005350,2024-11-20,14:04:50,  Biratnagar Main  ,Morang,ATM,Cash Withdrawal,Prepaid Card,Current,15000.0,00,Approved,Success,41,Female,1389
TXN0005351,2024-11-20,14:12:48,Bharatpur Branch,Chitwan,ATM,Cash Withdrawal,Debit Card,Current,10000.0,00,Approved,Success,18,Female,1133
TXN0005352,2024-11-20,17:23:05,Bhaktapur Branch,Bhaktapur,Internet Banking,Statement Download,N/A,Savings,0.0,00,Approved,Success,34,Female,284
TXN0005353,2024-11-20,18:28:47,Butwal Branch,Rupandehi,Internet Banking,Fund Transfer,N/A,Savings,20796.14,51,Insufficient Funds,Timeout,57,Female,615
TXN0005354,2024-11-21,06:25:41,Pokhara Lakeside,Kaski,Internet Banking,Statement Download,N/A,Fixed Deposit,0.0,00,Approved,Success,18,Female,1005
TXN0005355,2024-11-21,07:58:05,Butwal Branch,Rupandehi,Mobile Banking,Fund Transfer,N/A,Savings,35393.14,00,Approved,Success,18,Female,439
TXN0005356,2024-11-21,08:03:27,Birgunj Branch,Parsa,Mobile Banking,Mobile Top-up,N/A,Savings,50.0,00,Approved,Success,45,Male,316
TXN0005357,2024-11-21,10:02:50,Biratnagar Main,Morang,ATM,Mini Statement,Prepaid Card,Current,0.0,00,Approved,Success,48,Male,1424
TXN0005358,2024-11-21,10:50:58,Hetauda Branch,Makwanpur,Mobile Banking,Bill Payment,N/A,Savings,6515.69,00,Approved,Success,28,Female,522
TXN0005359,2024-11-21,11:20:24,Dharan Branch,Sunsari,Internet Banking,Balance Inquiry,N/A,Savings,0.0,00,Approved,Success,18,Male,749
TXN0005360,2024-11-21,11:24:11,Bhaktapur Branch,Bhaktapur,ATM,Cash Withdrawal,Credit Card,Savings,2000.0,00,Approved,Success,37,Female,1156
TXN0005361,2024-11-21,11:26:43,Bhaktapur Branch,Bhaktapur,ATM,Mini Statement,Debit Card,Savings,0.0,00,Approved,Success,39,Male,1379
TXN0005362,2024-11-21,11:52:04,Kathmandu Main,Kathmandu,POS,Refund,Debit Card,Current,9530.08,51,Insufficient Funds,Timeout,18,Male,462
TXN0005363,2024-11-21,14:22:09,New Baneshwor,Kathmandu,POS,Refund,Prepaid Card,Savings,9185.76,00,Approved,Success,44,Female,607
TXN0005364,2024-11-21,14:30:05,Bharatpur Branch,Chitwan,ATM,PIN Change,Credit Card,Savings,0.0,00,Approved,Success,59,Male,2168
TXN0005365,2024-11-21,15:31:17,Lalitpur Branch,Lalitpur,Mobile Banking,Mobile Top-up,N/A,Current,50.0,00,Approved,Success,38,Female,655
TXN0005366,2024-11-21,17:15:59,Bharatpur Branch,Chitwan,POS,Refund,Debit Card,Savings,5930.93,00,Approved,Success,35,,636
TXN0005367,2024-11-21,17:51:51,Bharatpur Branch,Chitwan,Mobile Banking,QR Payment,N/A,Savings,1008.82,00,Approved,Success,42,Female,792
TXN0005368,2024-11-21,20:12:30,Dhangadhi Branch,Kailali,POS,Purchase,Debit Card,Savings,2546.35,00,Approved,Success,24,Male,686
TXN0005369,2024-11-22,06:30:28,Dhangadhi Branch,Kailali,ATM,Cash Withdrawal,Debit Card,Savings,8000.0,00,Approved,Success,30,Female,1753
TXN0005370,2024-11-22,07:40:28,Janakpur Branch,Dhanusha,POS,Refund,Debit Card,Current,1795.71,00,Approved,Success,48,Male,354
TXN0005371,2024-11-22,08:32:13,Janakpur Branch,Dhanusha,Internet Banking,Statement Download,N/A,Savings,0.0,00,Approved,Success,33,Female,421
TXN0005372,2024-11-22,09:13:31,Bhaktapur Branch,Bhaktapur,Mobile Banking,Mobile Top-up,N/A,Savings,200.0,00,Approved,Success,39,Female,804
TXN0005373,2024-11-22,11:00:59,JANAKPUR BRANCH,Dhanusha,ATM,Cash Withdrawal,Credit Card,Savings,2000.0,00,Approved,Success,26,Female,1934
TXN0005374,2024-11-22,11:22:39,Biratnagar Main,Morang,Mobile Banking,Balance Inquiry,N/A,Savings,0.0,00,Approved,Success,37,Male,1084
TXN0005375,2024-11-22,11:28:14,Bharatpur Branch,Chitwan,Mobile Banking,QR Payment,N/A,Current,2576.66,00,Approved,Success,50,Male,1039
TXN0005375,2024-11-22,11:28:14,Bharatpur Branch,Chitwan,Mobile Banking,QR Payment,N/A,Current,2576.66,00,Approved,Success,50,Male,1039
TXN0005376,2024-11-22,11:29:08,Itahari Branch,Sunsari,ATM,PIN Change,Debit Card,Savings,0.0,00,Approved,Success,35,Female,1066
TXN0005377,2024-11-22,11:48:05,Janakpur Branch,Dhanusha,Mobile Banking,Bill Payment,N/A,Fixed Deposit,9769.64,00,Approved,Success,29,Female,512
TXN0005378,2024-11-22,12:43:16,Butwal Branch,Rupandehi,Mobile Banking,Bill Payment,N/A,Savings,10827.71,00,Approved,Success,35,Female,585
TXN0005379,2024-11-22,13:23:29,New Baneshwor,Kathmandu,ATM,Mini Statement,Debit Card,Fixed Deposit,0.0,00,Approved,Success,150,Female,1665
TXN0005380,2024-11-22,14:35:27,Hetauda Branch,Makwanpur,ATM,Cash Withdrawal,Credit Card,Savings,1500.0,00,Approved,Success,44,Female,1497
TXN0005381,2024-11-22,14:39:14,Pokhara Lakeside,Kaski,Internet Banking,Balance Inquiry,N/A,Savings,0.0,00,Approved,Success,43,Female,988
TXN0005382,2024-11-22,14:45:59,Bhaktapur Branch,Bhaktapur,POS,Refund,Debit Card,Savings,5998.35,00,Approved,Success,38,Male,958
TXN0005383,2024-11-22,14:52:25,New Baneshwor,Kathmandu,ATM,Cash Withdrawal,Credit Card,Savings,5000.0,00,Approved,Success,19,Male,1595
TXN0005384,2024-11-22,16:38:00,Biratnagar Main,Morang,POS,Refund,Credit Card,Savings,6799.69,00,Approved,Success,23,Male,287
TXN0005385,2024-11-22,18:05:18,Hetauda Branch,Makwanpur,pos,Purchase,Debit Card,Savings,11798.06,00,Approved,Success,38,Female,454
TXN0005386,2024-11-23,01:39:48,Kathmandu Main,Kathmandu,Mobile Banking,Mobile Top-up,N/A,Current,100.0,00,Approved,Success,27,Male,1322
TXN0005387,2024-11-23,02:23:12,Dharan Branch,Sunsari,ATM,PIN Change,Credit Card,Savings,0.0,00,Approved,Success,36,Female,1062
TXN0005387,2024-11-23,02:23:12,Dharan Branch,Sunsari,ATM,PIN Change,Credit Card,Savings,0.0,00,Approved,Success,36,Female,1062
TXN0005388,2024-11-23,03:05:13,Pokhara Lakeside,Kaski,ATM,Mini Statement,Debit Card,Savings,0.0,00,Approved,Success,38,Female,1093
TXN0005389,2024-11-23,05:07:06,Birgunj Branch,Parsa,Branch Counter,Cash Deposit,N/A,Fixed Deposit,125388.02,00,Approved,Success,41,Female,800
TXN0005390,2024-11-23,08:34:21,Dhangadhi Branch,Kailali,ATM,PIN Change,Credit Card,Savings,0.0,00,Approved,Success,28,Female,975
TXN0005391,2024-11-23,08:48:13,Butwal Branch,Rupandehi,Mobile Banking,QR Payment,N/A,Savings,4457.58,00,Approved,Success,31,Male,668
TXN0005392,2024-11-23,09:43:38,Nepalgunj Branch,Banke,ATM,Cash Withdrawal,Debit Card,Savings,15000.0,00,Approved,Success,39,Female,979
TXN0005393,2024-11-23,10:24:47,Bhaktapur Branch,Bhaktapur,ATM,Cash Withdrawal,Debit Card,Savings,10000.0,00,Approved,Success,130,Female,932
TXN0005394,2024-11-23,11:10:35,Pokhara Lakeside,Kaski,Branch Counter,Account Opening,N/A,Savings,0.0,00,Approved,Success,25,Female,598
TXN0005395,2024-11-23,11:21:03,Itahari Branch,Sunsari,POS,Refund,Debit Card,Current,7721.82,00,Approved,Success,37,,683
TXN0005396,2024-11-23,11:30:08,Dharan Branch,Sunsari,POS,Refund,Debit Card,Savings,176.9,00,Approved,Success,29,Female,493
TXN0005397,2024-11-23,11:37:51,New Baneshwor,Kathmandu,ATM,Cash Withdrawal,Debit Card,Current,15000.0,00,Approved,Success,50,Male,1598
TXN0005398,2024-11-23,11:46:36,New Baneshwor,Kathmandu,ATM,Mini Statement,Debit Card,Savings,0.0,00,Approved,Success,34,Female,1239
TXN0005399,2024-11-23,12:48:45,Lalitpur Branch,Lalitpur,ATM,Mini Statement,Debit Card,Savings,0.0,00,Approved,Success,25,Male,1432
TXN0005400,2024-11-23,13:21:29,Itahari Branch,Sunsari,Mobile Banking,Mobile Top-up,N/A,Savings,1000.0,55,Incorrect PIN,Reversed,23,Female,792
TXN0005401,2024-11-23,13:40:08,Itahari Branch,Sunsari,Internet Banking,Bill Payment,N/A,Savings,9004.28,00,Approved,Success,24,Female,494
TXN0005402,2024-11-23,13:50:25,Dhangadhi Branch,Kailali,Internet Banking,Balance Inquiry,N/A,Savings,0.0,00,Approved,Success,32,Female,1007
TXN0005403,2024-11-23,14:04:39,New Baneshwor,Kathmandu,Mobile Banking,Fund Transfer,N/A,Savings,77621.2,00,Approved,Success,32,Female,628
TXN0005404,2024-11-23,14:16:06,Kathmandu Main,Kathmandu,POS,Purchase,Debit Card,Savings,6056.43,00,Approved,Success,55,Male,468
TXN0005405,2024-11-23,15:51:47,Nepalgunj Branch,Banke,Mobile Banking,Mobile Top-up,N/A,Current,100.0,00,Approved,Success,38,Female,605
TXN0005406,2024-11-23,16:07:25,Hetauda Branch,Makwanpur,ATM,Balance Inquiry,Debit Card,Current,0.0,00,Approved,Success,43,Male,1208
TXN0005407,2024-11-23,16:45:59,Hetauda Branch,Makwanpur,ATM,Balance Inquiry,Prepaid Card,Savings,0.0,51,Insufficient Funds,Reversed,39,Female,1302
TXN0005408,2024-11-23,17:49:49,Bharatpur Branch,Chitwan,POS,Refund,Debit Card,Current,7877.22,91,Issuer Unavailable,Failed,37,Female,690
TXN0005409,2024-11-23,18:52:24,Butwal Branch,Rupandehi,Mobile Banking,Bill Payment,N/A,Savings,3476.81,55,Incorrect PIN,Timeout,29,Female,706
TXN0005410,2024-11-23,19:14:52,Birgunj Branch,Parsa,Branch Counter,Fund Transfer,N/A,Savings,29546.29,00,Approved,Success,18,Male,676
TXN0005411,2024-11-23,19:23:13,Dhangadhi Branch,Kailali,Mobile Banking,Fund Transfer,N/A,Savings,33677.06,00,Approved,Success,18,Male,490
TXN0005412,2024-11-23,20:51:06,JANAKPUR BRANCH,Dhanusha,Mobile Banking,Mobile Top-up,N/A,Savings,50.0,51,Insufficient Funds,Timeout,18,Female,498
TXN0005413,2024-11-23,21:29:38,Lalitpur Branch,Lalitpur,ATM,Mini Statement,Debit Card,Savings,0.0,00,Approved,Success,24,Female,1316
TXN0005414,2024-11-24,02:18:10,Bhaktapur Branch,Bhaktapur,POS,Refund,Debit Card,Savings,4299.8,00,Approved,Success,44,Female,744
TXN0005415,2024-11-24,07:08:59,Hetauda Branch,Makwanpur,Mobile Banking,Balance Inquiry,N/A,Savings,0.0,00,Approved,Success,37,Female,1030
TXN0005416,2024-11-24,07:45:30,Dharan Branch,Sunsari,Mobile Banking,Balance Inquiry,N/A,Savings,0.0,00,Approved,Success,27,Male,258
TXN0005417,2024-11-24,08:33:11,Nepalgunj Branch,Banke,POS,Purchase,Prepaid Card,Current,13807.08,00,Approved,Success,32,Female,293
TXN0005418,2024-11-24,09:31:49,New Baneshwor,Kathmandu,Internet Banking,Balance Inquiry,N/A,Savings,0.0,00,Approved,Success,37,Male,923
TXN0005419,2024-11-24,09:38:49,Janakpur Branch,Dhanusha,POS,Purchase,Credit Card,Current,1787.61,00,Approved,Success,27,Male,1324
TXN0005420,2024-11-24,10:12:18,Butwal Branch,Rupandehi,Mobile Banking,Balance Inquiry,N/A,Current,0.0,00,Approved,Success,32,Male,646
TXN0005421,2024-11-24,11:12:22,Hetauda Branch,Makwanpur,Internet Banking,Bill Payment,N/A,Savings,9624.59,00,Approved,Success,46,Male,217
TXN0005422,2024-11-24,11:32:52,Nepalgunj Branch,Banke,POS,Purchase,Debit Card,Savings,6458.84,55,Incorrect PIN,Failed,38,Male,558
TXN0005423,2024-11-24,11:45:24,Nepalgunj Branch,Banke,ATM,Cash Withdrawal,Debit Card,Savings,2500.0,00,Approved,Success,60,Male,911
TXN0005424,2024-11-24,11:51:06,Birgunj Branch,Parsa,ATM,PIN Change,Debit Card,Savings,0.0,96,System Malfunction,Failed,22,Male,817
TXN0005425,2024-11-24,12:20:40,Lalitpur Branch,Lalitpur,Internet Banking,Bill Payment,N/A,Current,6573.55,00,Approved,Success,26,Male,103
TXN0005426,2024-11-24,12:22:47,New Baneshwor,Kathmandu,ATM,Cash Withdrawal,Debit Card,Savings,8000.0,00,Approved,Success,20,Female,1288
TXN0005427,2024-11-24,12:26:51,  Bharatpur Branch  ,Chitwan,Internet Banking,Fund Transfer,N/A,Savings,73322.45,00,Approved,Success,18,Female,794
TXN0005428,2024-11-24,12:34:12,Itahari Branch,Sunsari,ATM,Balance Inquiry,Debit Card,Savings,0.0,00,Approved,Success,20,Male,1155
TXN0005429,2024-11-24,12:37:30,Bharatpur Branch,Chitwan,Mobile Banking,QR Payment,N/A,Savings,1557.58,00,Approved,Success,21,Female,314
TXN0005430,2024-11-24,12:45:03,Janakpur Branch,Dhanusha,Internet Banking,Fund Transfer,N/A,Savings,86779.49,00,Approved,Success,20,Male,608
TXN0005431,2024-11-24,13:33:51,Butwal Branch,Rupandehi,Internet Banking,Bill Payment,N/A,Savings,2435.24,00,Approved,Success,27,Male,595
TXN0005432,2024-11-24,14:23:09,Kathmandu Main,Kathmandu,Mobile Banking,Bill Payment,N/A,Savings,3440.89,00,Approved,Success,36,Female,297
TXN0005433,2024-11-24,15:07:09,Bhaktapur Branch,Bhaktapur,Branch Counter,Account Opening,N/A,Savings,0.0,51,Insufficient Funds,Timeout,25,Female,455
TXN0005434,2024-11-24,15:21:08,New Baneshwor,Kathmandu,ATM,Balance Inquiry,Debit Card,Current,0.0,00,Approved,Success,34,Female,895
TXN0005435,2024-11-24,15:38:44,Dhangadhi Branch,Kailali,ATM,Balance Inquiry,Debit Card,Savings,0.0,00,Approved,Success,39,Male,1962
TXN0005436,2024-11-24,15:50:04,Birgunj Branch,Parsa,POS,Purchase,Debit Card,Savings,13033.65,00,Approved,Success,44,Male,508
TXN0005437,2024-11-24,16:08:24,Butwal Branch,Rupandehi,Mobile Banking,Balance Inquiry,N/A,Savings,0.0,91,Issuer Unavailable,Reversed,18,Male,910
TXN0005438,2024-11-24,16:17:48,Birgunj Branch,Parsa,ATM,PIN Change,Debit Card,Savings,0.0,00,Approved,Success,47,Male,1346
TXN0005439,2024-11-24,17:07:03,Bharatpur Branch,Chitwan,Mobile Banking,Balance Inquiry,N/A,Savings,0.0,00,Approved,Success,30,Female,1055
TXN0005440,2024-11-24,17:43:18,Bhaktapur Branch,Bhaktapur,ATM,Balance Inquiry,Debit Card,Savings,0.0,00,Approved,Success,65,Female,874
TXN0005441,2024-11-24,17:51:02,New Baneshwor,Kathmandu,Internet Banking,Bill Payment,N/A,Current,2982.12,00,Approved,Success,,Female,489
TXN0005442,2024-11-24,18:22:07,New Baneshwor,Kathmandu,Internet Banking,Statement Download,N/A,Savings,0.0,00,Approved,Success,30,Male,925
TXN0005443,2024-11-24,19:00:06,Butwal Branch,Rupandehi,ATM,Mini Statement,Debit Card,Savings,0.0,00,Approved,Success,42,Female,1995
TXN0005444,2024-11-24,20:03:24,Birgunj Branch,Parsa,Mobile Banking,Mobile Top-up,N/A,Current,500.0,00,Approved,Success,38,Male,270
TXN0005445,2024-11-24,21:49:58,Dharan Branch,Sunsari,Branch Counter,Cash Deposit,N/A,Current,198498.26,00,Approved,Success,41,Female,538
TXN0005446,2024-11-24,23:23:54,Janakpur Branch,Dhanusha,ATM,Cash Withdrawal,Credit Card,Savings,1000.0,00,Approved,Success,35,Female,1086
TXN0005447,2024-11-25,03:12:02,Nepalgunj Branch,Banke,ATM,PIN Change,Prepaid Card,Savings,0.0,00,Approved,Success,54,Female,1467
TXN0005448,2024-11-25,03:24:46,New Baneshwor,Kathmandu,Mobile Banking,Balance Inquiry,N/A,Savings,0.0,00,Approved,Success,39,Female,874
TXN0005449,2024-11-25,09:57:26,Bharatpur Branch,Chitwan,ATM,Cash Withdrawal,Debit Card,Savings,20000.0,00,Approved,Success,33,Male,1428
TXN0005450,2024-11-25,11:14:44,Lalitpur Branch,Lalitpur,POS,Purchase,Debit Card,Savings,2679.69,00,Approved,Success,57,Female,396
TXN0005450,2024-11-25,11:14:44,Lalitpur Branch,Lalitpur,POS,Purchase,Debit Card,Savings,2679.69,00,Approved,Success,57,Female,396
TXN0005451,2024-11-25,11:15:03,Bharatpur Branch,Chitwan,Branch Counter,Account Opening,N/A,Savings,0.0,00,Approved,Success,37,Female,170
TXN0005452,2024-11-25,11:15:42,Butwal Branch,Rupandehi,Mobile Banking,Balance Inquiry,N/A,Savings,0.0,00,Approved,Success,18,Female,294
TXN0005453,2024-11-25,13:36:35,New Baneshwor,Kathmandu,Branch Counter,Cash Withdrawal,N/A,Savings,10000.0,00,Approved,Success,47,Male,552
TXN0005454,2024-11-25,13:40:40,Janakpur Branch,Dhanusha,Mobile Banking,Mobile Top-up,N/A,Current,100.0,55,Incorrect PIN,Failed,27,Female,597
TXN0005455,2024-11-25,13:52:21,Biratnagar Main,Morang,Internet Banking,Bill Payment,N/A,Savings,3431.58,55,Incorrect PIN,Timeout,66,Male,655
TXN0005456,2024-11-25,14:09:39,New Baneshwor,Kathmandu,ATM,Mini Statement,Debit Card,Savings,0.0,00,Approved,Success,46,Male,1110
TXN0005457,2024-11-25,14:52:54,Bharatpur Branch,Chitwan,ATM,Balance Inquiry,Debit Card,Savings,0.0,00,Approved,Success,33,Male,1449
TXN0005458,2024-11-25,15:24:23,Nepalgunj Branch,Banke,ATM,Mini Statement,Debit Card,Savings,0.0,00,Approved,Success,57,Male,1156
TXN0005459,2024-11-25,15:54:38,Pokhara Lakeside,Kaski,ATM,Cash Withdrawal,Debit Card,Current,500.0,00,Approved,Success,18,Female,1264
TXN0005460,2024-11-25,16:03:32,Nepalgunj Branch,Banke,ATM,Mini Statement,Debit Card,Savings,0.0,00,Approved,Success,62,Male,1435
TXN0005461,2024-11-25,16:06:59,Birgunj Branch,Parsa,Mobile Banking,Fund Transfer,N/A,Savings,91025.76,00,Approved,Success,24,Female,373
TXN0005462,2024-11-25,18:02:04,Birgunj Branch,Parsa,ATM,Cash Withdrawal,Debit Card,Current,2500.0,51,Insufficient Funds,Failed,25,Male,1679
TXN0005463,2024-11-25,18:14:24,Bharatpur Branch,Chitwan,ATM,Balance Inquiry,Debit Card,Savings,0.0,00,Approved,Success,33,Female,1427
TXN0005464,2024-11-25,22:23:22,Janakpur Branch,Dhanusha,ATM,Cash Withdrawal,Debit Card,Savings,2500.0,00,Approved,Success,37,Male,1457
TXN0005465,2024-11-26,08:05:41,Pokhara Lakeside,Kaski,ATM,PIN Change,Prepaid Card,Savings,0.0,00,Approved,Success,56,Male,970
TXN0005466,2024-11-26,09:39:34,Dhangadhi Branch,Kailali,ATM,Balance Inquiry,Debit Card,Savings,0.0,00,Approved,Success,28,Male,1736
TXN0005467,2024-11-26,10:30:49,Bharatpur Branch,Chitwan,ATM,PIN Change,Debit Card,Savings,0.0,00,Approved,Success,29,Female,1311
TXN0005468,2024-11-26,10:34:08,Hetauda Branch,Makwanpur,POS,Purchase,Debit Card,Savings,8072.42,00,Approved,Success,28,Female,212
TXN0005469,2024-11-26,11:01:53,Pokhara Lakeside,Kaski,Internet Banking,Fund Transfer,N/A,Savings,717.97,00,Approved,Success,25,Male,876
TXN0005470,2024-11-26,11:07:43,Birgunj Branch,Parsa,Mobile Banking,Balance Inquiry,N/A,Savings,0.0,00,Approved,Success,41,Female,865
TXN0005471,2024-11-26,11:12:58,Kathmandu Main,Kathmandu,ATM,Cash Withdrawal,Debit Card,Savings,20000.0,00,Approved,Success,18,Female,1250
TXN0005472,2024-11-26,12:02:16,Biratnagar Main,Morang,Branch Counter,Fund Transfer,N/A,Current,41393.85,00,Approved,Success,39,Female,258
TXN0005473,2024-11-26,12:26:36,Biratnagar Main,Morang,POS,Purchase,Debit Card,Savings,8927.38,00,Approved,Success,27,Male,412
TXN0005474,2024-11-26,12:43:29,Birgunj Branch,Parsa,ATM,Cash Withdrawal,Debit Card,Current,15000.0,00,Approved,Success,39,Female,1010
TXN0005475,2024-11-26,13:03:24,Biratnagar Main,Morang,Branch Counter,Account Opening,N/A,Current,0.0,00,Approved,Success,,Male,432
TXN0005476,2024-11-26,13:20:31,Bhaktapur Branch,Bhaktapur,ATM,PIN Change,Debit Card,Savings,0.0,00,Approved,Success,30,Male,1536
TXN0005477,2024-11-26,13:23:10,Janakpur Branch,Dhanusha,Mobile Banking,Mobile Top-up,N/A,Current,1000.0,00,Approved,Success,29,Female,995
TXN0005478,2024-11-26,13:38:44,Dhangadhi Branch,Kailali,ATM,Mini Statement,Credit Card,Savings,0.0,00,Approved,Success,33,,944
TXN0005479,2024-11-26,14:21:15,New Baneshwor,Kathmandu,POS,Purchase,Debit Card,Savings,13538.93,00,Approved,Success,36,Female,714
TXN0005480,2024-11-26,15:54:51,Nepalgunj Branch,Banke,ATM,PIN Change,Credit Card,Savings,0.0,00,Approved,Success,60,Male,2120
TXN0005481,2024-11-26,16:49:49,Kathmandu Main,Kathmandu,POS,Purchase,Debit Card,Current,3842.67,00,Approved,Success,18,Female,618
TXN0005482,2024-11-26,16:58:39,Bhaktapur Branch,Bhaktapur,Branch Counter,Fund Transfer,N/A,Savings,55187.05,00,Approved,Success,47,Male,933
TXN0005483,2024-11-26,17:48:38,Bhaktapur Branch,Bhaktapur,ATM,Balance Inquiry,Credit Card,Savings,0.0,00,Approved,Success,43,Female,1647
TXN0005484,2024-11-26,18:50:58,Kathmandu Main,Kathmandu,Mobile Banking,Mobile Top-up,N/A,Current,100.0,00,Approved,Success,33,Female,964
TXN0005485,2024-11-26,19:35:58,Biratnagar Main,Morang,POS,Refund,Debit Card,Savings,2750.73,00,Approved,Success,28,Male,532
TXN0005486,2024-11-26,20:11:10,Birgunj Branch,Parsa,ATM,Balance Inquiry,Debit Card,Savings,0.0,00,Approved,Success,29,Male,1254
TXN0005487,2024-11-26,20:40:31,New Baneshwor,Kathmandu,Mobile Banking,Bill Payment,N/A,Savings,2608.08,00,Approved,Success,36,Male,235
TXN0005488,2024-11-26,21:52:15,Bharatpur Branch,Chitwan,Mobile Banking,Bill Payment,N/A,Savings,2687.26,00,Approved,Success,31,Female,296
TXN0005489,2024-11-26,23:36:44,Pokhara Lakeside,Kaski,Mobile Banking,Balance Inquiry,N/A,Savings,0.0,00,Approved,Success,28,Male,419
TXN0005490,2024-11-27,02:08:37,Nepalgunj Branch,Banke,POS,Refund,Debit Card,Current,1213.24,00,Approved,Success,29,Female,302
TXN0005491,2024-11-27,07:12:35,Dhangadhi Branch,Kailali,Internet Banking,Balance Inquiry,N/A,Savings,0.0,00,Approved,Success,18,Female,825
TXN0005492,2024-11-27,07:56:46,New Baneshwor,Kathmandu,ATM,Mini Statement,Debit Card,Current,0.0,00,Approved,Success,26,Female,942
TXN0005493,2024-11-27,10:35:29,Biratnagar Main,Morang,POS,Refund,Debit Card,Savings,3845.59,00,Approved,Success,27,Female,726
TXN0005494,2024-11-27,10:43:01,Dharan Branch,Sunsari,ATM,Mini Statement,Debit Card,Fixed Deposit,0.0,00,Approved,Success,22,Male,999
TXN0005494,2024-11-27,10:43:01,Dharan Branch,Sunsari,ATM,Mini Statement,Debit Card,Fixed Deposit,0.0,00,Approved,Success,22,Male,999
TXN0005495,2024-11-27,11:05:27,New Baneshwor,Kathmandu,Mobile Banking,Bill Payment,N/A,Current,8928.38,00,Approved,Success,56,Male,368
TXN0005496,2024-11-27,11:29:16,Nepalgunj Branch,Banke,POS,Refund,Prepaid Card,Savings,8043.37,00,Approved,Success,46,Male,657
TXN0005497,2024-11-27,13:26:15,Bharatpur Branch,Chitwan,ATM,PIN Change,Debit Card,Savings,0.0,00,Approved,Success,32,Male,949
TXN0005498,2024-11-27,13:43:53,Itahari Branch,Sunsari,ATM,PIN Change,Debit Card,Savings,0.0,00,Approved,Success,39,Male,868
TXN0005499,2024-11-27,14:09:50,Pokhara Lakeside,Kaski,Internet Banking,Statement Download,N/A,Savings,0.0,00,Approved,Success,38,Male,333
TXN0005500,2024-11-27,14:11:11,Hetauda Branch,Makwanpur,POS,Purchase,Debit Card,Current,2332.88,55,Incorrect PIN,Reversed,45,Male,819
TXN0005501,2024-11-27,15:35:49,Pokhara Lakeside,Kaski,POS,Purchase,Debit Card,Savings,788.15,00,Approved,Success,18,Female,1001
TXN0005502,2024-11-27,18:05:16,Itahari Branch,Sunsari,Mobile Banking,Fund Transfer,N/A,Savings,44733.64,55,Incorrect PIN,Reversed,18,Female,564
TXN0005503,2024-11-27,19:28:47,Hetauda Branch,Makwanpur,ATM,Cash Withdrawal,Prepaid Card,Savings,5000.0,00,Approved,Success,27,Male,923
TXN0005504,2024-11-27,20:50:20,Hetauda Branch,Makwanpur,POS,Refund,Debit Card,Savings,8711.42,51,Insufficient Funds,Timeout,30,Male,787
TXN0005505,2024-11-28,09:35:37,Nepalgunj Branch,Banke,POS,Purchase,Debit Card,Savings,4535.2,00,Approved,Success,43,Female,716
TXN0005506,2024-11-28,10:29:17,Itahari Branch,Sunsari,Mobile Banking,Bill Payment,N/A,Fixed Deposit,3856.8,00,Approved,Success,18,Female,777
TXN0005507,2024-11-28,11:00:15,Kathmandu Main,Kathmandu,ATM,PIN Change,Debit Card,Savings,0.0,14,Invalid Card,Timeout,35,Female,1405
TXN0005508,2024-11-28,11:47:17,Kathmandu Main,Kathmandu,Branch Counter,Cash Deposit,N/A,Current,72748.56,00,Approved,Success,36,Female,431
TXN0005509,2024-11-28,12:03:45,Itahari Branch,Sunsari,POS,Purchase,Debit Card,Savings,7216.4,00,Approved,Success,37,Male,825
TXN0005510,2024-11-28,12:23:15,Kathmandu Main,Kathmandu,ATM,Cash Withdrawal,Debit Card,Savings,10000.0,55,Incorrect PIN,Timeout,28,Female,1777
TXN0005511,2024-11-28,12:30:06,Birgunj Branch,Parsa,POS,Refund,Debit Card,Savings,7730.82,51,Insufficient Funds,Timeout,35,Female,564
TXN0005512,2024-11-28,12:47:47,Itahari Branch,Sunsari,ATM,PIN Change,Debit Card,Savings,0.0,00,Approved,Success,18,Female,1410
TXN0005513,2024-11-28,14:01:24,New Baneshwor,Kathmandu,Mobile Banking,Bill Payment,N/A,Savings,4237.72,00,Approved,Success,49,Male,735
TXN0005514,2024-11-28,15:00:17,Bharatpur Branch,Chitwan,ATM,PIN Change,Debit Card,Current,0.0,00,Approved,Success,43,Male,1578
TXN0005515,2024-11-28,15:09:58,Lalitpur Branch,Lalitpur,POS,Purchase,Debit Card,Savings,12395.91,00,Approved,Success,40,Female,698
TXN0005516,2024-11-28,15:22:53,Dhangadhi Branch,Kailali,Mobile Banking,Balance Inquiry,N/A,Current,0.0,00,Approved,Success,18,Female,1450
TXN0005517,2024-11-28,18:27:45,Butwal Branch,Rupandehi,POS,Purchase,Debit Card,Current,2230.1,00,Approved,Success,34,Female,1095
TXN0005518,2024-11-28,18:57:35,Kathmandu Main,Kathmandu,Mobile Banking,Fund Transfer,N/A,Current,22820.97,00,Approved,Success,49,Male,1073
TXN0005519,2024-11-28,21:57:44,Bharatpur Branch,Chitwan,ATM,Balance Inquiry,Debit Card,Savings,0.0,00,Approved,Success,40,Female,1203
TXN0005520,2024-11-28,22:04:34,Birgunj Branch,Parsa,ATM,PIN Change,Debit Card,Savings,0.0,55,Incorrect PIN,Failed,31,Female,891
TXN0005521,2024-11-29,05:26:20,Itahari Branch,Sunsari,Internet Banking,Bill Payment,N/A,Savings,11162.92,00,Approved,Success,35,Male,314
TXN0005522,2024-11-29,06:50:21,Hetauda Branch,Makwanpur,POS,Refund,Credit Card,Savings,4850.85,00,Approved,Success,53,Female,881
TXN0005523,2024-11-29,07:54:16,Janakpur Branch,Dhanusha,ATM,Balance Inquiry,Debit Card,Savings,0.0,00,Approved,Success,37,Female,1327
TXN0005524,2024-11-29,08:10:20,Lalitpur Branch,Lalitpur,Internet Banking,Balance Inquiry,N/A,Current,0.0,00,Approved,Success,37,Female,394
TXN0005525,2024-11-29,09:45:29,Janakpur Branch,Dhanusha,Internet Banking,Statement Download,N/A,Savings,0.0,00,Approved,Success,31,Female,545
TXN0005526,2024-11-29,10:24:39,Bharatpur Branch,Chitwan,ATM,Mini Statement,Debit Card,Savings,0.0,00,Approved,Success,18,Female,740
TXN0005527,2024-11-29,10:28:15,Lalitpur Branch,Lalitpur,ATM,PIN Change,Debit Card,Savings,0.0,00,Approved,Success,48,Male,594
TXN0005528,2024-11-29,11:46:56,Birgunj Branch,Parsa,Mobile Banking,Bill Payment,N/A,Savings,4172.57,00,Approved,Success,51,Male,840
TXN0005529,2024-11-29,12:16:49,Biratnagar Main,Morang,ATM,Cash Withdrawal,Prepaid Card,Current,15000.0,00,Approved,Success,47,Male,1624
TXN0005530,2024-11-29,12:16:56,Kathmandu Main,Kathmandu,Mobile Banking,QR Payment,N/A,Savings,1162.22,00,Approved,Success,45,Female,720
TXN0005531,2024-11-29,13:08:37,Kathmandu Main,Kathmandu,Mobile Banking,QR Payment,N/A,Savings,1871.06,00,Approved,Success,23,Female,1050
TXN0005532,2024-11-29,13:33:23,Janakpur Branch,Dhanusha,ATM,Balance Inquiry,Debit Card,Savings,0.0,00,Approved,Success,47,Male,1231
TXN0005533,2024-11-29,13:47:47,Dharan Branch,Sunsari,POS,Refund,Debit Card,Savings,5387.03,00,Approved,Success,35,Female,773
TXN0005534,2024-11-29,15:42:33,Dhangadhi Branch,Kailali,Branch Counter,Fund Transfer,N/A,Savings,37329.1,00,Approved,Success,18,Female,154
TXN0005535,2024-11-29,16:59:51,Janakpur Branch,Dhanusha,ATM,Mini Statement,Debit Card,Savings,0.0,00,Approved,Success,44,Male,231
TXN0005536,2024-11-29,19:10:24,New Baneshwor,Kathmandu,Branch Counter,Cash Deposit,N/A,Current,169814.8,00,Approved,Success,26,Female,615
TXN0005537,2024-11-29,22:41:35,Bhaktapur Branch,Bhaktapur,ATM,Cash Withdrawal,Debit Card,Savings,5000.0,00,Approved,Success,43,Female,1500
TXN0005538,2024-11-30,07:01:53,Butwal Branch,Rupandehi,Mobile Banking,QR Payment,N/A,Savings,2897.72,00,Approved,Success,18,Female,878
TXN0005539,2024-11-30,08:18:43,Bhaktapur Branch,Bhaktapur,POS,Refund,Debit Card,Savings,185.34,51,Insufficient Funds,Failed,55,Female,807
TXN0005540,2024-11-30,08:22:51,Lalitpur Branch,Lalitpur,Mobile Banking,Mobile Top-up,N/A,Savings,200.0,14,Invalid Card,Reversed,29,,560
TXN0005541,2024-11-30,08:23:24,Birgunj Branch,Parsa,ATM,Balance Inquiry,Prepaid Card,Savings,0.0,00,Approved,Success,50,Female,871
TXN0005542,2024-11-30,08:48:37,Hetauda Branch,Makwanpur,POS,Refund,Prepaid Card,Savings,7120.19,00,Approved,Success,18,Male,448
TXN0005543,2024-11-30,09:28:51,Kathmandu Main,Kathmandu,Internet Banking,Statement Download,N/A,Savings,0.0,00,Approved,Success,45,Female,352
TXN0005544,2024-11-30,09:51:23,Pokhara Lakeside,Kaski,POS,Refund,Debit Card,Savings,3085.36,00,Approved,Success,62,Female,750
TXN0005545,2024-11-30,12:31:54,Pokhara Lakeside,Kaski,POS,Purchase,Credit Card,Savings,6152.62,00,Approved,Success,62,Female,686
TXN0005546,2024-11-30,14:48:42,Dharan Branch,Sunsari,ATM,Mini Statement,Debit Card,Savings,0.0,00,Approved,Success,29,Female,480
TXN0005547,2024-11-30,15:14:08,New Baneshwor,Kathmandu,Mobile Banking,QR Payment,N/A,Savings,678.71,00,Approved,Success,33,Male,800
TXN0005548,2024-11-30,17:09:41,Biratnagar Main,Morang,Mobile Banking,Mobile Top-up,N/A,Savings,1000.0,00,Approved,Success,47,Female,845
TXN0005549,2024-11-30,18:07:49,Lalitpur Branch,Lalitpur,Mobile Banking,Balance Inquiry,N/A,Fixed Deposit,0.0,00,Approved,Success,22,Female,974
TXN0005550,2024-11-30,18:18:25,Butwal Branch,Rupandehi,ATM,Cash Withdrawal,Debit Card,Current,1500.0,00,Approved,Success,18,Male,1034
TXN0005551,2024-12-01,06:27:02,Itahari Branch,Sunsari,Internet Banking,Fund Transfer,N/A,Savings,29360.04,00,Approved,Success,21,Male,579
TXN0005552,2024-12-01,07:34:14,Lalitpur Branch,Lalitpur,ATM,Mini Statement,Debit Card,Fixed Deposit,0.0,00,Approved,Success,41,Female,479
TXN0005553,2024-12-01,09:22:29,Itahari Branch,Sunsari,ATM,PIN Change,Debit Card,Savings,0.0,51,Insufficient Funds,Reversed,18,Female,962
TXN0005554,2024-12-01,11:00:11,Janakpur Branch,Dhanusha,POS,Refund,Debit Card,Savings,7010.96,00,Approved,Success,36,Male,467
TXN0005555,2024-12-01,13:29:28,New Baneshwor,Kathmandu,Mobile Banking,Fund Transfer,N/A,Savings,19157.34,00,Approved,Success,18,Male,401
TXN0005556,2024-12-01,13:57:59,Nepalgunj Branch,Banke,ATM,Balance Inquiry,Debit Card,Fixed Deposit,0.0,51,Insufficient Funds,Reversed,27,Female,1143
TXN0005557,2024-12-01,14:05:27,Butwal Branch,Rupandehi,Mobile Banking,Balance Inquiry,N/A,Savings,0.0,14,Invalid Card,Timeout,62,Male,493
TXN0005558,2024-12-01,14:59:20,Dharan Branch,Sunsari,Branch Counter,Fund Transfer,N/A,Savings,37710.91,00,Approved,Success,29,Male,753
TXN0005559,2024-12-01,16:02:14,Hetauda Branch,Makwanpur,Internet Banking,Statement Download,N/A,Savings,0.0,00,Approved,Success,44,Female,302
TXN0005560,2024-12-01,16:04:58,Butwal Branch,Rupandehi,ATM,Balance Inquiry,Debit Card,Savings,0.0,00,Approved,Success,22,Male,1525
TXN0005561,2024-12-01,16:38:58,Lalitpur Branch,Lalitpur,ATM,PIN Change,Debit Card,Savings,0.0,00,Approved,Success,25,Male,1563
TXN0005562,2024-12-01,17:53:35,Dhangadhi Branch,Kailali,Internet Banking,Fund Transfer,N/A,Savings,51594.04,00,Approved,Success,54,Male,678
TXN0005563,2024-12-01,18:36:11,Janakpur Branch,Dhanusha,Branch Counter,Fund Transfer,N/A,Savings,33532.72,96,System Malfunction,Reversed,30,Male,827
TXN0005564,2024-12-01,23:05:42,New Baneshwor,Kathmandu,Mobile Banking,Fund Transfer,N/A,Savings,80284.49,00,Approved,Success,44,Female,775
TXN0005565,2024-12-02,02:35:59,Bharatpur Branch,Chitwan,POS,Purchase,Debit Card,Current,9034.51,00,Approved,Success,47,Male,692
TXN0005566,2024-12-02,03:40:22,Bharatpur Branch,Chitwan,ATM,Balance Inquiry,Debit Card,Savings,0.0,00,Approved,Success,42,Female,1291
TXN0005567,2024-12-02,07:41:32,Janakpur Branch,Dhanusha,POS,Purchase,Debit Card,Savings,6607.39,00,Approved,Success,35,Male,1154
TXN0005568,2024-12-02,08:03:12,Nepalgunj Branch,Banke,Mobile Banking,Balance Inquiry,N/A,Fixed Deposit,0.0,00,Approved,Success,50,Male,524
TXN0005569,2024-12-02,08:36:06,Bharatpur Branch,Chitwan,ATM,PIN Change,Debit Card,Savings,0.0,00,Approved,Success,27,Male,1493
TXN0005570,2024-12-02,09:16:38,Dhangadhi Branch,Kailali,ATM,Mini Statement,Debit Card,Savings,0.0,00,Approved,Success,57,Female,1825
TXN0005571,2024-12-02,10:05:09,Kathmandu Main,Kathmandu,Internet Banking,Statement Download,N/A,Savings,0.0,00,Approved,Success,18,Female,848
TXN0005572,2024-12-02,11:09:17,Dharan Branch,Sunsari,ATM,Mini Statement,Debit Card,Savings,0.0,00,Approved,Success,22,Female,2479
TXN0005573,2024-12-02,12:52:10,Hetauda Branch,Makwanpur,Mobile Banking,Mobile Top-up,N/A,Savings,200.0,00,Approved,Success,28,Male,330
TXN0005574,2024-12-02,14:08:23,Lalitpur Branch,Lalitpur,ATM,Balance Inquiry,Debit Card,Savings,0.0,00,Approved,Success,,Male,1219
TXN0005575,2024-12-02,17:34:05,Bhaktapur Branch,Bhaktapur,ATM,Balance Inquiry,Debit Card,Savings,0.0,00,Approved,Success,22,Female,1348
TXN0005576,2024-12-03,08:30:02,Butwal Branch,Rupandehi,POS,Refund,Debit Card,Current,680.64,00,Approved,Success,40,,225
TXN0005577,2024-12-03,08:48:33,Birgunj Branch,Parsa,Mobile Banking,QR Payment,N/A,Savings,2072.99,00,Approved,Success,37,Female,819
TXN0005578,2024-12-03,08:50:05,Itahari Branch,Sunsari,Internet Banking,Fund Transfer,N/A,Savings,60913.79,00,Approved,Success,51,Male,227
TXN0005579,2024-12-03,10:05:45,Janakpur Branch,Dhanusha,ATM,Cash Withdrawal,Prepaid Card,Current,15000.0,00,Approved,Success,25,Female,1215
TXN0005580,2024-12-03,10:16:54,Lalitpur Branch,Lalitpur,POS,Refund,Debit Card,Savings,7223.77,00,Approved,Success,45,Male,511
TXN0005581,2024-12-03,11:05:46,Dhangadhi Branch,Kailali,Branch Counter,Cash Deposit,N/A,Savings,170886.57,00,Approved,Success,,Female,550
TXN0005582,2024-12-03,12:07:15,Bharatpur Branch,Chitwan,Internet Banking,Bill Payment,N/A,Savings,2507.16,00,Approved,Success,22,Male,252
TXN0005583,2024-12-03,13:19:30,Bharatpur Branch,Chitwan,POS,Refund,Credit Card,Savings,6508.89,00,Approved,Success,34,Female,679
TXN0005584,2024-12-03,15:04:27,Bhaktapur Branch,Bhaktapur,ATM,Balance Inquiry,Credit Card,Savings,0.0,00,Approved,Success,29,Male,1956
TXN0005585,2024-12-03,15:04:55,Bhaktapur Branch,Bhaktapur,Mobile Banking,Bill Payment,N/A,Savings,3581.22,96,System Malfunction,Reversed,29,Female,361
TXN0005586,2024-12-03,15:37:01,Bhaktapur Branch,Bhaktapur,ATM,Mini Statement,Debit Card,Savings,0.0,00,Approved,Success,50,Female,1060
TXN0005587,2024-12-03,16:05:58,Hetauda Branch,Makwanpur,Mobile Banking,Bill Payment,N/A,Savings,7641.26,00,Approved,Success,,Female,536
TXN0005588,2024-12-03,17:59:38,Janakpur Branch,Dhanusha,ATM,Cash Withdrawal,Debit Card,Current,1000.0,00,Approved,Success,24,Male,1381
TXN0005589,2024-12-03,18:30:22,Kathmandu Main,Kathmandu,POS,Refund,Debit Card,Savings,1065.47,00,Approved,Success,34,Male,519
TXN0005590,2024-12-04,09:22:53,ITAHARI BRANCH,Sunsari,ATM,Mini Statement,Debit Card,Savings,0.0,00,Approved,Success,35,Female,851
TXN0005591,2024-12-04,09:25:53,Hetauda Branch,Makwanpur,Internet Banking,Balance Inquiry,N/A,Savings,0.0,00,Approved,Success,41,Female,819
TXN0005592,2024-12-04,09:34:09,Hetauda Branch,Makwanpur,Branch Counter,Account Opening,N/A,Savings,0.0,00,Approved,Success,34,Male,358
TXN0005593,2024-12-04,10:13:13,Janakpur Branch,Dhanusha,Mobile Banking,Fund Transfer,N/A,Savings,25437.21,00,Approved,Success,27,,755
TXN0005594,2024-12-04,11:04:31,Janakpur Branch,Dhanusha,ATM,PIN Change,Debit Card,Current,0.0,91,Issuer Unavailable,Timeout,18,Female,1814
TXN0005595,2024-12-04,12:08:38,Nepalgunj Branch,Banke,POS,Refund,Debit Card,Savings,8267.03,00,Approved,Success,37,Male,601
TXN0005596,2024-12-04,14:05:18,Dhangadhi Branch,Kailali,POS,Refund,Debit Card,Savings,1375.3,00,Approved,Success,18,Male,394
TXN0005597,2024-12-04,15:15:17,Biratnagar Main,Morang,ATM,Mini Statement,Debit Card,Savings,0.0,00,Approved,Success,33,Male,961
TXN0005598,2024-12-04,19:00:52,Dharan Branch,Sunsari,Internet Banking,Balance Inquiry,N/A,Savings,0.0,00,Approved,Success,25,Female,529
TXN0005599,2024-12-04,19:03:41,Hetauda Branch,Makwanpur,Mobile Banking,Balance Inquiry,N/A,Savings,0.0,00,Approved,Success,46,Male,797
TXN0005600,2024-12-05,01:59:17,Itahari Branch,Sunsari,ATM,Balance Inquiry,Debit Card,Savings,0.0,91,Issuer Unavailable,Timeout,61,Female,456
TXN0005601,2024-12-05,10:42:26,Hetauda Branch,Makwanpur,Internet Banking,Fund Transfer,N/A,Fixed Deposit,35261.39,00,Approved,Success,23,Male,245
TXN0005602,2024-12-05,12:02:28,Biratnagar Main,Morang,ATM,Mini Statement,Debit Card,Current,0.0,51,Insufficient Funds,Failed,18,Female,1569
TXN0005603,2024-12-05,13:40:00,Pokhara Lakeside,Kaski,POS,Purchase,Prepaid Card,Savings,12348.91,00,Approved,Success,44,Male,108
TXN0005604,2024-12-05,13:50:39,Janakpur Branch,Dhanusha,ATM,Mini Statement,Debit Card,Savings,0.0,00,Approved,Success,42,Male,882
TXN0005605,2024-12-05,15:12:56,Butwal Branch,Rupandehi,ATM,Cash Withdrawal,Prepaid Card,Current,1500.0,00,Approved,Success,28,Male,1261
TXN0005606,2024-12-05,16:23:00,Birgunj Branch,Parsa,Mobile Banking,Fund Transfer,N/A,Fixed Deposit,51487.65,05,Do Not Honor,Timeout,19,Female,444
TXN0005607,2024-12-05,16:33:18,Dharan Branch,Sunsari,ATM,PIN Change,Prepaid Card,Savings,0.0,00,Approved,Success,30,Male,1232
TXN0005608,2024-12-05,17:10:08,Nepalgunj Branch,Banke,POS,Refund,Debit Card,Savings,3339.5,96,System Malfunction,Timeout,32,Female,710
TXN0005609,2024-12-05,18:05:42,Pokhara Lakeside,Kaski,ATM,Cash Withdrawal,Debit Card,Savings,5000.0,00,Approved,Success,33,Female,1187
TXN0005610,2024-12-05,20:36:39,Butwal Branch,Rupandehi,Mobile Banking,Fund Transfer,N/A,Savings,85589.99,00,Approved,Success,28,Female,1035
TXN0005611,2024-12-06,00:30:04,Kathmandu Main,Kathmandu,Internet Banking,Bill Payment,N/A,Savings,3874.46,00,Approved,Success,36,Male,963
TXN0005612,2024-12-06,08:36:02,Nepalgunj Branch,Banke,POS,Purchase,Credit Card,Savings,3979.08,96,System Malfunction,Timeout,25,Female,393
TXN0005613,2024-12-06,09:01:59,Dharan Branch,Sunsari,Branch Counter,Cash Withdrawal,N/A,Savings,1000.0,00,Approved,Success,21,Female,716
TXN0005614,2024-12-06,09:22:22,Hetauda Branch,Makwanpur,Branch Counter,Fund Transfer,N/A,Savings,76482.99,00,Approved,Success,44,Female,626
TXN0005615,2024-12-06,11:26:55,Pokhara Lakeside,Kaski,Mobile Banking,QR Payment,N/A,Savings,4272.12,00,Approved,Success,58,Male,583
TXN0005616,2024-12-06,13:05:06,Kathmandu Main,Kathmandu,ATM,Cash Withdrawal,Debit Card,Savings,10000.0,00,Approved,Success,18,Female,595
TXN0005617,2024-12-06,13:58:55,Dharan Branch,Sunsari,ATM,Balance Inquiry,Debit Card,Current,0.0,00,Approved,Success,50,Male,1695
TXN0005618,2024-12-06,14:02:08,Dharan Branch,Sunsari,ATM,Mini Statement,Debit Card,Savings,0.0,00,Approved,Success,26,Female,904
TXN0005619,2024-12-06,14:13:31,Dhangadhi Branch,Kailali,Internet Banking,Fund Transfer,N/A,Savings,50486.61,00,Approved,Success,31,Female,1079
TXN0005620,2024-12-06,14:21:56,Biratnagar Main,Morang,Mobile Banking,Fund Transfer,N/A,Current,99473.6,00,Approved,Success,37,Female,669
TXN0005621,2024-12-06,15:01:30,Birgunj Branch,Parsa,Internet Banking,Bill Payment,N/A,Current,4578.57,00,Approved,Success,29,Male,492
TXN0005622,2024-12-06,15:45:44,Butwal Branch,Rupandehi,Internet Banking,Statement Download,N/A,Savings,0.0,00,Approved,Success,31,Female,515
TXN0005623,2024-12-06,16:47:17,Hetauda Branch,Makwanpur,Internet Banking,Statement Download,N/A,Savings,0.0,00,Approved,Success,25,Female,338
TXN0005624,2024-12-07,00:53:52,Lalitpur Branch,Lalitpur,ATM,Cash Withdrawal,Debit Card,Savings,1500.0,00,Approved,Success,59,Male,616
TXN0005625,2024-12-07,08:35:58,Bhaktapur Branch,Bhaktapur,Internet Banking,Statement Download,N/A,Savings,0.0,00,Approved,Success,45,Female,788
TXN0005626,2024-12-07,08:37:59,Biratnagar Main,Morang,Mobile Banking,Fund Transfer,N/A,Savings,43593.37,00,Approved,Success,26,Female,971
TXN0005627,2024-12-07,09:47:56,Hetauda Branch,Makwanpur,ATM,Mini Statement,Debit Card,Savings,0.0,00,Approved,Success,46,Male,1624
TXN0005628,2024-12-07,10:07:00,Dhangadhi Branch,Kailali,ATM,Balance Inquiry,Debit Card,Savings,0.0,00,Approved,Success,54,Female,969
TXN0005629,2024-12-07,10:25:58,Biratnagar Main,Morang,ATM,PIN Change,Debit Card,Savings,0.0,61,Exceeds Withdrawal Limit,Reversed,55,Female,584
TXN0005630,2024-12-07,11:50:58,Bhaktapur Branch,Bhaktapur,ATM,PIN Change,Debit Card,Savings,0.0,00,Approved,Success,39,Male,1624
TXN0005631,2024-12-07,12:34:55,New Baneshwor,Kathmandu,Mobile Banking,Mobile Top-up,N/A,Savings,200.0,00,Approved,Success,25,Female,785
TXN0005632,2024-12-07,13:08:00,Itahari Branch,Sunsari,Internet Banking,Bill Payment,N/A,Savings,3301.9,00,Approved,Success,29,Female,698
TXN0005633,2024-12-07,13:34:00,Hetauda Branch,Makwanpur,Internet Banking,Statement Download,N/A,Savings,0.0,00,Approved,Success,25,Male,536
TXN0005634,2024-12-07,14:44:32,Biratnagar Main,Morang,Mobile Banking,Fund Transfer,N/A,Current,50401.81,00,Approved,Success,130,Female,736
TXN0005635,2024-12-07,15:46:59,Kathmandu Main,Kathmandu,POS,Purchase,Debit Card,Current,2993.15,00,Approved,Success,43,Male,791
TXN0005636,2024-12-07,16:09:18,Itahari Branch,Sunsari,ATM,Balance Inquiry,Debit Card,Savings,0.0,51,Insufficient Funds,Failed,36,Female,377
TXN0005637,2024-12-07,18:00:16,Hetauda Branch,Makwanpur,ATM,Balance Inquiry,Debit Card,Savings,0.0,00,Approved,Success,31,Male,1497
TXN0005638,2024-12-07,20:19:28,New Baneshwor,Kathmandu,Internet Banking,Bill Payment,N/A,Savings,10647.62,00,Approved,Success,18,Female,264
TXN0005639,2024-12-07,23:22:56,Dhangadhi Branch,Kailali,POS,Purchase,Debit Card,Savings,11922.89,55,Incorrect PIN,Reversed,32,Male,761
TXN0005640,2024-12-08,02:01:21,Kathmandu Main,Kathmandu,ATM,Cash Withdrawal,Debit Card,Savings,2500.0,00,Approved,Success,18,Female,1748
TXN0005641,2024-12-08,03:18:36,Bhaktapur Branch,Bhaktapur,POS,Purchase,Debit Card,Savings,14436.26,00,Approved,Success,18,Female,602
TXN0005642,2024-12-08,07:53:58,Pokhara Lakeside,Kaski,Mobile Banking,QR Payment,N/A,Savings,417.81,00,Approved,Success,38,Male,652
TXN0005643,2024-12-08,09:13:00,Hetauda Branch,Makwanpur,POS,Purchase,Credit Card,Savings,8440.96,00,Approved,Success,27,Female,780
TXN0005644,2024-12-08,09:19:04,Bhaktapur Branch,Bhaktapur,Mobile Banking,Fund Transfer,N/A,Savings,66960.54,00,Approved,Success,42,Female,433
TXN0005645,2024-12-08,09:30:47,Bharatpur Branch,Chitwan,Mobile Banking,Mobile Top-up,N/A,Savings,200.0,00,Approved,Success,44,Female,814
TXN0005646,2024-12-08,10:03:36,Janakpur Branch,Dhanusha,Mobile Banking,Fund Transfer,N/A,Current,18635.16,00,Approved,Success,18,Male,648
TXN0005647,2024-12-08,10:07:16,Lalitpur Branch,Lalitpur,ATM,Cash Withdrawal,Debit Card,Savings,10000.0,00,Approved,Success,30,Female,1257
TXN0005648,2024-12-08,10:42:00,Janakpur Branch,Dhanusha,Internet Banking,Bill Payment,N/A,Savings,5249.22,00,Approved,Success,20,Male,587
TXN0005649,2024-12-08,10:46:36,Janakpur Branch,Dhanusha,ATM,Balance Inquiry,Debit Card,Savings,0.0,00,Approved,Success,36,Female,1866
TXN0005650,2024-12-08,11:31:48,New Baneshwor,Kathmandu,ATM,Mini Statement,Debit Card,Savings,0.0,00,Approved,Success,25,Male,1071
TXN0005651,2024-12-08,13:27:46,Pokhara Lakeside,Kaski,Mobile Banking,QR Payment,N/A,Savings,1780.92,51,Insufficient Funds,Timeout,29,Female,580
TXN0005652,2024-12-08,16:12:25,Bharatpur Branch,Chitwan,ATM,PIN Change,Debit Card,Current,0.0,00,Approved,Success,51,Female,1533
TXN0005653,2024-12-08,16:18:26,Pokhara Lakeside,Kaski,ATM,Cash Withdrawal,Debit Card,Savings,1500.0,51,Insufficient Funds,Timeout,28,Male,1178
TXN0005654,2024-12-08,18:17:12,BHAKTAPUR BRANCH,Bhaktapur,ATM,Cash Withdrawal,Debit Card,Savings,10000.0,51,Insufficient Funds,Timeout,38,Male,1754
TXN0005655,2024-12-08,18:48:06,Biratnagar Main,Morang,Internet Banking,Bill Payment,N/A,Savings,3051.0,00,Approved,Success,26,Female,403
TXN0005656,2024-12-09,03:14:51,Biratnagar Main,Morang,Internet Banking,Balance Inquiry,N/A,Savings,0.0,00,Approved,Success,28,Male,98
TXN0005657,2024-12-09,04:28:52,Hetauda Branch,Makwanpur,ATM,Mini Statement,Debit Card,Savings,0.0,00,Approved,Success,58,,1482
TXN0005658,2024-12-09,05:49:18,Dhangadhi Branch,Kailali,ATM,PIN Change,Debit Card,Savings,0.0,00,Approved,Success,37,Male,1932
TXN0005659,2024-12-09,07:28:55,Birgunj Branch,Parsa,Internet Banking,Fund Transfer,N/A,Current,18509.26,00,Approved,Success,46,Male,308
TXN0005660,2024-12-09,07:32:13,Bhaktapur Branch,Bhaktapur,ATM,Mini Statement,Credit Card,Savings,0.0,51,Insufficient Funds,Failed,50,Female,1093
TXN0005661,2024-12-09,07:48:24,Dhangadhi Branch,Kailali,POS,Purchase,Debit Card,Savings,6746.2,00,Approved,Success,18,Female,460
TXN0005662,2024-12-09,10:39:12,New Baneshwor,Kathmandu,POS,Refund,Debit Card,Savings,4148.52,00,Approved,Success,23,Female,720
TXN0005663,2024-12-09,12:03:30,Pokhara Lakeside,Kaski,POS,Refund,Prepaid Card,Savings,9999.89,00,Approved,Success,50,Female,540
TXN0005664,2024-12-09,12:58:59,Nepalgunj Branch,Banke,Mobile Banking,Balance Inquiry,N/A,Savings,0.0,00,Approved,Success,27,Male,606
TXN0005665,2024-12-09,13:02:24,New Baneshwor,Kathmandu,Internet Banking,Bill Payment,N/A,Savings,4371.79,00,Approved,Success,37,Female,832
TXN0005666,2024-12-09,13:16:09,Pokhara Lakeside,Kaski,Mobile Banking,Bill Payment,N/A,Current,8795.03,00,Approved,Success,41,Male,345
TXN0005667,2024-12-09,13:21:41,Butwal Branch,Rupandehi,Mobile Banking,Mobile Top-up,N/A,Current,1000.0,00,Approved,Success,43,Male,121
TXN0005668,2024-12-09,13:40:11,Dharan Branch,Sunsari,ATM,Mini Statement,Debit Card,Current,0.0,00,Approved,Success,27,Male,1490
TXN0005669,2024-12-09,13:42:26,Hetauda Branch,Makwanpur,ATM,PIN Change,Debit Card,Current,0.0,00,Approved,Success,31,Female,1023
TXN0005670,2024-12-09,13:58:44,  Itahari Branch  ,Sunsari,POS,Purchase,Debit Card,Savings,12737.3,91,Issuer Unavailable,Failed,31,Female,932
TXN0005671,2024-12-09,14:24:01,Nepalgunj Branch,Banke,POS,Refund,Credit Card,Savings,2355.91,00,Approved,Success,46,Female,596
TXN0005672,2024-12-09,15:13:11,Pokhara Lakeside,Kaski,Branch Counter,Fund Transfer,N/A,Savings,77216.13,00,Approved,Success,56,Female,893
TXN0005673,2024-12-09,15:20:37,Birgunj Branch,Parsa,POS,Refund,Debit Card,Current,9008.17,00,Approved,Success,26,Female,229
TXN0005674,2024-12-09,16:28:49,Kathmandu Main,Kathmandu,mobile banking,Fund Transfer,N/A,Savings,37731.36,51,Insufficient Funds,Timeout,36,Male,572
TXN0005675,2024-12-09,16:31:02,Bhaktapur Branch,Bhaktapur,Mobile Banking,Fund Transfer,N/A,Savings,21117.12,00,Approved,Success,38,Male,600
TXN0005675,2024-12-09,16:31:02,Bhaktapur Branch,Bhaktapur,Mobile Banking,Fund Transfer,N/A,Savings,21117.12,00,Approved,Success,38,Male,600
TXN0005676,2024-12-09,20:06:53,Butwal Branch,Rupandehi,POS,Purchase,Debit Card,Savings,4058.07,00,Approved,Success,32,Female,683
TXN0005677,2024-12-10,05:47:13,Dharan Branch,Sunsari,Internet Banking,Fund Transfer,N/A,Current,604.77,00,Approved,Success,38,Male,615
TXN0005678,2024-12-10,07:47:40,Itahari Branch,Sunsari,ATM,Cash Withdrawal,Credit Card,Savings,1500.0,00,Approved,Success,18,Male,1447
TXN0005679,2024-12-10,08:42:44,Pokhara Lakeside,Kaski,Branch Counter,Account Opening,N/A,Current,0.0,91,Issuer Unavailable,Reversed,30,Male,441
TXN0005680,2024-12-10,08:55:01,New Baneshwor,Kathmandu,Internet Banking,Statement Download,N/A,Savings,0.0,51,Insufficient Funds,Timeout,18,Female,519
TXN0005681,2024-12-10,09:40:55,Butwal Branch,Rupandehi,Mobile Banking,Balance Inquiry,N/A,Savings,0.0,00,Approved,Success,19,Female,365
TXN0005682,2024-12-10,09:41:49,New Baneshwor,Kathmandu,Branch Counter,Fund Transfer,N/A,Savings,64199.44,00,Approved,Success,36,Male,707
TXN0005683,2024-12-10,13:27:53,Nepalgunj Branch,Banke,Mobile Banking,Mobile Top-up,N/A,Savings,1000.0,00,Approved,Success,20,Male,602
TXN0005684,2024-12-10,14:22:53,Itahari Branch,Sunsari,POS,Refund,Credit Card,Current,9408.15,00,Approved,Success,29,Female,375
TXN0005685,2024-12-10,14:46:20,Itahari Branch,Sunsari,ATM,Balance Inquiry,Debit Card,Savings,0.0,00,Approved,Success,27,Male,942
TXN0005686,2024-12-10,17:08:01,Lalitpur Branch,Lalitpur,Internet Banking,Fund Transfer,N/A,Savings,73164.24,00,Approved,Success,50,Female,692
TXN0005687,2024-12-10,17:37:57,Bhaktapur Branch,Bhaktapur,Mobile Banking,QR Payment,N/A,Savings,3331.67,00,Approved,Success,23,Female,698
TXN0005688,2024-12-10,18:42:41,Dharan Branch,Sunsari,Internet Banking,Fund Transfer,N/A,Savings,48342.47,00,Approved,Success,36,Male,634
TXN0005689,2024-12-10,18:46:50,Pokhara Lakeside,Kaski,Mobile Banking,QR Payment,N/A,Savings,684.82,00,Approved,Success,34,Male,924
TXN0005690,2024-12-10,18:47:13,Dharan Branch,Sunsari,ATM,Mini Statement,Debit Card,Savings,0.0,00,Approved,Success,22,Female,1166
TXN0005691,2024-12-10,21:05:00,New Baneshwor,Kathmandu,ATM,PIN Change,Debit Card,Fixed Deposit,0.0,51,Insufficient Funds,Failed,18,Male,929
TXN0005692,2024-12-10,21:33:18,Bhaktapur Branch,Bhaktapur,ATM,Mini Statement,Debit Card,Savings,0.0,00,Approved,Success,43,Female,411
TXN0005693,2024-12-11,06:11:42,Lalitpur Branch,Lalitpur,POS,Purchase,Debit Card,Savings,11913.54,00,Approved,Success,41,Female,231
TXN0005694,2024-12-11,09:09:13,Nepalgunj Branch,Banke,Mobile Banking,QR Payment,N/A,Savings,1041.64,00,Approved,Success,57,Male,360
TXN0005695,2024-12-11,10:20:52,Dhangadhi Branch,Kailali,POS,Purchase,Debit Card,Current,9686.34,00,Approved,Success,49,Male,570
TXN0005696,2024-12-11,10:21:03,Birgunj Branch,Parsa,Mobile Banking,Mobile Top-up,N/A,Savings,1000.0,00,Approved,Success,,Male,1023
TXN0005697,2024-12-11,10:41:28,Lalitpur Branch,Lalitpur,Mobile Banking,Bill Payment,N/A,Savings,6959.63,00,Approved,Success,18,Female,743
TXN0005698,2024-12-11,10:44:23,Biratnagar Main,Morang,Internet Banking,Balance Inquiry,N/A,Fixed Deposit,0.0,00,Approved,Success,18,Male,851
TXN0005699,2024-12-11,13:18:36,Nepalgunj Branch,Banke,ATM,Balance Inquiry,Prepaid Card,Savings,0.0,00,Approved,Success,18,Female,1093
TXN0005700,2024-12-11,13:47:49,New Baneshwor,Kathmandu,Mobile Banking,Balance Inquiry,N/A,Current,0.0,00,Approved,Success,23,Female,719
TXN0005701,2024-12-11,15:21:02,New Baneshwor,Kathmandu,ATM,PIN Change,Debit Card,Savings,0.0,00,Approved,Success,40,Female,679
TXN0005702,2024-12-11,16:53:19,Janakpur Branch,Dhanusha,Internet Banking,Statement Download,N/A,Savings,0.0,00,Approved,Success,38,Male,1270
TXN0005703,2024-12-11,20:38:35,New Baneshwor,Kathmandu,Mobile Banking,Balance Inquiry,N/A,Savings,0.0,00,Approved,Success,44,Female,744
TXN0005704,2024-12-12,00:52:52,Kathmandu Main,Kathmandu,mobile banking,Fund Transfer,N/A,Savings,77422.92,00,Approved,Success,41,Male,381
TXN0005705,2024-12-12,08:35:34,Lalitpur Branch,Lalitpur,Mobile Banking,QR Payment,N/A,Savings,2158.7,00,Approved,Success,39,Female,751
TXN0005706,2024-12-12,10:48:32,Nepalgunj Branch,Banke,Mobile Banking,Balance Inquiry,N/A,Current,0.0,00,Approved,Success,31,Male,373
TXN0005707,2024-12-12,11:16:00,Nepalgunj Branch,Banke,ATM,PIN Change,Credit Card,Savings,0.0,00,Approved,Success,48,Female,1098
TXN0005708,2024-12-12,13:15:02,Butwal Branch,Rupandehi,Branch Counter,Fund Transfer,N/A,Savings,42868.25,00,Approved,Success,39,Female,593
TXN0005709,2024-12-12,14:30:09,Pokhara Lakeside,Kaski,Mobile Banking,Fund Transfer,N/A,Savings,46199.44,00,Approved,Success,30,Male,372
TXN0005710,2024-12-12,15:23:47,Itahari Branch,Sunsari,POS,Refund,Credit Card,Savings,3427.75,00,Approved,Success,18,Female,108
TXN0005711,2024-12-12,18:10:30,Lalitpur Branch,Lalitpur,Mobile Banking,QR Payment,N/A,Savings,4660.0,00,Approved,Success,,Female,450
TXN0005712,2024-12-12,18:27:23,Hetauda Branch,Makwanpur,Mobile Banking,Bill Payment,N/A,Savings,11418.66,00,Approved,Success,18,Male,1370
TXN0005713,2024-12-12,19:02:52,Butwal Branch,Rupandehi,ATM,PIN Change,Debit Card,Savings,0.0,00,Approved,Success,26,Female,1017
TXN0005714,2024-12-12,20:55:21,Bharatpur Branch,Chitwan,POS,Purchase,Debit Card,Savings,5543.81,00,Approved,Success,22,Female,804
TXN0005715,2024-12-12,21:55:15,Lalitpur Branch,Lalitpur,ATM,PIN Change,Debit Card,Fixed Deposit,0.0,00,Approved,Success,43,Male,300
TXN0005716,2024-12-12,23:34:11,Pokhara Lakeside,Kaski,Internet Banking,Fund Transfer,N/A,Savings,16425.25,00,Approved,Success,25,Female,658
TXN0005717,2024-12-13,02:11:31,Bhaktapur Branch,Bhaktapur,POS,Refund,Debit Card,Savings,1463.18,00,Approved,Success,31,Male,785
TXN0005718,2024-12-13,07:41:39,Dharan Branch,Sunsari,POS,Purchase,Debit Card,Savings,3171.94,00,Approved,Success,36,Male,784
TXN0005719,2024-12-13,08:26:39,Kathmandu Main,Kathmandu,POS,Purchase,Debit Card,Savings,2067.67,00,Approved,Success,39,Female,616
TXN0005720,2024-12-13,09:42:31,New Baneshwor,Kathmandu,ATM,Mini Statement,Debit Card,Savings,0.0,00,Approved,Success,21,Female,1141
TXN0005721,2024-12-13,10:04:48,Itahari Branch,Sunsari,POS,Refund,Debit Card,Current,9366.41,00,Approved,Success,48,Female,499
TXN0005722,2024-12-13,10:57:59,Dharan Branch,Sunsari,ATM,Mini Statement,Credit Card,Savings,0.0,00,Approved,Success,18,Male,1751
TXN0005723,2024-12-13,11:17:45,Pokhara Lakeside,Kaski,POS,Refund,Debit Card,Savings,1392.23,55,Incorrect PIN,Failed,36,Male,261
TXN0005724,2024-12-13,11:36:02,Dhangadhi Branch,Kailali,ATM,Cash Withdrawal,Debit Card,Savings,8000.0,00,Approved,Success,54,Female,1484
TXN0005725,2024-12-13,12:26:17,Janakpur Branch,Dhanusha,ATM,Mini Statement,Debit Card,Savings,0.0,55,Incorrect PIN,Timeout,26,Female,686
TXN0005726,2024-12-13,12:51:43,New Baneshwor,Kathmandu,ATM,PIN Change,Debit Card,Savings,0.0,00,Approved,Success,43,Male,1519
TXN0005727,2024-12-13,13:09:26,Lalitpur Branch,Lalitpur,POS,Purchase,Credit Card,Current,2397.06,00,Approved,Success,,Male,925
TXN0005728,2024-12-13,13:38:06,Itahari Branch,Sunsari,Branch Counter,Cash Withdrawal,N/A,Savings,3000.0,00,Approved,Success,47,Female,475
TXN0005729,2024-12-13,17:08:06,Hetauda Branch,Makwanpur,Mobile Banking,Mobile Top-up,N/A,Savings,200.0,00,Approved,Success,35,Male,429
TXN0005730,2024-12-13,17:17:48,Dharan Branch,Sunsari,ATM,Mini Statement,Credit Card,Current,0.0,00,Approved,Success,26,Female,1327
TXN0005731,2024-12-14,02:52:50,Dharan Branch,Sunsari,Mobile Banking,Fund Transfer,N/A,Current,33483.66,00,Approved,Success,34,Female,80
TXN0005732,2024-12-14,07:29:15,Lalitpur Branch,Lalitpur,POS,Refund,Debit Card,Savings,4115.72,00,Approved,Success,18,Female,574
TXN0005733,2024-12-14,08:39:38,Itahari Branch,Sunsari,Mobile Banking,Balance Inquiry,N/A,Savings,0.0,55,Incorrect PIN,Failed,39,Female,637
TXN0005734,2024-12-14,08:55:45,Lalitpur Branch,Lalitpur,ATM,Mini Statement,Debit Card,Current,0.0,00,Approved,Success,38,Female,1590
TXN0005735,2024-12-14,09:03:50,Lalitpur Branch,Lalitpur,Mobile Banking,Bill Payment,N/A,Savings,3342.81,55,Incorrect PIN,Reversed,24,Male,709
TXN0005736,2024-12-14,10:47:28,Nepalgunj Branch,Banke,POS,Purchase,Credit Card,Savings,2303.99,00,Approved,Success,20,Female,174
TXN0005737,2024-12-14,12:00:43,Nepalgunj Branch,Banke,ATM,PIN Change,Debit Card,Savings,0.0,00,Approved,Success,50,Female,850
TXN0005738,2024-12-14,13:09:18,Lalitpur Branch,Lalitpur,POS,Refund,Debit Card,Savings,4229.73,00,Approved,Success,44,Male,1118
TXN0005739,2024-12-14,13:20:44,Itahari Branch,Sunsari,ATM,PIN Change,Debit Card,Current,0.0,00,Approved,Success,46,Female,835
TXN0005740,2024-12-14,13:49:46,Dhangadhi Branch,Kailali,Mobile Banking,Mobile Top-up,N/A,Savings,200.0,00,Approved,Success,20,Female,731
TXN0005741,2024-12-14,15:35:29,New Baneshwor,Kathmandu,POS,Refund,Debit Card,Savings,9789.67,00,Approved,Success,62,Female,716
TXN0005742,2024-12-14,17:23:34,Itahari Branch,Sunsari,ATM,Cash Withdrawal,Debit Card,Savings,15000.0,00,Approved,Success,21,Male,1010
TXN0005743,2024-12-14,17:25:16,Dharan Branch,Sunsari,Mobile Banking,Balance Inquiry,N/A,Savings,0.0,00,Approved,Success,40,Male,495
TXN0005744,2024-12-14,20:07:58,Biratnagar Main,Morang,ATM,Mini Statement,Debit Card,Savings,0.0,00,Approved,Success,53,Male,611
TXN0005745,2024-12-14,22:23:02,Biratnagar Main,Morang,Internet Banking,Balance Inquiry,N/A,Savings,0.0,00,Approved,Success,28,Male,975
TXN0005746,2024-12-15,04:58:53,Nepalgunj Branch,Banke,ATM,Balance Inquiry,Debit Card,Savings,0.0,55,Incorrect PIN,Failed,23,Female,1484
TXN0005747,2024-12-15,08:59:03,Itahari Branch,Sunsari,Internet Banking,Bill Payment,N/A,Current,692.53,00,Approved,Success,,Female,470
TXN0005748,2024-12-15,10:32:19,Bhaktapur Branch,Bhaktapur,Internet Banking,Balance Inquiry,N/A,Savings,0.0,00,Approved,Success,35,Female,652
TXN0005749,2024-12-15,11:29:40,Nepalgunj Branch,Banke,ATM,PIN Change,Credit Card,Savings,0.0,00,Approved,Success,56,Male,908
TXN0005750,2024-12-15,12:24:54,Dhangadhi Branch,Kailali,ATM,Balance Inquiry,Debit Card,Current,0.0,00,Approved,Success,18,Female,597
TXN0005751,2024-12-15,12:56:35,Pokhara Lakeside,Kaski,POS,Refund,Debit Card,Savings,4515.51,00,Approved,Success,22,Female,372
TXN0005752,2024-12-15,13:23:55,Bhaktapur Branch,Bhaktapur,POS,Refund,Debit Card,Savings,3484.51,00,Approved,Success,31,Female,233
TXN0005753,2024-12-15,16:01:36,Lalitpur Branch,Lalitpur,Internet Banking,Balance Inquiry,N/A,Savings,0.0,00,Approved,Success,39,Male,374
TXN0005754,2024-12-15,17:24:24,Bharatpur Branch,Chitwan,Mobile Banking,Fund Transfer,N/A,Savings,58138.5,00,Approved,Success,30,Female,488
TXN0005755,2024-12-15,19:19:44,Kathmandu Main,Kathmandu,ATM,PIN Change,Debit Card,Savings,0.0,51,Insufficient Funds,Failed,31,Female,1150
TXN0005756,2024-12-16,01:33:18,Hetauda Branch,Makwanpur,Mobile Banking,Balance Inquiry,N/A,Savings,0.0,00,Approved,Success,24,Male,550
TXN0005757,2024-12-16,07:55:02,Biratnagar Main,Morang,Internet Banking,Statement Download,N/A,Savings,0.0,00,Approved,Success,41,Female,1001
TXN0005758,2024-12-16,08:01:51,Nepalgunj Branch,Banke,POS,Refund,Debit Card,Savings,4678.25,00,Approved,Success,18,Female,581
TXN0005759,2024-12-16,08:45:53,Butwal Branch,Rupandehi,ATM,Mini Statement,Debit Card,Savings,0.0,00,Approved,Success,25,Male,1780
TXN0005760,2024-12-16,09:33:48,Butwal Branch,Rupandehi,ATM,Cash Withdrawal,Debit Card,Savings,2500.0,00,Approved,Success,28,Female,380
TXN0005761,2024-12-16,09:38:51,Itahari Branch,Sunsari,Mobile Banking,Bill Payment,N/A,Current,651.15,00,Approved,Success,35,Female,895
TXN0005762,2024-12-16,11:58:31,New Baneshwor,Kathmandu,POS,Refund,Debit Card,Current,3847.65,00,Approved,Success,31,Female,245
TXN0005763,2024-12-16,12:42:53,Janakpur Branch,Dhanusha,Mobile Banking,QR Payment,N/A,Savings,3239.41,00,Approved,Success,35,Male,622
TXN0005764,2024-12-16,13:26:21,Lalitpur Branch,Lalitpur,Mobile Banking,QR Payment,N/A,Savings,882.39,00,Approved,Success,52,Male,622
TXN0005765,2024-12-16,13:29:41,Kathmandu Main,Kathmandu,ATM,Mini Statement,Debit Card,Savings,0.0,00,Approved,Success,22,Male,1533
TXN0005766,2024-12-16,15:35:30,Dhangadhi Branch,Kailali,Mobile Banking,Mobile Top-up,N/A,Current,500.0,00,Approved,Success,20,Male,398
TXN0005767,2024-12-16,16:28:27,Kathmandu Main,Kathmandu,POS,Refund,Debit Card,Savings,6555.28,00,Approved,Success,40,Female,936
TXN0005768,2024-12-16,18:48:08,Pokhara Lakeside,Kaski,ATM,PIN Change,Debit Card,Savings,0.0,00,Approved,Success,34,Male,1055
TXN0005769,2024-12-16,19:12:45,Nepalgunj Branch,Banke,Internet Banking,Fund Transfer,N/A,Savings,92182.17,00,Approved,Success,39,Male,800
TXN0005770,2024-12-16,23:30:13,Hetauda Branch,Makwanpur,Internet Banking,Statement Download,N/A,Savings,0.0,00,Approved,Success,32,Female,673
TXN0005771,2024-12-17,02:32:05,Birgunj Branch,Parsa,Internet Banking,Fund Transfer,N/A,Current,81370.32,00,Approved,Success,33,Male,1009
TXN0005772,2024-12-17,07:41:41,Hetauda Branch,Makwanpur,ATM,PIN Change,Debit Card,Savings,0.0,51,Insufficient Funds,Failed,46,Male,846
TXN0005773,2024-12-17,07:48:10,Pokhara Lakeside,Kaski,POS,Purchase,Credit Card,Savings,213.58,00,Approved,Success,18,Female,521
TXN0005774,2024-12-17,09:40:34,Birgunj Branch,Parsa,Internet Banking,Statement Download,N/A,Savings,0.0,00,Approved,Success,30,Female,94
TXN0005775,2024-12-17,10:06:54,Hetauda Branch,Makwanpur,ATM,Mini Statement,Debit Card,Savings,0.0,00,Approved,Success,41,Male,1001
TXN0005776,2024-12-17,11:09:15,Bhaktapur Branch,Bhaktapur,Internet Banking,Bill Payment,N/A,Savings,6986.63,14,Invalid Card,Failed,34,Female,763
TXN0005777,2024-12-17,11:20:07,Dharan Branch,Sunsari,ATM,Balance Inquiry,Debit Card,Savings,0.0,00,Approved,Success,22,Male,1351
TXN0005778,2024-12-17,11:45:02,Birgunj Branch,Parsa,ATM,PIN Change,Debit Card,Savings,0.0,00,Approved,Success,36,Female,1232
TXN0005779,2024-12-17,13:52:40,Bharatpur Branch,Chitwan,Mobile Banking,Bill Payment,N/A,Savings,10636.34,00,Approved,Success,47,Male,864
TXN0005780,2024-12-17,16:32:59,Dharan Branch,Sunsari,POS,Refund,Debit Card,Savings,1646.93,00,Approved,Success,30,Male,259
TXN0005781,2024-12-17,16:36:41,Birgunj Branch,Parsa,Mobile Banking,Fund Transfer,N/A,Savings,91230.76,00,Approved,Success,46,Female,1175
TXN0005782,2024-12-17,18:45:34,Janakpur Branch,Dhanusha,ATM,Balance Inquiry,Debit Card,Savings,0.0,00,Approved,Success,40,Female,1518
TXN0005783,2024-12-17,19:26:20,Bhaktapur Branch,Bhaktapur,POS,Purchase,Debit Card,Savings,340.97,00,Approved,Success,31,Female,824
TXN0005784,2024-12-17,23:20:43,Butwal Branch,Rupandehi,Branch Counter,Account Opening,N/A,Savings,0.0,00,Approved,Success,34,Male,311
TXN0005785,2024-12-18,03:09:18,Birgunj Branch,Parsa,ATM,Cash Withdrawal,Debit Card,Savings,2000.0,00,Approved,Success,35,Female,1475
TXN0005786,2024-12-18,03:49:43,Hetauda Branch,Makwanpur,ATM,Balance Inquiry,Credit Card,Current,0.0,00,Approved,Success,23,Female,722
TXN0005787,2024-12-18,08:21:59,Bharatpur Branch,Chitwan,Mobile Banking,Balance Inquiry,N/A,Savings,0.0,61,Exceeds Withdrawal Limit,Reversed,34,,80
TXN0005788,2024-12-18,08:40:46,Nepalgunj Branch,Banke,Mobile Banking,QR Payment,N/A,Savings,3295.18,96,System Malfunction,Timeout,18,Female,412
TXN0005789,2024-12-18,08:42:03,Pokhara Lakeside,Kaski,POS,Purchase,Debit Card,Current,1705.19,00,Approved,Success,28,Male,617
TXN0005790,2024-12-18,09:01:08,New Baneshwor,Kathmandu,POS,Refund,Debit Card,Current,2339.27,00,Approved,Success,29,Female,951
TXN0005791,2024-12-18,09:46:03,Bhaktapur Branch,Bhaktapur,ATM,Balance Inquiry,Debit Card,Current,0.0,00,Approved,Success,26,Female,1470
TXN0005792,2024-12-18,09:55:04,Butwal Branch,Rupandehi,POS,Refund,Credit Card,Savings,3106.22,00,Approved,Success,18,Female,187
TXN0005793,2024-12-18,11:00:28,Janakpur Branch,Dhanusha,ATM,PIN Change,Debit Card,Savings,0.0,00,Approved,Success,32,Female,1510
TXN0005794,2024-12-18,15:45:26,Butwal Branch,Rupandehi,ATM,Mini Statement,Prepaid Card,Savings,0.0,00,Approved,Success,51,Female,1407
TXN0005795,2024-12-18,17:34:48,Bharatpur Branch,Chitwan,Mobile Banking,Bill Payment,N/A,Savings,3462.71,00,Approved,Success,36,Female,516
TXN0005796,2024-12-18,18:54:11,Lalitpur Branch,Lalitpur,POS,Refund,Debit Card,Savings,8480.17,00,Approved,Success,38,Female,359
TXN0005797,2024-12-18,19:12:23,Lalitpur Branch,Lalitpur,Branch Counter,Cash Withdrawal,N/A,Savings,5000.0,00,Approved,Success,45,Male,365
TXN0005798,2024-12-19,06:40:25,Lalitpur Branch,Lalitpur,POS,Refund,Debit Card,Current,6187.03,00,Approved,Success,21,Male,259
TXN0005799,2024-12-19,07:51:01,Dharan Branch,Sunsari,Mobile Banking,Fund Transfer,N/A,Savings,69373.34,00,Approved,Success,48,Female,593
TXN0005800,2024-12-19,08:05:30,Nepalgunj Branch,Banke,ATM,Cash Withdrawal,Debit Card,Current,15000.0,00,Approved,Success,44,Female,1476
TXN0005801,2024-12-19,08:59:59,New Baneshwor,Kathmandu,POS,Refund,Credit Card,Savings,4282.43,00,Approved,Success,32,Female,917
TXN0005802,2024-12-19,09:01:19,Lalitpur Branch,Lalitpur,Mobile Banking,QR Payment,N/A,Savings,2345.71,00,Approved,Success,38,Female,1121
TXN0005803,2024-12-19,10:30:56,New Baneshwor,Kathmandu,POS,Purchase,Debit Card,Savings,7660.71,55,Incorrect PIN,Failed,36,Female,438
TXN0005804,2024-12-19,10:46:24,Hetauda Branch,Makwanpur,ATM,Mini Statement,Debit Card,Fixed Deposit,0.0,00,Approved,Success,18,Female,1578
TXN0005805,2024-12-19,11:27:42,New Baneshwor,Kathmandu,Internet Banking,Bill Payment,N/A,Savings,3828.52,00,Approved,Success,42,Male,180
TXN0005806,2024-12-19,12:09:24,Hetauda Branch,Makwanpur,ATM,Cash Withdrawal,Debit Card,Savings,1000.0,00,Approved,Success,29,Male,912
TXN0005807,2024-12-19,12:37:37,Dharan Branch,Sunsari,POS,Purchase,Debit Card,Savings,5988.09,00,Approved,Success,42,Male,876
TXN0005808,2024-12-19,14:25:06,Dharan Branch,Sunsari,Mobile Banking,Fund Transfer,N/A,Savings,80829.34,00,Approved,Success,49,Male,435
TXN0005809,2024-12-19,14:28:14,Bharatpur Branch,Chitwan,ATM,Balance Inquiry,Prepaid Card,Savings,0.0,00,Approved,Success,58,Male,871
TXN0005810,2024-12-19,15:54:45,Dhangadhi Branch,Kailali,ATM,Cash Withdrawal,Debit Card,Savings,2000.0,55,Incorrect PIN,Failed,49,Female,1419
TXN0005811,2024-12-19,16:31:23,Kathmandu Main,Kathmandu,Internet Banking,Bill Payment,N/A,Savings,699.38,00,Approved,Success,29,Male,1058
TXN0005812,2024-12-19,17:39:08,Bhaktapur Branch,Bhaktapur,Mobile Banking,Mobile Top-up,N/A,Savings,1000.0,00,Approved,Success,26,Female,691
TXN0005813,2024-12-19,17:53:28,Dhangadhi Branch,Kailali,ATM,Balance Inquiry,Debit Card,Savings,0.0,00,Approved,Success,49,Male,1025
TXN0005814,2024-12-19,22:13:25,Dhangadhi Branch,Kailali,POS,Refund,Debit Card,Current,9229.23,00,Approved,Success,45,Female,534
TXN0005815,2024-12-20,05:43:13,New Baneshwor,Kathmandu,Internet Banking,Fund Transfer,N/A,Savings,38951.42,00,Approved,Success,23,Male,690
TXN0005816,2024-12-20,07:07:19,Bhaktapur Branch,Bhaktapur,POS,Purchase,Debit Card,Savings,12805.73,00,Approved,Success,34,Female,453
TXN0005817,2024-12-20,07:27:29,Nepalgunj Branch,Banke,Branch Counter,Account Opening,N/A,Savings,0.0,51,Insufficient Funds,Failed,33,Female,736
TXN0005818,2024-12-20,09:54:20,Butwal Branch,Rupandehi,Internet Banking,Statement Download,N/A,Savings,0.0,00,Approved,Success,57,Male,358
TXN0005819,2024-12-20,09:58:44,Biratnagar Main,Morang,ATM,Balance Inquiry,Debit Card,Savings,0.0,00,Approved,Success,18,Male,829
TXN0005820,2024-12-20,10:37:23,Birgunj Branch,Parsa,ATM,Mini Statement,Debit Card,Current,0.0,00,Approved,Success,39,Female,767
TXN0005821,2024-12-20,12:14:35,Kathmandu Main,Kathmandu,POS,Purchase,Debit Card,Savings,14002.73,00,Approved,Success,19,Male,280
TXN0005822,2024-12-20,12:36:58,Butwal Branch,Rupandehi,Mobile Banking,Bill Payment,N/A,Fixed Deposit,909.18,00,Approved,Success,40,Male,839
TXN0005823,2024-12-20,12:57:02,Hetauda Branch,Makwanpur,Internet Banking,Fund Transfer,N/A,Savings,92233.54,00,Approved,Success,36,Female,348
TXN0005824,2024-12-20,14:10:36,Pokhara Lakeside,Kaski,Mobile Banking,QR Payment,N/A,Savings,2821.0,00,Approved,Success,45,Female,641
TXN0005825,2024-12-20,14:42:14,Kathmandu Main,Kathmandu,ATM,Mini Statement,Debit Card,Savings,0.0,00,Approved,Success,39,Male,1436
TXN0005826,2024-12-20,16:44:17,Birgunj Branch,Parsa,ATM,PIN Change,Debit Card,Savings,0.0,00,Approved,Success,40,Male,1474
TXN0005827,2024-12-20,17:01:41,Birgunj Branch,Parsa,POS,Refund,Debit Card,Savings,4679.42,00,Approved,Success,22,Male,554
TXN0005828,2024-12-20,17:50:37,Bharatpur Branch,Chitwan,Mobile Banking,Fund Transfer,N/A,Savings,39491.27,00,Approved,Success,21,Female,986
TXN0005829,2024-12-20,18:35:55,DHARAN BRANCH,Sunsari,Mobile Banking,Balance Inquiry,N/A,Fixed Deposit,0.0,96,System Malfunction,Reversed,37,Female,471
TXN0005830,2024-12-21,05:12:20,Dharan Branch,Sunsari,Mobile Banking,Bill Payment,N/A,Savings,2951.38,00,Approved,Success,23,Female,496
TXN0005831,2024-12-21,07:19:40,Butwal Branch,Rupandehi,ATM,PIN Change,Debit Card,Savings,0.0,00,Approved,Success,40,Female,776
TXN0005832,2024-12-21,08:54:53,Bharatpur Branch,Chitwan,ATM,Mini Statement,Debit Card,Savings,0.0,00,Approved,Success,38,Male,933
TXN0005833,2024-12-21,10:08:42,Butwal Branch,Rupandehi,ATM,Balance Inquiry,Debit Card,Savings,0.0,00,Approved,Success,26,Female,1141
TXN0005834,2024-12-21,10:45:11,Dhangadhi Branch,Kailali,Mobile Banking,Balance Inquiry,N/A,Current,0.0,00,Approved,Success,,Female,176
TXN0005835,2024-12-21,10:45:52,Birgunj Branch,Parsa,ATM,Cash Withdrawal,Debit Card,Savings,500.0,96,System Malfunction,Timeout,30,Male,1012
TXN0005836,2024-12-21,11:03:52,New Baneshwor,Kathmandu,Internet Banking,Bill Payment,N/A,Savings,769.42,00,Approved,Success,52,Female,672
TXN0005837,2024-12-21,11:12:17,Pokhara Lakeside,Kaski,Internet Banking,Fund Transfer,N/A,Fixed Deposit,52716.29,00,Approved,Success,40,Male,558
TXN0005838,2024-12-21,12:02:38,Dharan Branch,Sunsari,Internet Banking,Statement Download,N/A,Savings,0.0,00,Approved,Success,55,Male,404
TXN0005839,2024-12-21,13:07:11,Birgunj Branch,Parsa,Internet Banking,Fund Transfer,N/A,Savings,43026.96,00,Approved,Success,71,Female,666
TXN0005840,2024-12-21,15:52:33,Biratnagar Main,Morang,Mobile Banking,Balance Inquiry,N/A,Savings,0.0,00,Approved,Success,23,Female,914
TXN0005841,2024-12-21,15:54:24,Hetauda Branch,Makwanpur,ATM,PIN Change,Debit Card,Savings,0.0,00,Approved,Success,41,Female,1176
TXN0005842,2024-12-21,17:49:40,Bhaktapur Branch,Bhaktapur,ATM,Cash Withdrawal,Debit Card,Current,20000.0,00,Approved,Success,47,Male,1340
TXN0005843,2024-12-21,20:35:54,Dhangadhi Branch,Kailali,ATM,Mini Statement,Debit Card,Savings,0.0,00,Approved,Success,18,Male,1710
TXN0005844,2024-12-21,23:57:06,Butwal Branch,Rupandehi,ATM,Mini Statement,Debit Card,Savings,0.0,00,Approved,Success,40,Female,1344
TXN0005845,2024-12-22,01:46:29,Bharatpur Branch,Chitwan,ATM,PIN Change,Debit Card,Savings,0.0,00,Approved,Success,24,Male,1242
TXN0005846,2024-12-22,07:54:10,Dhangadhi Branch,Kailali,ATM,Cash Withdrawal,Debit Card,Savings,1500.0,00,Approved,Success,49,Female,885
TXN0005847,2024-12-22,08:02:34,Itahari Branch,Sunsari,ATM,PIN Change,Debit Card,Savings,0.0,00,Approved,Success,38,Male,1816
TXN0005848,2024-12-22,08:40:14,Lalitpur Branch,Lalitpur,ATM,Mini Statement,Debit Card,Fixed Deposit,0.0,00,Approved,Success,60,Female,1798
TXN0005849,2024-12-22,09:51:44,Hetauda Branch,Makwanpur,ATM,PIN Change,Debit Card,Savings,0.0,00,Approved,Success,50,Female,559
TXN0005850,2024-12-22,11:07:32,Janakpur Branch,Dhanusha,ATM,Cash Withdrawal,Debit Card,Savings,15000.0,00,Approved,Success,30,Male,1363
TXN0005851,2024-12-22,11:53:00,Hetauda Branch,Makwanpur,ATM,Balance Inquiry,Debit Card,Current,0.0,00,Approved,Success,48,Female,882
TXN0005852,2024-12-22,12:10:36,New Baneshwor,Kathmandu,Internet Banking,Statement Download,N/A,Savings,0.0,00,Approved,Success,18,Female,381
TXN0005853,2024-12-22,12:52:13,Itahari Branch,Sunsari,POS,Refund,Debit Card,Savings,1846.37,00,Approved,Success,44,Male,815
TXN0005854,2024-12-22,13:09:07,Biratnagar Main,Morang,ATM,PIN Change,Debit Card,Current,0.0,00,Approved,Success,63,Male,1825
TXN0005855,2024-12-22,13:38:25,Nepalgunj Branch,Banke,Mobile Banking,QR Payment,N/A,Savings,3799.75,00,Approved,Success,27,Female,664
TXN0005856,2024-12-22,14:28:13,Pokhara Lakeside,Kaski,POS,Refund,Credit Card,Savings,1768.71,00,Approved,Success,47,Male,619
TXN0005857,2024-12-22,15:32:35,Janakpur Branch,Dhanusha,ATM,Cash Withdrawal,Debit Card,Savings,5000.0,00,Approved,Success,38,Male,1140
TXN0005858,2024-12-22,16:09:59,Nepalgunj Branch,Banke,ATM,Cash Withdrawal,Debit Card,Fixed Deposit,500.0,00,Approved,Success,42,Male,1575
TXN0005859,2024-12-22,17:32:10,Biratnagar Main,Morang,Branch Counter,Cash Deposit,N/A,Savings,76010.98,51,Insufficient Funds,Timeout,52,Male,222
TXN0005860,2024-12-22,17:35:48,Bhaktapur Branch,Bhaktapur,ATM,Mini Statement,Debit Card,Savings,0.0,00,Approved,Success,18,Female,689
TXN0005861,2024-12-22,18:09:32,Lalitpur Branch,Lalitpur,ATM,Cash Withdrawal,Credit Card,Current,2000.0,00,Approved,Success,20,Female,1244
TXN0005862,2024-12-22,21:52:22,Hetauda Branch,Makwanpur,ATM,Mini Statement,Debit Card,Savings,0.0,61,Exceeds Withdrawal Limit,Reversed,36,Male,2089
TXN0005863,2024-12-23,06:29:39,Bharatpur Branch,Chitwan,ATM,Balance Inquiry,Debit Card,Savings,0.0,00,Approved,Success,35,Male,1074
TXN0005864,2024-12-23,08:16:38,Pokhara Lakeside,Kaski,ATM,Balance Inquiry,Debit Card,Savings,0.0,00,Approved,Success,19,Male,1669
TXN0005865,2024-12-23,09:28:24,Dharan Branch,Sunsari,ATM,Mini Statement,Debit Card,Savings,0.0,00,Approved,Success,36,Female,636
TXN0005866,2024-12-23,10:25:05,New Baneshwor,Kathmandu,Mobile Banking,Bill Payment,N/A,Current,6435.31,00,Approved,Success,28,Female,469
TXN0005866,2024-12-23,10:25:05,New Baneshwor,Kathmandu,Mobile Banking,Bill Payment,N/A,Current,6435.31,00,Approved,Success,28,Female,469
TXN0005867,2024-12-23,10:39:11,Lalitpur Branch,Lalitpur,POS,Refund,Debit Card,Savings,6190.35,00,Approved,Success,27,Female,1111
TXN0005868,2024-12-23,11:32:34,Bhaktapur Branch,Bhaktapur,ATM,PIN Change,Credit Card,Savings,0.0,00,Approved,Success,18,Male,1845
TXN0005869,2024-12-23,13:31:27,Itahari Branch,Sunsari,ATM,Cash Withdrawal,Debit Card,Savings,500.0,00,Approved,Success,37,Male,1951
TXN0005870,2024-12-23,13:38:10,Bharatpur Branch,Chitwan,Internet Banking,Statement Download,N/A,Savings,0.0,00,Approved,Success,43,Female,508
TXN0005871,2024-12-23,14:17:36,Hetauda Branch,Makwanpur,POS,Refund,Debit Card,Current,9452.12,00,Approved,Success,28,,80
TXN0005872,2024-12-23,14:51:17,Janakpur Branch,Dhanusha,ATM,Balance Inquiry,Debit Card,Savings,0.0,00,Approved,Success,26,Male,1558
TXN0005873,2024-12-23,15:01:58,Birgunj Branch,Parsa,Mobile Banking,Mobile Top-up,N/A,Current,200.0,00,Approved,Success,30,Female,171
TXN0005874,2024-12-23,16:14:27,Dharan Branch,Sunsari,ATM,Mini Statement,Credit Card,Savings,0.0,00,Approved,Success,39,Male,914
TXN0005875,2024-12-23,16:49:52,Bhaktapur Branch,Bhaktapur,Branch Counter,Fund Transfer,N/A,Current,21333.41,00,Approved,Success,24,Female,535
TXN0005876,2024-12-23,17:59:02,Dharan Branch,Sunsari,ATM,Balance Inquiry,Credit Card,Savings,0.0,55,Incorrect PIN,Reversed,31,Female,887
TXN0005877,2024-12-23,18:33:06,Itahari Branch,Sunsari,ATM,Cash Withdrawal,Debit Card,Savings,2000.0,00,Approved,Success,18,Male,1586
TXN0005878,2024-12-24,01:04:08,Janakpur Branch,Dhanusha,POS,Refund,Prepaid Card,Savings,3193.34,00,Approved,Success,45,Female,343
TXN0005879,2024-12-24,03:12:59,Pokhara Lakeside,Kaski,Mobile Banking,QR Payment,N/A,Savings,4281.62,00,Approved,Success,38,Female,701
TXN0005880,2024-12-24,07:21:22,Biratnagar Main,Morang,Mobile Banking,Mobile Top-up,N/A,Current,500.0,00,Approved,Success,31,Male,410
TXN0005881,2024-12-24,08:16:28,Bharatpur Branch,Chitwan,Internet Banking,Fund Transfer,N/A,Current,94827.32,00,Approved,Success,25,Male,871
TXN0005882,2024-12-24,08:16:37,New Baneshwor,Kathmandu,ATM,Mini Statement,Debit Card,Current,0.0,00,Approved,Success,40,Male,703
TXN0005883,2024-12-24,09:17:21,Nepalgunj Branch,Banke,ATM,PIN Change,Prepaid Card,Savings,0.0,00,Approved,Success,41,Female,1247
TXN0005884,2024-12-24,09:59:28,Kathmandu Main,Kathmandu,ATM,PIN Change,Debit Card,Savings,0.0,00,Approved,Success,39,Female,1081
TXN0005885,2024-12-24,10:38:57,Dharan Branch,Sunsari,ATM,PIN Change,Debit Card,Savings,0.0,00,Approved,Success,22,Male,1805
TXN0005886,2024-12-24,11:10:28,Biratnagar Main,Morang,Internet Banking,Balance Inquiry,N/A,Current,0.0,00,Approved,Success,29,Female,302
TXN0005887,2024-12-24,12:56:39,Birgunj Branch,Parsa,Internet Banking,Fund Transfer,N/A,Savings,21852.58,00,Approved,Success,45,Female,1068
TXN0005888,2024-12-24,13:01:41,Pokhara Lakeside,Kaski,Mobile Banking,Mobile Top-up,N/A,Savings,500.0,00,Approved,Success,34,Female,906
TXN0005889,2024-12-24,13:03:24,Kathmandu Main,Kathmandu,ATM,Cash Withdrawal,Debit Card,Savings,15000.0,00,Approved,Success,27,Male,848
TXN0005890,2024-12-24,13:45:13,Nepalgunj Branch,Banke,ATM,Mini Statement,Debit Card,Savings,0.0,00,Approved,Success,36,Male,1315
TXN0005891,2024-12-24,14:39:12,Janakpur Branch,Dhanusha,ATM,PIN Change,Debit Card,Savings,0.0,00,Approved,Success,18,Male,1523
TXN0005892,2024-12-24,14:50:34,Itahari Branch,Sunsari,ATM,Cash Withdrawal,Debit Card,Current,5000.0,51,Insufficient Funds,Reversed,26,Male,870
TXN0005893,2024-12-24,17:17:02,Dhangadhi Branch,Kailali,POS,Purchase,Debit Card,Savings,12420.35,00,Approved,Success,27,Female,274
TXN0005894,2024-12-24,20:55:21,Bhaktapur Branch,Bhaktapur,Mobile Banking,Bill Payment,N/A,Savings,1866.47,00,Approved,Success,19,Male,423
TXN0005895,2024-12-24,21:22:01,Lalitpur Branch,Lalitpur,Mobile Banking,Fund Transfer,N/A,Savings,58476.3,00,Approved,Success,50,Male,865
TXN0005896,2024-12-24,22:00:43,Nepalgunj Branch,Banke,Internet Banking,Fund Transfer,N/A,Savings,70962.07,00,Approved,Success,58,Male,467
TXN0005897,2024-12-24,22:52:20,Birgunj Branch,Parsa,Mobile Banking,Bill Payment,N/A,Savings,8328.36,00,Approved,Success,18,Male,565
TXN0005898,2024-12-25,02:39:44,Lalitpur Branch,Lalitpur,Internet Banking,Fund Transfer,N/A,Savings,65154.54,55,Incorrect PIN,Failed,18,Female,851
TXN0005899,2024-12-25,08:53:56,Hetauda Branch,Makwanpur,POS,Refund,Credit Card,Savings,1608.75,00,Approved,Success,25,Female,531
TXN0005900,2024-12-25,09:30:40,Hetauda Branch,Makwanpur,ATM,Mini Statement,Credit Card,Savings,0.0,00,Approved,Success,33,Male,1757
TXN0005901,2024-12-25,09:51:56,Bharatpur Branch,Chitwan,Branch Counter,Cash Deposit,N/A,Savings,177534.63,00,Approved,Success,18,Female,1073
TXN0005902,2024-12-25,10:08:17,Bhaktapur Branch,Bhaktapur,ATM,PIN Change,Debit Card,Savings,0.0,00,Approved,Success,28,Female,1098
TXN0005903,2024-12-25,10:20:42,Janakpur Branch,Dhanusha,ATM,Balance Inquiry,Debit Card,Savings,0.0,00,Approved,Success,23,Male,1319
TXN0005904,2024-12-25,10:32:12,Butwal Branch,Rupandehi,ATM,Mini Statement,Debit Card,Savings,0.0,00,Approved,Success,33,Male,1367
TXN0005905,2024-12-25,10:34:46,Butwal Branch,Rupandehi,ATM,Mini Statement,Debit Card,Savings,0.0,00,Approved,Success,42,Female,1316
TXN0005906,2024-12-25,12:08:05,Dharan Branch,Sunsari,Mobile Banking,Mobile Top-up,N/A,Savings,100.0,00,Approved,Success,29,Male,437
TXN0005907,2024-12-25,12:24:42,Janakpur Branch,Dhanusha,POS,Purchase,Debit Card,Savings,10919.59,00,Approved,Success,58,Female,345
TXN0005908,2024-12-25,12:27:57,Kathmandu Main,Kathmandu,Mobile Banking,Balance Inquiry,N/A,Savings,0.0,00,Approved,Success,18,Female,694
TXN0005909,2024-12-25,12:28:31,Birgunj Branch,Parsa,ATM,Mini Statement,Debit Card,Savings,0.0,00,Approved,Success,25,Female,1830
TXN0005910,2024-12-25,13:08:27,Bhaktapur Branch,Bhaktapur,POS,Refund,Debit Card,Savings,448.26,00,Approved,Success,29,Male,753
TXN0005911,2024-12-25,14:04:10,Lalitpur Branch,Lalitpur,Mobile Banking,QR Payment,N/A,Fixed Deposit,2353.17,00,Approved,Success,50,Female,713
TXN0005912,2024-12-25,14:07:51,Itahari Branch,Sunsari,ATM,Cash Withdrawal,Credit Card,Savings,1000.0,00,Approved,Success,48,Female,1383
TXN0005913,2024-12-25,14:23:53,Birgunj Branch,Parsa,ATM,Cash Withdrawal,Debit Card,Savings,3000.0,00,Approved,Success,59,Male,1216
TXN0005914,2024-12-25,14:35:33,Itahari Branch,Sunsari,branch counter,Cash Withdrawal,N/A,Savings,5000.0,00,Approved,Success,42,Female,811
TXN0005915,2024-12-25,14:56:01,Hetauda Branch,Makwanpur,POS,Purchase,Debit Card,Savings,11076.08,00,Approved,Success,49,Male,764
TXN0005916,2024-12-25,15:35:14,Dhangadhi Branch,Kailali,Internet Banking,Balance Inquiry,N/A,Savings,0.0,00,Approved,Success,18,Female,712
TXN0005917,2024-12-25,15:38:07,Kathmandu Main,Kathmandu,Internet Banking,Statement Download,N/A,Savings,0.0,00,Approved,Success,18,Male,645
TXN0005918,2024-12-25,17:45:58,Pokhara Lakeside,Kaski,Mobile Banking,Balance Inquiry,N/A,Savings,0.0,00,Approved,Success,39,Female,784
TXN0005919,2024-12-25,19:45:17,Bharatpur Branch,Chitwan,Internet Banking,Fund Transfer,N/A,Savings,30665.65,00,Approved,Success,37,Female,613
TXN0005920,2024-12-25,22:16:57,Pokhara Lakeside,Kaski,Mobile Banking,Bill Payment,N/A,Current,9368.41,00,Approved,Success,36,Male,729
TXN0005921,2024-12-26,01:28:39,Dhangadhi Branch,Kailali,ATM,PIN Change,Debit Card,Current,0.0,00,Approved,Success,54,Male,1080
TXN0005922,2024-12-26,06:29:37,Nepalgunj Branch,Banke,Internet Banking,Balance Inquiry,N/A,Savings,0.0,00,Approved,Success,31,Male,781
TXN0005923,2024-12-26,08:37:58,Pokhara Lakeside,Kaski,ATM,Mini Statement,Debit Card,Savings,0.0,00,Approved,Success,48,Female,1605
TXN0005924,2024-12-26,08:41:07,Bharatpur Branch,Chitwan,atm,PIN Change,Debit Card,Savings,0.0,91,Issuer Unavailable,Reversed,36,Female,925
TXN0005925,2024-12-26,08:55:27,Dhangadhi Branch,Kailali,ATM,Mini Statement,Debit Card,Current,0.0,00,Approved,Success,26,Female,1684
TXN0005926,2024-12-26,09:21:14,Dharan Branch,Sunsari,Mobile Banking,Mobile Top-up,N/A,Savings,50.0,00,Approved,Success,44,Male,731
TXN0005927,2024-12-26,11:47:52,Lalitpur Branch,Lalitpur,Branch Counter,Cash Withdrawal,N/A,Savings,2500.0,00,Approved,Success,50,Female,673
TXN0005928,2024-12-26,12:38:28,New Baneshwor,Kathmandu,ATM,Mini Statement,Debit Card,Savings,0.0,00,Approved,Success,41,Female,1591
TXN0005929,2024-12-26,13:49:22,Janakpur Branch,Dhanusha,ATM,Mini Statement,Debit Card,Savings,0.0,00,Approved,Success,52,Male,1334
TXN0005930,2024-12-26,13:59:01,New Baneshwor,Kathmandu,POS,Purchase,Debit Card,Current,4329.03,00,Approved,Success,42,Female,448
TXN0005931,2024-12-26,20:32:04,Itahari Branch,Sunsari,Mobile Banking,QR Payment,N/A,Savings,610.26,00,Approved,Success,36,Female,543
TXN0005932,2024-12-27,07:56:55,Biratnagar Main,Morang,Internet Banking,Statement Download,N/A,Savings,0.0,00,Approved,Success,18,Male,342
TXN0005933,2024-12-27,08:13:47,Birgunj Branch,Parsa,Branch Counter,Cash Deposit,N/A,Savings,62921.11,00,Approved,Success,18,Female,865
TXN0005934,2024-12-27,11:43:39,Bharatpur Branch,Chitwan,ATM,Cash Withdrawal,Debit Card,Savings,1000.0,00,Approved,Success,29,Male,1331
TXN0005935,2024-12-27,12:30:44,New Baneshwor,Kathmandu,ATM,PIN Change,Credit Card,Savings,0.0,00,Approved,Success,33,Female,1013
TXN0005936,2024-12-27,13:58:11,Pokhara Lakeside,Kaski,ATM,Mini Statement,Debit Card,Savings,0.0,00,Approved,Success,48,Female,1158
TXN0005937,2024-12-27,14:40:36,Kathmandu Main,Kathmandu,Mobile Banking,Fund Transfer,N/A,Savings,75623.08,00,Approved,Success,32,Male,651
TXN0005938,2024-12-27,15:53:19,  Butwal Branch  ,Rupandehi,ATM,Cash Withdrawal,Debit Card,Savings,1500.0,00,Approved,Success,29,Female,988
TXN0005939,2024-12-27,15:53:27,Birgunj Branch,Parsa,POS,Refund,Credit Card,Savings,8844.53,00,Approved,Success,62,Female,433
TXN0005940,2024-12-27,18:00:38,Lalitpur Branch,Lalitpur,Mobile Banking,Balance Inquiry,N/A,Savings,0.0,00,Approved,Success,18,Female,806
TXN0005941,2024-12-28,01:42:33,  Birgunj Branch  ,Parsa,ATM,Cash Withdrawal,Debit Card,Savings,500.0,00,Approved,Success,18,Female,832
TXN0005942,2024-12-28,08:26:55,Pokhara Lakeside,Kaski,ATM,Balance Inquiry,Prepaid Card,Savings,0.0,00,Approved,Success,25,Male,1170
TXN0005943,2024-12-28,08:48:51,Lalitpur Branch,Lalitpur,ATM,Mini Statement,Debit Card,Savings,0.0,91,Issuer Unavailable,Failed,46,Male,1210
TXN0005944,2024-12-28,09:38:44,Butwal Branch,Rupandehi,Internet Banking,Fund Transfer,N/A,Savings,3999.7,00,Approved,Success,18,Female,367
TXN0005945,2024-12-28,13:12:48,Dhangadhi Branch,Kailali,ATM,Cash Withdrawal,Debit Card,Savings,1000.0,61,Exceeds Withdrawal Limit,Failed,41,Male,1537
TXN0005946,2024-12-28,15:37:30,Janakpur Branch,Dhanusha,ATM,Mini Statement,Debit Card,Savings,0.0,00,Approved,Success,42,Male,399
TXN0005947,2024-12-28,16:21:45,Lalitpur Branch,Lalitpur,ATM,Balance Inquiry,Debit Card,Current,0.0,00,Approved,Success,18,Female,1097
TXN0005948,2024-12-28,16:28:25,Itahari Branch,Sunsari,Mobile Banking,Mobile Top-up,N/A,Savings,50.0,51,Insufficient Funds,Failed,45,Male,643
TXN0005949,2024-12-28,17:53:17,Bharatpur Branch,Chitwan,Branch Counter,Account Opening,N/A,Savings,0.0,00,Approved,Success,41,Female,1018
TXN0005950,2024-12-28,18:44:59,Nepalgunj Branch,Banke,Mobile Banking,Mobile Top-up,N/A,Current,100.0,00,Approved,Success,32,Female,687
TXN0005951,2024-12-29,01:20:48,HETAUDA BRANCH,Makwanpur,ATM,Mini Statement,Debit Card,Savings,0.0,00,Approved,Success,18,Female,1710
TXN0005952,2024-12-29,07:44:26,Dhangadhi Branch,Kailali,ATM,PIN Change,Credit Card,Savings,0.0,00,Approved,Success,55,Male,1033
TXN0005953,2024-12-29,08:24:19,New Baneshwor,Kathmandu,ATM,Mini Statement,Debit Card,Savings,0.0,00,Approved,Success,45,Female,1268
TXN0005954,2024-12-29,10:44:45,Dharan Branch,Sunsari,ATM,PIN Change,Debit Card,Savings,0.0,00,Approved,Success,34,Female,1147
TXN0005955,2024-12-29,13:44:48,Bhaktapur Branch,Bhaktapur,POS,Refund,Debit Card,Savings,6866.76,00,Approved,Success,28,Male,816
TXN0005956,2024-12-29,14:13:12,Birgunj Branch,Parsa,ATM,PIN Change,Debit Card,Current,0.0,00,Approved,Success,59,Male,823
TXN0005957,2024-12-29,14:22:54,Itahari Branch,Sunsari,POS,Purchase,Debit Card,Current,8601.1,00,Approved,Success,31,Female,460
TXN0005958,2024-12-29,14:49:28,Dhangadhi Branch,Kailali,POS,Purchase,Credit Card,Savings,11316.06,00,Approved,Success,18,Female,318
TXN0005959,2024-12-29,14:54:52,Hetauda Branch,Makwanpur,ATM,Mini Statement,Debit Card,Savings,0.0,00,Approved,Success,27,Male,876
TXN0005960,2024-12-29,15:36:48,Bharatpur Branch,Chitwan,ATM,PIN Change,Debit Card,Current,0.0,00,Approved,Success,36,Female,1167
TXN0005961,2024-12-29,16:23:18,Butwal Branch,Rupandehi,ATM,PIN Change,Credit Card,Savings,0.0,00,Approved,Success,20,Male,1082
TXN0005962,2024-12-29,18:41:52,Pokhara Lakeside,Kaski,ATM,PIN Change,Debit Card,Savings,0.0,14,Invalid Card,Reversed,34,Male,1559
TXN0005963,2024-12-29,22:58:58,Birgunj Branch,Parsa,ATM,PIN Change,Debit Card,Fixed Deposit,0.0,00,Approved,Success,51,Female,512
TXN0005964,2024-12-30,00:43:18,Janakpur Branch,Dhanusha,Branch Counter,Cash Withdrawal,N/A,Savings,8000.0,00,Approved,Success,34,Female,471
TXN0005965,2024-12-30,01:13:46,Dharan Branch,Sunsari,Mobile Banking,Fund Transfer,N/A,Savings,30064.65,00,Approved,Success,34,Male,568
TXN0005966,2024-12-30,07:05:11,Itahari Branch,Sunsari,Mobile Banking,Bill Payment,N/A,Savings,4520.19,00,Approved,Success,47,Female,504
TXN0005967,2024-12-30,07:44:13,Kathmandu Main,Kathmandu,Mobile Banking,Mobile Top-up,N/A,Savings,1000.0,00,Approved,Success,41,Female,645
TXN0005968,2024-12-30,08:28:06,Janakpur Branch,Dhanusha,ATM,Cash Withdrawal,Debit Card,Savings,8000.0,00,Approved,Success,18,Female,1684
TXN0005969,2024-12-30,10:07:11,Dhangadhi Branch,Kailali,ATM,Balance Inquiry,Prepaid Card,Savings,0.0,00,Approved,Success,59,Female,1908
TXN0005970,2024-12-30,10:34:35,New Baneshwor,Kathmandu,POS,Purchase,Debit Card,Savings,11732.03,00,Approved,Success,45,Male,923
TXN0005971,2024-12-30,11:08:13,Kathmandu Main,Kathmandu,Mobile Banking,Bill Payment,N/A,Savings,583.15,00,Approved,Success,18,Male,472
TXN0005972,2024-12-30,11:23:42,Pokhara Lakeside,Kaski,Branch Counter,Cash Withdrawal,N/A,Savings,2500.0,00,Approved,Success,40,Female,841
TXN0005973,2024-12-30,11:24:38,Itahari Branch,Sunsari,ATM,Mini Statement,Debit Card,Savings,0.0,00,Approved,Success,27,Male,1040
TXN0005974,2024-12-30,12:08:09,Pokhara Lakeside,Kaski,Internet Banking,Bill Payment,N/A,Savings,6974.59,00,Approved,Success,46,Male,442
TXN0005975,2024-12-30,15:20:38,Butwal Branch,Rupandehi,ATM,Mini Statement,Debit Card,Savings,0.0,00,Approved,Success,22,Female,1761
TXN0005976,2024-12-30,15:33:50,Bharatpur Branch,Chitwan,POS,Purchase,Debit Card,Savings,10958.52,14,Invalid Card,Timeout,,Male,124
TXN0005977,2024-12-30,16:28:05,Dharan Branch,Sunsari,ATM,Cash Withdrawal,Debit Card,Savings,1000.0,00,Approved,Success,18,Female,1453
TXN0005978,2024-12-30,17:40:48,Bhaktapur Branch,Bhaktapur,Mobile Banking,Fund Transfer,N/A,Current,19493.47,00,Approved,Success,35,Male,710
TXN0005979,2024-12-30,18:26:04,Biratnagar Main,Morang,Mobile Banking,Bill Payment,N/A,Savings,9950.64,00,Approved,Success,25,Male,583
TXN0005980,2024-12-30,19:00:25,Itahari Branch,Sunsari,ATM,Cash Withdrawal,Debit Card,Savings,3000.0,00,Approved,Success,42,Male,1163
TXN0005981,2024-12-30,20:11:56,Biratnagar Main,Morang,ATM,PIN Change,Debit Card,Savings,0.0,00,Approved,Success,49,Female,784
TXN0005982,2024-12-30,21:14:02,Birgunj Branch,Parsa,ATM,PIN Change,Debit Card,Current,0.0,00,Approved,Success,40,Male,1515
TXN0005983,2024-12-31,08:15:03,Dhangadhi Branch,Kailali,ATM,PIN Change,Debit Card,Savings,0.0,00,Approved,Success,39,Female,1572
TXN0005984,2024-12-31,09:08:51,Pokhara Lakeside,Kaski,ATM,Balance Inquiry,Credit Card,Savings,0.0,00,Approved,Success,18,Female,1505
TXN0005985,2024-12-31,09:25:36,Dharan Branch,Sunsari,POS,Refund,Debit Card,Current,6082.28,51,Insufficient Funds,Timeout,19,Female,508
TXN0005986,2024-12-31,10:28:32,Janakpur Branch,Dhanusha,POS,Purchase,Debit Card,Current,301.35,00,Approved,Success,41,Female,1177
TXN0005987,2024-12-31,10:57:14,Dharan Branch,Sunsari,Mobile Banking,Fund Transfer,N/A,Savings,79386.2,00,Approved,Success,32,Male,309
TXN0005988,2024-12-31,11:57:12,Birgunj Branch,Parsa,ATM,Balance Inquiry,Debit Card,Current,0.0,00,Approved,Success,19,Male,1406
TXN0005989,2024-12-31,12:05:09,Dhangadhi Branch,Kailali,atm,PIN Change,Credit Card,Savings,0.0,00,Approved,Success,40,Male,1685
TXN0005990,2024-12-31,12:11:20,Birgunj Branch,Parsa,Mobile Banking,Fund Transfer,N/A,Savings,34391.41,00,Approved,Success,,Female,682
TXN0005991,2024-12-31,12:14:46,Pokhara Lakeside,Kaski,Branch Counter,Account Opening,N/A,Savings,0.0,00,Approved,Success,18,Female,631
TXN0005992,2024-12-31,13:50:42,Bhaktapur Branch,Bhaktapur,ATM,Mini Statement,Debit Card,Savings,0.0,00,Approved,Success,42,Female,527
TXN0005993,2024-12-31,16:00:17,Bharatpur Branch,Chitwan,Internet Banking,Fund Transfer,N/A,Savings,31563.31,00,Approved,Success,34,Male,1132
TXN0005994,2024-12-31,16:35:32,Itahari Branch,Sunsari,Mobile Banking,QR Payment,N/A,Savings,4820.09,00,Approved,Success,43,Female,209
TXN0005995,2024-12-31,16:58:26,New Baneshwor,Kathmandu,Internet Banking,Statement Download,N/A,Savings,0.0,00,Approved,Success,21,Male,684
TXN0005996,2024-12-31,17:47:21,Kathmandu Main,Kathmandu,Mobile Banking,Balance Inquiry,N/A,Savings,0.0,00,Approved,Success,38,Female,401
TXN0005997,2024-12-31,18:22:58,Dhangadhi Branch,Kailali,ATM,Cash Withdrawal,Debit Card,Savings,3000.0,00,Approved,Success,18,Female,970
TXN0005998,2024-12-31,19:45:09,Birgunj Branch,Parsa,Mobile Banking,Fund Transfer,N/A,Savings,86174.23,00,Approved,Success,33,Male,435
TXN0005999,2024-12-31,21:00:21,New Baneshwor,Kathmandu,ATM,Cash Withdrawal,Debit Card,Savings,1000.0,00,Approved,Success,41,Male,901
TXN0006000,2024-12-31,22:32:17,Butwal Branch,Rupandehi,Mobile Banking,QR Payment,N/A,Savings,4014.87,55,Incorrect PIN,Reversed,18,Female,651
